tree
version=v4
num_class=1
num_tree_per_iteration=1
label_index=0
max_feature_idx=53
objective=binary sigmoid:1
feature_names=Column_0 Column_1 Column_2 Column_3 Column_4 Column_5 Column_6 Column_7 Column_8 Column_9 Column_10 Column_11 Column_12 Column_13 Column_14 Column_15 Column_16 Column_17 Column_18 Column_19 Column_20 Column_21 Column_22 Column_23 Column_24 Column_25 Column_26 Column_27 Column_28 Column_29 Column_30 Column_31 Column_32 Column_33 Column_34 Column_35 Column_36 Column_37 Column_38 Column_39 Column_40 Column_41 Column_42 Column_43 Column_44 Column_45 Column_46 Column_47 Column_48 Column_49 Column_50 Column_51 Column_52 Column_53
feature_infos=[4:9] [0.3010299956639812:2.4149733479708178] [0.5:1] [0.69897000433601886:7.6642803641984871] [0:7.4508826081954718] [0:7.2533473115367242] [0:5.8526641637573791] [0.3010299956639812:7.5934177833038046] [0:7.2173721263296029] [0.30102981186002231:2.3650311693634514] [0.0063651507427905625:1] [0:0.34714306956379448] [0:1] [0:1] [0:1] [0:0.17647058823529413] [0:1] [0:128.08262253585949] [0:2.4099331233312946] [0:1] [0:6.8668976932939145] [0:6.5622081085035999] [0:16.241277985032827] [0:12.554864183183829] [0:0.99999177443350884] [0:128] [0:64.5] [0:128] [0:128] [0:64.250980392156862] [0:1] [0:124] [0:9] [0:14.024425375131599] [0:128] [0:1] [0.69897000433601886:14.43321456842385] [0:4.5137634554687489] [0:1] [0:255] [0:2.4082399653118496] [3.3115419584011949:10.837079843909644] [3.6124659639531425:10.843813226568514] [0:2.5854607295085006] [0:2.5831987739686229] [0:3.9838967913263059] [0:4.5137634554687489] [0:5.296586220449166] [0:5.296586220449166] [0:6.3156859678193067] [0:9.3259857147225667] [2.1789769472931693:8.3391708322133127] none [0:1]
tree_sizes=863 865 862 866 863 870 874 871 873 867 880 876 876 875 875 878 867 874 874 876 872 875 877 878 868 874 874 875 877 885 870 868 874 880 876 871 880 878 884 877 877 875 876 878 882 881 880 885 881 880 881 880 876 883 883 887 880 877 887 877 882 888 882 882 884 886 884 884 884 888 885 894 889 895 892 890 891 890 891 894 892 893 896 891 896 888 888 893 897 892 897 886 890 888 885 890 892 897 897 893 892 896 900 891 896 892 895 897 899 893 897 896 898 897 901 895 897 906 900 900 893 905 907 904 906 907 915 906 905 911 901 912 907 910 911 909 910 914 905 913 911 907 916 910 910 915 914 910 911 911 909 909 915 906 916 917 909 912 910 913 916 915 917 918 915 919 914 915 916 917 917 917 915 919 919 917 918 923 914 916 920 920 920 918 913 921 926 921 916 918 922 925 918 919 925 923 920 922 925 925

Tree=0
num_leaves=7
num_cat=0
split_feature=36 50 3 22 1 3
split_gain=482.672 377.791 172.407 18.4269 7.10543e-15 3.55271e-15
threshold=12.784524258890857 7.2301046378125262 6.5649548293698308 14.576729518387848 1.7402908934145846 2.7500152670919378
decision_type=2 2 2 2 2 2
left_child=1 2 3 4 5 -1
right_child=-2 -3 -4 -5 -6 -7
leaf_value=-3.8435471820757581 -2.0396402859733853 -1.9107897933946443 -2.5946885616971924 -3.379685408792291 -3.8435471820757581 -3.8435471820757581
leaf_weight=6.747699987143295 0.38804664462804694 0.2586977630853643 0.28025591000914474 0.21558146923780341 8.6448169164359552 15.73744725435972
leaf_count=313 18 12 13 10 401 730
internal_value=-3.79242 -3.81375 -3.82932 -3.84036 -3.84355 -3.84355
internal_weight=32.2725 31.8845 31.6258 31.3455 31.13 22.4851
internal_count=1497 1479 1467 1454 1444 1043
is_linear=0
shrinkage=1


Tree=1
num_leaves=7
num_cat=0
split_feature=21 22 13 34 22 49
split_gain=128.075 37.0136 41.4439 26.5824 6.22691 4.17298
threshold=4.2516912775733315 14.231218976625673 0.036090463361351001 45.729491477272738 15.015177995119828 4.2198340114362667
decision_type=2 2 2 2 2 2
left_child=3 2 -2 5 -3 -1
right_child=1 4 -4 -5 -6 -7
leaf_value=-0.051130851591023409 0.33034120582802351 0.32425035225102911 -0.023642492699289981 0.29492261198376818 0.52873665101799083 0.16526153219940748
leaf_weight=28.3499259389937 1.5517676249146455 0.6581582538783548 1.7700271084904668 0.57164815068244834 0.8571416437625885 0.22455792129039664
leaf_count=1368 18 9 74 12 14 2
internal_value=-0.00313325 0.235136 0.14172 -0.0426764 0.43992 -0.0494303
internal_weight=33.9832 4.83709 3.32179 29.1461 1.5153 28.5745
internal_count=1497 115 92 1382 23 1370
is_linear=0
shrinkage=0.05


Tree=2
num_leaves=7
num_cat=0
split_feature=3 42 27 19 3 35
split_gain=100.309 22.1697 27.1185 13.2212 8.98688 17.7646
threshold=4.6837965097387615 9.7694604973534211 1.0000000180025095e-35 0.12338354583375048 6.045179705448029 0.93744266621899219
decision_type=2 2 2 2 2 2
left_child=-1 2 3 -2 5 -3
right_child=1 4 -4 -5 -6 -7
leaf_value=-0.049196700333482446 0.028413804988949895 0.04594207809753223 -0.031171134693298481 0.30748548837901529 0.38073203785998194 0.3350703691935758
leaf_weight=26.368998344987631 0.6162278950214376 0.99327744171023447 2.3258845023810863 1.363388020545244 1.0244324840605257 1.1421811655163763
leaf_count=1337 20 18 91 13 9 9
internal_value=-0.00338881 0.158412 0.0845967 0.220614 0.258989 0.200587
internal_weight=33.8344 7.46539 4.3055 1.97962 3.15989 2.13546
internal_count=1497 160 124 33 36 27
is_linear=0
shrinkage=0.05


Tree=3
num_leaves=7
num_cat=0
split_feature=3 22 49 7 41 6
split_gain=83.8596 15.6715 15.3563 9.09514 10.2716 3.76676
threshold=4.6837965097387615 14.231218976625673 4.2198340114362667 6.1877265799694348 10.025402177809672 3.8022008345821181
decision_type=2 2 2 2 2 2
left_child=5 2 3 4 -2 -1
right_child=1 -3 -4 -5 -6 -7
leaf_value=-0.050969981946987181 -0.051652748772299209 0.2263417489048484 0.21030715686652923 0.21304353303543594 0.1714813127697106 0.1462911564008629
leaf_weight=24.909958321601156 2.5174352824687949 2.9607771802693605 1.6445633769035337 0.55769278109073628 0.64865202456712712 0.24437950551509757
leaf_count=1335 111 28 10 6 5 2
internal_value=-0.00352074 0.13399 0.0830564 0.0268577 -0.00593817 -0.0490535
internal_weight=33.4835 8.32912 5.36834 3.72378 3.16609 25.1543
internal_count=1497 160 132 122 116 1337
is_linear=0
shrinkage=0.05


Tree=4
num_leaves=7
num_cat=0
split_feature=3 13 41 22 28 32
split_gain=72.1405 12.3555 14.8404 6.5065 6.354 10.8463
threshold=4.6837965097387615 0.21969627129285277 10.025402177809672 15.015177995119828 1.0000000180025095e-35 8.5000000000000018
decision_type=2 2 2 2 2 2
left_child=-1 3 -3 4 -2 -6
right_child=1 2 -4 -5 5 -7
leaf_value=-0.048935458241708002 0.20198333220038076 -0.031035423878749763 0.17169467036605507 0.28005851436698465 -0.015504137166553442 0.21164266968345433
leaf_weight=23.987540869042277 2.0633808095008117 2.3126501291990285 1.4806791096925733 1.0177209749817846 1.2590501569211485 0.90208171308040608
leaf_count=1337 15 89 9 7 35 5
internal_value=-0.00357938 0.116832 0.0480978 0.166568 0.139227 0.0793096
internal_weight=33.0231 9.03556 3.79333 5.24223 4.22451 2.16113
internal_count=1497 160 98 62 55 40
is_linear=0
shrinkage=0.05


Tree=5
num_leaves=7
num_cat=0
split_feature=3 13 41 30 33 47
split_gain=63.2862 9.21455 12.0753 5.87677 8.52315 3.05661
threshold=4.6837965097387615 0.21969627129285277 10.025402177809672 0.060661764705882359 12.254793714635218 1.0000000180025095e-35
decision_type=2 2 2 2 2 2
left_child=5 3 -3 -2 -5 -1
right_child=1 2 -4 4 -6 -7
leaf_value=-0.050877764984217588 0.19093225830270755 -0.030346173107851329 0.14870591282934167 -0.01216978957145446 0.16983460467098394 0.11096624694903423
leaf_weight=22.58952168375254 3.1124423146247846 2.2485638316720729 1.6200627982616422 1.1553295943886044 1.4512447118759153 0.29555094987153907
leaf_count=1333 24 89 9 31 7 4
internal_value=-0.00360775 0.104234 0.0446354 0.144549 0.0891636 -0.0487876
internal_weight=32.4727 9.58764 3.86863 5.71902 2.60657 22.8851
internal_count=1497 160 98 62 38 1337
is_linear=0
shrinkage=0.05


Tree=6
num_leaves=7
num_cat=0
split_feature=3 22 47 3 41 11
split_gain=56.2756 7.31317 9.42598 7.44195 5.7522 1.95401
threshold=4.4272752950313086 14.231218976625673 1.0000000180025095e-35 7.1568839104938675 10.248184321961073 0.043753053225703893
decision_type=2 2 2 2 2 2
left_child=-1 2 3 4 -2 -3
right_child=1 5 -4 -5 -6 -7
leaf_value=-0.050833330207773753 -0.025660737471379209 0.091614280191471609 0.13761602458862571 0.24304546596955592 0.17142877339930046 0.16693125665094899
leaf_weight=21.170759182423357 3.5610525738447891 1.2537925615906713 2.3853565454483032 0.32680189609527577 0.41316136717796315 2.7498906590044498
leaf_count=1313 136 11 12 2 2 21
internal_value=-0.00361361 0.0899011 0.0578998 0.0136889 -0.00517121 0.143345
internal_weight=31.8608 10.6901 6.68637 4.30102 3.97421 4.00368
internal_count=1497 184 152 140 138 32
is_linear=0
shrinkage=0.05


Tree=7
num_leaves=7
num_cat=0
split_feature=4 5 22 13 41 49
split_gain=49.1174 5.58862 4.98808 10.3371 5.6774 2.78289
threshold=4.5021433002261828 4.9753400782420467 14.231218976625673 0.036090463361351001 10.025402177809672 4.2198340114362667
decision_type=2 2 2 2 2 2
left_child=1 5 3 -2 -5 -1
right_child=2 -3 -4 4 -6 -7
leaf_value=-0.050814794111407227 0.1248915417859323 0.2395099953266219 0.132620375058945 -0.051528923951802169 0.098815750300147012 0.10057728475553188
leaf_weight=20.854153496213268 3.0346399843692762 0.16965319588780303 3.8830624874681234 2.0824547857046132 0.89901807904243458 0.30803343653678794
leaf_count=1347 16 3 23 101 5 2
internal_value=-0.00360475 -0.0463197 0.0884422 0.0599276 -0.00619476 -0.0486112
internal_weight=31.231 21.3318 9.89918 6.01611 2.98147 21.1622
internal_count=1497 1352 145 122 106 1349
is_linear=0
shrinkage=0.05


Tree=8
num_leaves=7
num_cat=0
split_feature=4 22 22 13 30 49
split_gain=44.2878 4.73754 3.99127 8.6589 5.3884 2.54411
threshold=4.5021433002261828 15.015177995119828 14.231218976625673 0.036090463361351001 0.94590643274853814 4.2198340114362667
decision_type=2 2 2 2 2 2
left_child=1 5 3 -2 -5 -1
right_child=2 -3 -4 4 -6 -7
leaf_value=-0.050769685682899218 0.11313237358854765 0.19921253307505973 0.11990627780156915 -0.053075923485252197 0.0919155190585563 0.089770523770619656
leaf_weight=19.862818991765391 3.1785372942686063 0.19489455968141456 4.0746831521391869 1.9768917597830298 0.94810932874679554 0.32731989026069541
leaf_count=1348 16 2 23 87 19 2
internal_value=-0.00359333 -0.0461231 0.0815856 0.0560029 -0.00607842 -0.0484913
internal_weight=30.5633 20.385 10.1782 6.10354 2.925 20.1901
internal_count=1497 1352 145 122 106 1350
is_linear=0
shrinkage=0.05


Tree=9
num_leaves=7
num_cat=0
split_feature=3 42 41 47 7 9
split_gain=41.7326 3.86247 8.2032 5.76408 5.26301 3.01058
threshold=4.4272752950313086 9.7694604973534211 7.2314019022082965 1.0000000180025095e-35 6.1877265799694348 0.58890811021167633
decision_type=2 2 2 2 2 2
left_child=-1 2 3 4 -2 -3
right_child=1 5 -4 -5 -6 -7
leaf_value=-0.050715524987280491 -0.051071468307758043 0.045320402394956022 -0.055510885769859235 0.13147718326770841 0.11196711069749353 0.12414693930319123
leaf_weight=18.262386593036357 1.1979103926569208 1.7489916533231733 1.5759406201541422 2.3213805705308914 0.84354684501886357 3.9398815706372261
leaf_count=1313 69 16 59 10 5 25
internal_value=-0.0035731 0.0704688 0.0422641 0.0775823 0.0162974 0.0999124
internal_weight=29.89 11.6277 5.93878 4.36284 2.04146 5.68887
internal_count=1497 184 143 84 74 41
is_linear=0
shrinkage=0.05


Tree=10
num_leaves=7
num_cat=0
split_feature=4 24 13 22 13 41
split_gain=36.6264 4.58782 3.98596 2.9516 6.44836 4.35118
threshold=4.5021433002261828 0.99980556742839721 0.013239160372240539 14.231218976625673 0.036090463361351001 10.025402177809672
decision_type=2 2 2 2 2 2
left_child=1 -1 -3 4 -2 -6
right_child=3 2 -4 -5 5 -7
leaf_value=-0.050819554038023518 0.095588492987627352 0.17943569607397231 -0.051419979344957206 0.10266327872149122 -0.051471362698014736 0.078457243067855745
leaf_weight=17.865631504915662 3.378773480653761 0.41342763602733512 0.34136610478162766 4.3188542015850544 1.8634581016376617 0.98496894538402546
leaf_count=1330 16 4 18 23 101 5
internal_value=-0.00355099 -0.0457182 0.075028 0.0709007 0.0488719 -0.00654283
internal_weight=29.1665 18.6204 0.754794 10.5461 6.2272 2.84843
internal_count=1497 1352 22 145 122 106
is_linear=0
shrinkage=0.05


Tree=11
num_leaves=7
num_cat=0
split_feature=3 9 22 16 33 9
split_gain=35.0943 3.25066 4.62975 2.85171 5.67918 5.23445
threshold=4.4272752950313086 0.33534018242407099 15.015177995119828 0.072732022877450175 12.254793714635218 0.34073056845023686
decision_type=2 2 2 2 2 2
left_child=-1 -2 3 4 5 -3
right_child=1 2 -4 -5 -6 -7
leaf_value=-0.050646439792605059 -0.053753664112176337 0.14696021176138691 0.13145522429248668 0.091018477022285618 0.086096628449689461 -0.036594049587318711
leaf_weight=16.54414131958038 0.57810638099908729 0.44894590973853921 2.2813458740711203 3.0616403631865978 2.665379524230957 2.8801010670140386
leaf_count=1313 18 2 10 15 13 126
internal_value=-0.00352617 0.0618981 0.0677953 0.0517585 0.0317066 -0.0118404
internal_weight=28.4597 11.9155 11.3374 9.05607 5.99443 3.32905
internal_count=1497 184 166 156 141 128
is_linear=0
shrinkage=0.05


Tree=12
num_leaves=7
num_cat=0
split_feature=3 13 17 22 13 30
split_gain=32.4004 3.87219 3.17379 2.59723 5.36413 2.79533
threshold=4.4272752950313086 0.57413874036596402 4.6016782968584673 14.231218976625673 0.036090463361351001 0.94590643274853814
decision_type=2 2 2 2 2 2
left_child=-1 2 -2 4 -4 -6
right_child=1 -3 3 -5 5 -7
leaf_value=-0.050614516824116051 -0.056740584302153674 -0.021265918120893186 0.088661970975105142 0.10373246475758024 -0.054775919189274394 0.067230478371593266
leaf_weight=15.746949534863235 0.48133496474474569 1.347886700183152 3.6947892829775792 4.3693942744284868 1.3390745306387546 0.72292174492031325
leaf_count=1313 8 61 18 22 59 16
internal_value=-0.00349829 0.0585604 0.0687039 0.0746667 0.0526059 -0.0120013
internal_weight=27.7024 11.9554 10.6075 10.1262 5.75679 2.062
internal_count=1497 184 123 115 93 75
is_linear=0
shrinkage=0.05


Tree=13
num_leaves=7
num_cat=0
split_feature=5 13 41 30 33 42
split_gain=28.7496 3.89945 5.99483 2.38722 3.53849 3.25443
threshold=3.7912408549096099 0.21969627129285277 10.025402177809672 0.060661764705882359 12.254793714635218 7.2213002097618082
decision_type=2 2 2 2 2 2
left_child=-1 3 -3 -2 5 -5
right_child=1 2 -4 4 -6 -7
leaf_value=-0.050601868588629931 0.10036962800203238 -0.034502661504531948 0.080356054560400583 0.080807177162331226 0.095094306256558556 -0.059181371235853854
leaf_weight=14.710002917796375 4.1803079266101104 2.550652164965868 2.0483265444636345 0.67243633512407575 1.7307703942060468 1.0851856237277386
leaf_count=1283 24 133 11 11 7 28
internal_value=-0.00346528 0.0530555 0.0166539 0.0748859 0.0443475 -0.00562413
internal_weight=26.9777 12.2677 4.59898 7.6687 3.48839 1.75762
internal_count=1497 214 144 70 46 39
is_linear=0
shrinkage=0.05


Tree=14
num_leaves=7
num_cat=0
split_feature=3 13 14 32 30 41
split_gain=27.7964 3.09962 3.04721 2.12919 2.03886 3.86012
threshold=4.4272752950313086 0.57413874036596402 0.42951528893440755 8.5000000000000018 0.060661764705882359 10.025402177809672
decision_type=2 2 2 2 2 2
left_child=-1 2 4 -3 -2 -6
right_child=1 3 -4 -5 5 -7
leaf_value=-0.050555677161103742 0.097261468842452875 -0.051599647408920792 -0.015292728210958407 0.11154923131509989 -0.0075679746178654739 0.081434668023340748
leaf_weight=14.271948118694128 4.1444594413042051 1.0447622267529357 1.1490201959386457 0.24732013046741474 1.8640066795051096 3.5165083408355713
leaf_count=1313 21 60 26 1 61 15
internal_value=-0.00343263 0.0527711 0.0616249 -0.020371 0.0709036 0.0506009
internal_weight=26.238 11.9661 10.674 1.29208 9.52497 5.38052
internal_count=1497 184 123 61 97 76
is_linear=0
shrinkage=0.05


Tree=15
num_leaves=7
num_cat=0
split_feature=5 13 26 22 41 30
split_gain=24.8116 3.12993 2.94755 2.23285 4.60831 2.63175
threshold=3.7912408549096099 0.57413874036596402 5.4224137931034493 14.231218976625673 7.5007907163319478 0.94590643274853814
decision_type=2 2 2 2 2 2
left_child=-1 2 -2 4 -4 -6
right_child=1 -3 3 -5 5 -7
leaf_value=-0.050544129894932156 -0.055293219318670053 -0.022868955245957136 0.075629753345190065 0.090157369990017611 -0.060279572226411809 0.057544247677205597
leaf_weight=13.325107453390958 0.55227132979780336 1.3748883455991734 3.7971663083881122 4.4079012013971806 1.3031014855951073 0.74482602160423983
leaf_count=1283 16 79 47 22 33 17
internal_value=-0.00339504 0.0481861 0.0572273 0.0632882 0.0430256 -0.0174273
internal_weight=25.5053 12.1802 10.8053 10.253 5.84509 2.04793
internal_count=1497 214 135 119 97 50
is_linear=0
shrinkage=0.05


Tree=16
num_leaves=7
num_cat=0
split_feature=3 13 41 3 36 32
split_gain=24.0147 2.50057 4.46771 2.09059 1.6806 5.04363
threshold=4.4272752950313086 0.21969627129285277 10.025402177809672 6.699418738315658 8.9495653238465813 8.5000000000000018
decision_type=2 2 2 2 2 2
left_child=-1 4 3 -3 -2 -6
right_child=1 2 -4 -5 5 -7
leaf_value=-0.050502629508288967 0.082034628203342994 -0.052103939011731229 0.07050081093753692 0.086258841680626072 -0.059221918996921953 0.084886354821386206
leaf_weight=12.935435998253526 5.0100951381027681 1.8886714680120351 2.0423972755670547 0.31913539022207249 0.95224565453827392 1.6754532754421234
leaf_count=1313 40 105 9 3 20 7
internal_value=-0.00335696 0.0479427 0.0172019 -0.0321038 0.065049 0.0326633
internal_weight=24.8234 11.888 4.2502 2.20781 7.63779 2.6277
internal_count=1497 184 117 108 67 27
is_linear=0
shrinkage=0.05


Tree=17
num_leaves=7
num_cat=0
split_feature=5 13 41 23 30 33
split_gain=21.5129 2.59738 4.26145 2.89218 1.43452 2.59194
threshold=3.7912408549096099 0.21969627129285277 10.025402177809672 11.624453161375945 0.060661764705882359 12.254793714635218
decision_type=2 2 2 2 2 2
left_child=-1 4 3 -3 -2 -6
right_child=1 2 -4 -5 5 -7
leaf_value=-0.050491950605804983 0.080870660807878747 -0.051815692552825698 0.065521305974494778 0.1334465369093091 -0.0056333422836656981 0.082087505202530414
leaf_weight=12.069247776642444 4.266692500561474 2.0886883772909646 2.0702996030449867 0.23429536819457997 1.7234412077814343 1.6466725021600721
leaf_count=1283 24 132 11 1 39 7
internal_value=-0.00332786 0.0439897 0.0133585 -0.0331302 0.0616112 0.037228
internal_weight=24.0993 12.0301 4.39328 2.32298 7.63681 3.37011
internal_count=1497 214 144 133 70 46
is_linear=0
shrinkage=0.05


Tree=18
num_leaves=7
num_cat=0
split_feature=3 13 41 24 36 32
split_gain=20.8966 1.98516 3.68535 2.05612 1.31646 4.44991
threshold=4.4272752950313086 0.21969627129285277 10.025402177809672 0.91443794486195895 8.9495653238465813 8.5000000000000018
decision_type=2 2 2 2 2 2
left_child=-1 4 3 -3 -2 -6
right_child=1 2 -4 -5 5 -7
leaf_value=-0.050454532092843632 0.073998481211965922 0.090454119813700606 0.063461167278726791 -0.051940059396277029 -0.058716157644081536 0.079593920733467438
leaf_weight=11.718621375039222 5.0451799435541016 0.29636114835739169 2.0495603978633881 1.7535381969064472 0.90905595384538185 1.6141669452190399
leaf_count=1313 40 3 9 105 20 7
internal_value=-0.00329355 0.0440726 0.0160498 -0.0313536 0.0592512 0.0297642
internal_weight=23.3865 11.6679 4.09946 2.0499 7.5684 2.52322
internal_count=1497 184 117 108 67 27
is_linear=0
shrinkage=0.05


Tree=19
num_leaves=7
num_cat=0
split_feature=3 26 13 41 23 22
split_gain=19.5184 1.94628 2.38713 3.31922 2.43508 0.763531
threshold=4.4272752950313086 5.4224137931034493 0.21969627129285277 10.025402177809672 11.624453161375945 14.889872416837045
decision_type=2 2 2 2 2 2
left_child=-1 -2 5 4 -4 -3
right_child=1 2 3 -5 -6 -7
leaf_value=-0.050432172094847919 -0.054514836424921276 0.054376398983155209 -0.051879853794801922 0.060336574952532307 0.11670669994114997 0.091773907609675798
leaf_weight=11.151915938593449 0.49644929450005193 5.1856943275779468 1.7094599055126307 2.0479429215192795 0.24487693607807148 1.8523696064949033
leaf_count=1313 13 48 105 9 1 8
internal_value=-0.00326341 0.0423318 0.0466867 0.0158555 -0.0307561 0.0642192
internal_weight=22.6887 11.5368 11.0403 4.00228 1.95434 7.03806
internal_count=1497 184 171 115 106 56
is_linear=0
shrinkage=0.05


Tree=20
num_leaves=7
num_cat=0
split_feature=3 22 13 34 0 42
split_gain=18.2343 1.66083 3.29307 2.65638 2.35399 1.00961
threshold=4.4272752950313086 14.231218976625673 0.036090463361351001 15.720526446235377 7.5000000000000009 7.3775551085518165
decision_type=2 2 2 2 2 2
left_child=-1 2 5 -4 -5 -2
right_child=1 -3 3 4 -6 -7
leaf_value=-0.050410914361423545 0.08634580842053223 0.063694520292557108 -0.055102528503999652 -0.050896663538136461 0.096897283982722252 0.034286186307989082
leaf_weight=10.612390597350897 1.537632212042807 4.635749077424407 1.7206965647637846 0.42508108168840386 0.73574289679527283 2.3617722019553185
leaf_count=1313 7 32 101 28 3 13
internal_value=-0.00322858 0.0406298 0.0248618 -0.0156717 0.0427768 0.0548146
internal_weight=22.0291 11.4167 6.78092 2.88152 1.16082 3.8994
internal_count=1497 184 152 132 31 20
is_linear=0
shrinkage=0.05


Tree=21
num_leaves=7
num_cat=0
split_feature=3 9 22 16 41 9
split_gain=17.0422 1.66644 2.23563 1.58988 3.46899 2.74935
threshold=4.4272752950313086 0.33534018242407099 15.015177995119828 0.072732022877450175 10.025402177809672 0.34073056845023686
decision_type=2 2 2 2 2 2
left_child=-1 -2 3 4 5 -3
right_child=1 2 -4 -5 -6 -7
leaf_value=-0.050390712691394793 -0.053366806998471045 0.08995651458288817 0.087156406873123343 0.061512803164140407 0.060267993852736769 -0.038363622787430586
leaf_weight=10.098763159476222 0.46811525709926982 0.49376735091209267 2.26566258072853 2.8871145416051149 2.4830229878425598 2.6999064777046442
leaf_count=1313 18 2 10 15 11 128
internal_value=-0.00319297 0.0389965 0.042989 0.0313039 0.0159399 -0.0185243
internal_weight=21.3964 11.2976 10.8295 8.56381 5.6767 3.19367
internal_count=1497 184 166 156 141 130
is_linear=0
shrinkage=0.05


Tree=22
num_leaves=7
num_cat=0
split_feature=5 22 13 30 0 22
split_gain=15.4259 1.71558 3.10964 2.82261 2.03984 0.7851
threshold=3.7912408549096099 14.231218976625673 0.036090463361351001 0.94590643274853814 5.0000000000000009 13.675376409990834
decision_type=2 2 2 2 2 2
left_child=-1 2 4 -4 -2 -5
right_child=1 -3 3 5 -6 -7
leaf_value=-0.05038542640759857 0.080713218044662305 0.060297638152399829 -0.054576031271978978 0.0056111699746314164 0.0072149047515461771 0.092701290336606679
leaf_weight=9.4245649902150053 2.2486427617259306 4.4788835691288114 1.8993151360191407 0.53130327630788066 1.6271137809380891 0.50450202915817499
leaf_count=1283 12 32 137 19 11 3
internal_value=-0.00316051 0.0362623 0.0204565 -0.0183665 0.0498573 0.0480295
internal_weight=20.7143 11.2898 6.81088 2.93512 3.87576 1.03581
internal_count=1497 214 182 159 23 22
is_linear=0
shrinkage=0.05


Tree=23
num_leaves=7
num_cat=0
split_feature=3 13 22 36 13 30
split_gain=14.9649 1.32056 1.55965 2.92768 2.36255 2.30117
threshold=4.4272752950313086 0.57413874036596402 14.231218976625673 8.8538633513392337 0.031176843647556685 0.94590643274853814
decision_type=2 2 2 2 2 2
left_child=-1 2 3 4 -2 -5
right_child=1 -3 -4 5 -6 -7
leaf_value=-0.050353516454326112 0.074384771045641118 -0.018675839915046025 0.065028987506750902 -0.061151325560813687 -0.014577556118482729 0.053533121967236488
leaf_weight=9.1484805587679165 2.7968855947256057 0.99589512590318996 4.1721034403890371 1.3522575958631931 1.0178942652419207 0.64652643259614695
leaf_count=1313 14 61 23 37 37 12
internal_value=-0.00312092 0.0362274 0.0417031 0.0249633 0.050647 -0.0240555
internal_weight=20.13 10.9816 9.98567 5.81356 3.81478 1.99878
internal_count=1497 184 123 100 51 49
is_linear=0
shrinkage=0.05


Tree=24
num_leaves=7
num_cat=0
split_feature=3 13 34 4 30 36
split_gain=14.0341 1.22039 2.085 3.08988 1.02718 2.31076
threshold=4.4272752950313086 0.23824856493112348 15.720526446235377 5.6708367670338955 0.060661764705882359 12.784524258890857
decision_type=2 2 2 2 2 2
left_child=-1 4 3 -3 -2 -6
right_child=1 2 -4 -5 5 -7
leaf_value=-0.050336153591032322 0.063476687410121399 -0.055472988364233144 0.069978057506046132 0.065367966795157897 -0.0127694259859455 0.069892404132941482
leaf_weight=8.7052294975146669 4.0121557805687171 1.594859283417464 1.0213206405751405 0.79154151119291771 1.7977775745093825 1.5959964394569395
leaf_count=1313 24 84 12 9 47 8
internal_value=-0.00308307 0.0349567 0.0101945 -0.0153914 0.0463507 0.0261041
internal_weight=19.5189 10.8137 3.40772 2.3864 7.40593 3.39377
internal_count=1497 184 105 93 79 55
is_linear=0
shrinkage=0.05


Tree=25
num_leaves=7
num_cat=0
split_feature=3 41 13 36 3 41
split_gain=13.1764 1.17316 2.37079 2.71032 1.37048 1.11502
threshold=4.4272752950313086 10.157174693333596 0.045652584052616067 13.144434482481332 6.699418738315658 5.3840853316988442
decision_type=2 2 2 2 2 2
left_child=-1 2 5 4 -4 -2
right_child=1 -3 3 -5 -6 -7
leaf_value=-0.050319653094710162 0.072006969548446945 0.070656491844422478 -0.052788271568595849 0.052396785771414982 0.057845061725881587 0.025614413467990232
leaf_weight=8.2833175132982451 2.5059176683425886 1.7949639707803715 1.9908431316725916 1.3263783827424047 0.32572181522846211 2.6806551199406385
leaf_count=1313 12 9 134 7 3 19
internal_value=-0.0030482 0.0338067 0.0263155 -0.00459898 -0.0372326 0.0480292
internal_weight=18.9078 10.6245 8.82952 3.64294 2.31656 5.18657
internal_count=1497 184 175 144 137 31
is_linear=0
shrinkage=0.05


Tree=26
num_leaves=7
num_cat=0
split_feature=3 41 41 51 10 42
split_gain=12.3855 1.11448 1.77092 1.52591 1.54685 1.36494
threshold=4.4272752950313086 10.157174693333596 5.0122067185829877 6.8240316627347495 0.088557039551357755 7.4141529765339804
decision_type=2 2 2 2 2 2
left_child=-1 2 -2 4 -4 -6
right_child=1 -3 3 -5 5 -7
leaf_value=-0.050303964417798511 0.060467628679714114 0.069287992105788218 -0.058025764957762717 0.038790551160873259 0.077989627245912893 -0.010522172761634351
leaf_weight=7.8817307311110225 2.5489420052617771 1.7402820885181416 1.1695254310034218 2.7207823456265032 0.5926652513444427 1.6431382000446317
leaf_count=1313 26 9 38 52 11 48
internal_value=-0.00301484 0.0327709 0.0254452 0.0108732 -0.0114322 0.0129405
internal_weight=18.2971 10.4153 8.67505 6.12611 3.40533 2.2358
internal_count=1497 184 175 149 97 59
is_linear=0
shrinkage=0.05


Tree=27
num_leaves=7
num_cat=0
split_feature=3 22 13 30 33 9
split_gain=11.6197 1.10171 2.00444 2.23576 0.99641 0.274414
threshold=4.4272752950313086 14.231218976625673 0.036090463361351001 0.94590643274853814 7.2447708019232842 0.4776830341473966
decision_type=2 2 2 2 2 2
left_child=-1 2 5 -4 -3 -2
right_child=1 4 3 -5 -6 -7
leaf_value=-0.050289054795654708 0.055929002862194023 0.014426140043303072 -0.054131497689181185 0.042948114846405129 0.067659603658047518 0.02840333229593274
leaf_weight=7.4995012362487641 1.768341295421122 1.2636894565075634 1.5256553427316251 0.9702363135293125 2.8879162706434727 1.8556057736277578
leaf_count=1313 10 16 113 19 16 10
internal_value=-0.00297264 0.0315745 0.0180872 -0.0163934 0.0514561 0.0418348
internal_weight=17.7709 10.2714 6.11984 2.49589 4.15161 3.62395
internal_count=1497 184 152 132 32 20
is_linear=0
shrinkage=0.05


Tree=28
num_leaves=7
num_cat=0
split_feature=3 22 13 30 42 33
split_gain=10.9098 1.01301 1.82426 2.08878 1.11463 0.954181
threshold=4.4272752950313086 14.231218976625673 0.036090463361351001 0.94590643274853814 7.811915639724341 7.2447708019232842
decision_type=2 2 2 2 2 2
left_child=-1 2 4 -4 -2 -3
right_child=1 5 3 -5 -6 -7
leaf_value=-0.050274875133371803 0.068341304617173054 0.013655800988413383 -0.053966629791869405 0.040617364797603257 0.012677628472553867 0.065878163858900163
leaf_weight=7.1357070095837143 1.7686016634106621 1.2681102305650709 1.4555702675133946 0.97450306452810753 1.8298089951276777 2.8194575756788254
leaf_count=1313 9 16 113 19 11 16
internal_value=-0.00293265 0.0304618 0.0174332 -0.0160367 0.0400361 0.0496769
internal_weight=17.2518 10.1161 6.02848 2.43007 3.59841 4.08757
internal_count=1497 184 152 132 20 32
is_linear=0
shrinkage=0.05


Tree=29
num_leaves=7
num_cat=0
split_feature=3 23 13 33 13 23
split_gain=10.249 0.977815 1.15418 3.61716 0.804842 0.00308829
threshold=4.4272752950313086 11.286606197840703 0.031176843647556685 12.254793714635218 0.036090463361351001 10.703016606149726
decision_type=2 2 2 2 2 2
left_child=-1 2 -2 4 -4 -6
right_child=1 -3 3 -5 5 -7
leaf_value=-0.050261397723563243 0.045066862300434322 0.064152405494973974 0.020492495133111049 0.048299659766775242 -0.050952173571717066 -0.056064275409588832
leaf_weight=6.7894689240492907 3.3351867944002134 1.6827333271503437 0.48045630753040347 2.5568532831966877 1.5362449209205804 0.36577451974153508
leaf_count=1313 19 9 2 15 135 4
internal_value=-0.00289199 0.0294074 0.0223415 0.0069967 -0.0373293 -0.0519353
internal_weight=16.7467 9.95725 8.27452 4.93933 2.38248 1.90202
internal_count=1497 184 175 156 141 139
is_linear=0
shrinkage=0.05


Tree=30
num_leaves=7
num_cat=0
split_feature=5 18 4 34 13 41
split_gain=9.3583 1.20965 1.57286 1.53404 3.30221 0.556205
threshold=3.7912408549096099 1.096562299177231 5.6708367670338955 15.720526446235377 0.013239160372240539 10.046856452189283
decision_type=2 2 2 2 2 2
left_child=-1 -2 3 4 -3 -5
right_child=1 2 -4 5 -6 -7
leaf_value=-0.05026440396448241 -0.05639910809695603 0.040013094420041986 0.056462088787423016 0.007860741684480102 -0.054370967550012951 0.066035497098331883
leaf_weight=6.343884575180712 0.41145709715783496 1.973464280366896 3.7300166632048786 0.57137623336166177 1.7471696836873887 1.462647011503577
leaf_count=1283 6 11 34 25 129 9
internal_value=-0.00285872 0.0275305 0.0311715 0.0147788 -0.00430865 0.0496937
internal_weight=16.24 9.89613 9.48467 5.75466 3.72063 2.03402
internal_count=1497 214 208 174 140 34
is_linear=0
shrinkage=0.05


Tree=31
num_leaves=7
num_cat=0
split_feature=3 42 38 42 47 9
split_gain=9.07481 0.94055 3.0037 2.26953 2.30554 1.50464
threshold=4.4272752950313086 9.7694604973534211 0.47559523809523813 8.1604333883057549 4.6026257344034587 0.58890811021167633
decision_type=2 2 2 2 2 2
left_child=-1 2 3 -2 -5 -3
right_child=1 5 -4 4 -6 -7
leaf_value=-0.050236502658862842 0.06778880549518046 0.003072786596545812 -0.052825547699389401 -0.069884452929838983 0.064941580758519052 0.06276059589428605
leaf_weight=6.1472359038889417 2.1557326707988964 1.5687476610764859 1.3032432212494311 0.78618043055757858 0.53139832615852356 3.2294021677225828
leaf_count=1313 33 16 83 24 3 25
internal_value=-0.00282776 0.02761 0.0119036 0.036191 -0.0155072 0.0432458
internal_weight=15.7219 9.5747 4.77655 3.47331 1.31758 4.79815
internal_count=1497 184 143 60 27 41
is_linear=0
shrinkage=0.05


Tree=32
num_leaves=7
num_cat=0
split_feature=3 9 17 23 19 42
split_gain=8.54854 1.01962 1.20949 1.25735 1.26082 1.79994
threshold=4.4272752950313086 0.33534018242407099 4.6016782968584673 10.799470676793787 0.12338354583375048 10.393549341466228
decision_type=2 2 2 2 2 2
left_child=-1 -2 -3 4 5 -4
right_child=1 2 3 -5 -6 -7
leaf_value=-0.05022491468092808 -0.05310195748072797 -0.055548606548901508 -0.0093145412900088251 0.068922898420537074 0.059418132414672475 0.05808735291328835
leaf_weight=5.8487464673817167 0.38278871774673362 0.39304526941850682 3.408027165103702 1.9953722655773161 1.7919817329384384 1.3963235039263961
leaf_count=1313 18 8 118 11 16 13
internal_value=-0.00279603 0.0268168 0.0302217 0.0341454 0.0236254 0.010275
internal_weight=15.2163 9.36754 8.98475 8.5917 6.59633 4.80435
internal_count=1497 184 166 158 147 131
is_linear=0
shrinkage=0.05


Tree=33
num_leaves=7
num_cat=0
split_feature=3 41 41 36 47 23
split_gain=8.05429 0.901955 1.80092 2.01566 1.52624 1.13472
threshold=4.4272752950313086 5.0122067185829877 10.025402177809672 8.8193108236167834 1.0000000180025095e-35 11.286606197840703
decision_type=2 2 2 2 2 2
left_child=-1 -2 3 4 5 -3
right_child=1 2 -4 -5 -6 -7
leaf_value=-0.050213900110556112 0.05426127227372847 -0.017837926620568278 0.04987590039649939 -0.057216737949518363 0.077857861841274814 0.073504930208964633
leaf_weight=5.5646895640529701 2.1623818282969278 1.9332728264853365 2.6458921357989311 1.2116322899237273 0.80930812656879414 0.41255576908588398
leaf_count=1313 26 80 16 56 4 2
internal_value=-0.00275448 0.0260298 0.0173245 -0.00239888 0.0186522 -0.00177366
internal_weight=14.7397 9.17504 7.01266 4.36677 3.15514 2.34583
internal_count=1497 184 158 142 86 82
is_linear=0
shrinkage=0.05


Tree=34
num_leaves=7
num_cat=0
split_feature=3 9 22 41 38 36
split_gain=7.59176 0.913662 1.4654 0.949311 1.60816 2.20586
threshold=4.4272752950313086 0.33534018242407099 15.015177995119828 10.157174693333596 0.47559523809523813 13.144434482481332
decision_type=2 2 2 2 2 2
left_child=-1 -2 3 4 -3 -6
right_child=1 2 -4 -5 5 -7
leaf_value=-0.050203418643431974 -0.052899157634543351 0.034192157916434228 0.069470122830213518 0.063690726071412837 -0.053674059569767396 0.040572443067961234
leaf_weight=5.2943733963184068 0.35866179037839074 3.2407643506303412 1.7446672096848486 0.98121206462383259 1.6554312603548171 0.99342288449406613
leaf_count=1313 18 51 10 6 93 6
internal_value=-0.00272008 0.0252931 0.0285482 0.0181572 0.0105712 -0.018328
internal_weight=14.2685 8.97416 8.6155 6.87083 5.88962 2.64885
internal_count=1497 184 166 156 150 99
is_linear=0
shrinkage=0.05


Tree=35
num_leaves=7
num_cat=0
split_feature=3 26 4 10 41 36
split_gain=7.15917 1.02433 1.13997 1.3559 1.32547 1.67965
threshold=4.4272752950313086 5.4224137931034493 5.6708367670338955 0.088557039551357755 10.025402177809672 8.8538633513392337
decision_type=2 2 2 2 2 2
left_child=-1 -2 3 -3 5 -5
right_child=1 2 -4 4 -6 -7
leaf_value=-0.050193461990891898 -0.05420844683773296 -0.029978001125881011 0.051066580576153403 0.033952998951090219 0.065621106381608396 -0.059198712065559746
leaf_weight=5.037137742852793 0.39372904971241851 1.3300204086117426 3.3211326827295125 1.5370493256486959 1.4770767018198965 0.706293434370309
leaf_count=1313 13 63 32 38 9 29
internal_value=-0.00269113 0.0246069 0.0283138 0.0133517 0.0288417 0.00462514
internal_weight=13.8024 8.7653 8.37157 5.05044 3.72042 2.24334
internal_count=1497 184 171 139 76 67
is_linear=0
shrinkage=0.05


Tree=36
num_leaves=7
num_cat=0
split_feature=3 41 41 36 47 9
split_gain=6.74624 0.804134 1.49862 1.72379 1.37968 0.860574
threshold=4.4272752950313086 5.0122067185829877 10.025402177809672 8.8193108236167834 1.0000000180025095e-35 0.58890811021167633
decision_type=2 2 2 2 2 2
left_child=-1 -2 3 4 5 -3
right_child=1 2 -4 -5 -6 -7
leaf_value=-0.050183990141915713 0.051316299679790317 -0.052734758219192129 0.046407158396694494 -0.056754667059967415 0.074407182252186718 0.016019495450280252
leaf_weight=4.7923551111016431 2.03498123353347 0.63243929482996541 2.4378718137741089 1.0965541596524415 0.76603387296199787 1.6233047139830885
leaf_count=1313 26 45 16 56 4 37
internal_value=-0.00265402 0.0238593 0.0153369 -0.0030554 0.0164312 -0.00325702
internal_weight=13.3835 8.59119 6.5562 4.11833 3.02178 2.25574
internal_count=1497 184 158 142 86 82
is_linear=0
shrinkage=0.05


Tree=37
num_leaves=7
num_cat=0
split_feature=3 22 47 34 4 0
split_gain=6.36064 0.800539 0.867564 1.81054 1.24108 0.957173
threshold=4.4272752950313086 15.015177995119828 1.0000000180025095e-35 15.720526446235377 5.6708367670338955 5.0000000000000009
decision_type=2 2 2 2 2 2
left_child=-1 2 3 4 -2 -6
right_child=1 -3 -4 -5 5 -7
leaf_value=-0.05017498580141147 -0.054853319526957628 0.052350876233844934 0.043006547961615377 0.044167079261074271 0.047633613538804326 -0.031665784328813944
leaf_weight=4.5594268280547121 1.3912651510909184 1.8365188613533971 1.947150334715843 1.7044203463010488 0.81091939378529765 0.71698189014568925
leaf_count=1313 100 14 12 37 10 11
internal_value=-0.002622 0.023167 0.0150101 0.00321979 -0.0206882 0.0104216
internal_weight=12.9667 8.40726 6.57074 4.62359 2.91917 1.5279
internal_count=1497 184 170 158 121 21
is_linear=0
shrinkage=0.05


Tree=38
num_leaves=7
num_cat=0
split_feature=5 22 47 23 23 39
split_gain=5.84904 0.867793 1.27163 0.905938 1.00519 0.83163
threshold=3.7912408549096099 14.231218976625673 1.0000000180025095e-35 8.7508208985030702 9.979989337477214 10.156666666666668
decision_type=2 2 2 2 2 2
left_child=-1 2 3 -2 5 -5
right_child=1 -3 -4 4 -6 -7
leaf_value=-0.050182881199634335 -0.051067958161110462 0.042478871490403664 0.041486397370724237 -0.053892257983344606 -0.032912245502953623 0.051509198469651234
leaf_weight=4.2672818088904032 0.94531736848875736 3.1545305796898901 1.9183201789855955 0.22361965058371458 0.93532407376915205 1.1473306012339888
leaf_count=1283 125 32 12 6 8 31
internal_value=-0.00258676 0.021812 0.00920168 -0.00984513 0.00705167 0.0343169
internal_weight=12.5917 8.32444 5.16991 3.25159 2.30627 1.37095
internal_count=1497 214 182 170 45 37
is_linear=0
shrinkage=0.05


Tree=39
num_leaves=7
num_cat=0
split_feature=3 41 13 36 23 41
split_gain=5.64605 0.751578 1.18951 1.58397 1.10204 0.934038
threshold=4.4272752950313086 10.157174693333596 0.045652584052616067 13.144434482481332 11.624453161375945 5.3840853316988442
decision_type=2 2 2 2 2 2
left_child=-1 2 5 4 -4 -2
right_child=1 -3 3 -5 -6 -7
leaf_value=-0.050158359128834096 0.060776559546644994 0.05944818907767202 -0.052323048633981933 0.039610665033545565 0.070540865402837619 0.012666533852965034
leaf_weight=4.1276698226574817 1.7181868627667407 1.1326610743999479 1.5769687099382284 1.0369028076529501 0.2063988298177718 2.4437730005010962
leaf_count=1313 12 9 136 7 1 19
internal_value=-0.00254871 0.0216681 0.0155394 -0.00953095 -0.0381033 0.0325279
internal_weight=12.2426 8.11489 6.98223 2.82027 1.78337 4.16196
internal_count=1497 184 175 144 137 31
is_linear=0
shrinkage=0.05


Tree=40
num_leaves=7
num_cat=0
split_feature=5 22 41 38 42 16
split_gain=5.20579 0.820539 0.811208 2.38275 2.1202 1.73811
threshold=3.7912408549096099 15.015177995119828 10.025402177809672 0.47559523809523813 8.1344918668932049 0.33061901747113115
decision_type=2 2 2 2 2 2
left_child=-1 2 3 4 -2 -6
right_child=1 -3 -4 -5 5 -7
leaf_value=-0.050165461609195161 0.060078118988321064 0.051471548428768756 0.040399585556572103 -0.052259330379682903 -0.06739052261085493 0.05956766138238348
leaf_weight=3.8624705574475229 1.8183331468608233 1.6907572932541368 1.8176091499626634 1.436747506726533 0.81167861353605963 0.40364925563335419
leaf_count=1283 36 13 14 118 30 3
internal_value=-0.00251684 0.0205495 0.0122351 0.000783725 0.025905 -0.0252236
internal_weight=11.8412 7.97877 6.28802 4.47041 3.03366 1.21533
internal_count=1497 214 201 187 69 33
is_linear=0
shrinkage=0.05


Tree=41
num_leaves=7
num_cat=0
split_feature=3 41 13 36 41 23
split_gain=5.0413 0.702983 1.07949 1.43096 0.855198 0.809718
threshold=4.4272752950313086 10.157174693333596 0.045652584052616067 13.537738786420404 5.3840853316988442 11.624453161375945
decision_type=2 2 2 2 2 2
left_child=-1 2 4 5 -2 -4
right_child=1 -3 3 -5 -6 -7
leaf_value=-0.050143379351473984 0.05957808570500276 0.058559368985877852 -0.038614839027727763 0.061129103803487864 0.01222587702767388 0.068181495025565086
leaf_weight=3.737790227169171 1.5874998196959498 1.0539650619029997 1.9208291026297963 0.56007642298936833 2.3875881489366293 0.19555391371250141
leaf_count=1313 12 9 139 4 19 1
internal_value=-0.00249384 0.02062 0.0146084 -0.00993939 0.0311366 -0.0287469
internal_weight=11.4433 7.70551 6.65155 2.67646 3.97509 2.11638
internal_count=1497 184 175 144 31 140
is_linear=0
shrinkage=0.05


Tree=42
num_leaves=7
num_cat=0
split_feature=3 9 22 41 42 38
split_gain=4.76301 0.680118 1.18152 0.723098 1.13147 2.10656
threshold=4.4272752950313086 0.33534018242407099 15.015177995119828 10.157174693333596 8.0774379228624138 0.47559523809523813
decision_type=2 2 2 2 2 2
left_child=-1 -2 3 4 5 -3
right_child=1 2 -4 -5 -6 -7
leaf_value=-0.050136362502451008 -0.052779751229047468 0.060186659628695266 0.06416356941462284 0.059015014831624128 -0.014901861955962112 -0.052150767031799265
leaf_weight=3.5559809298720211 0.3071119429077952 1.7058507874608042 1.4146872535347936 0.74982660263776768 2.7900970485061407 0.55247240373864759
leaf_count=1313 18 28 10 6 79 43
internal_value=-0.00245493 0.020092 0.0231948 0.013199 0.00639407 0.0327046
internal_weight=11.076 7.52005 7.21293 5.79825 5.04842 2.25832
internal_count=1497 184 166 156 150 71
is_linear=0
shrinkage=0.05


Tree=43
num_leaves=7
num_cat=0
split_feature=5 22 34 42 38 16
split_gain=4.39202 0.7107 0.736852 1.92465 1.58873 1.44949
threshold=3.7912408549096099 15.015177995119828 15.720526446235377 8.0774379228624138 0.49837622549019617 0.33061901747113115
decision_type=2 2 2 2 2 2
left_child=-1 2 3 4 -2 -5
right_child=1 -3 -4 5 -6 -7
leaf_value=-0.050142713036517232 0.056596164083044402 0.049111773698773342 0.041721331244730653 -0.048887344931720478 -0.052390692140973964 0.058621197901047709
leaf_weight=3.3263528612442315 1.6979501484893265 1.5511237196624277 1.467306080739945 1.8986825197935107 0.41637932742014516 0.37553343921899784
leaf_count=1283 36 13 40 84 38 3
internal_value=-0.00241493 0.0190188 0.0110477 0.000792002 0.0351332 -0.0311348
internal_weight=10.7333 7.40698 5.85585 4.38855 2.11433 2.27422
internal_count=1497 214 201 161 74 87
is_linear=0
shrinkage=0.05


Tree=44
num_leaves=7
num_cat=0
split_feature=3 41 41 14 22 0
split_gain=4.25354 0.630743 0.884713 0.888811 0.963959 1.32288
threshold=4.4272752950313086 10.157174693333596 5.0122067185829877 0.41473944418011183 14.231218976625673 5.0000000000000009
decision_type=2 2 2 2 2 2
left_child=-1 2 -2 4 5 -4
right_child=1 -3 3 -5 -6 -7
leaf_value=-0.050123534549604457 0.045631364537352816 0.057314188898591426 0.035288489095105749 -0.053644093440376656 0.046939199603693908 -0.034742390306176645
leaf_weight=3.2207267400808632 1.5800634501501916 0.93590331822633732 1.1535612950101497 0.61539570149034251 1.2698618173599241 1.6232753724325446
leaf_count=1313 26 9 51 26 15 57
internal_value=-0.00238377 0.0190366 0.0132975 0.00233906 0.0108526 -0.00564997
internal_weight=10.3988 7.17806 6.24216 4.66209 4.0467 2.77684
internal_count=1497 184 175 149 123 108
is_linear=0
shrinkage=0.05


Tree=45
num_leaves=7
num_cat=0
split_feature=5 26 4 34 13 23
split_gain=3.92327 0.671353 0.779084 0.9436 1.86107 0.39702
threshold=3.7912408549096099 5.4224137931034493 5.6708367670338955 15.720526446235377 0.013239160372240539 9.9604484113213427
decision_type=2 2 2 2 2 2
left_child=-1 -2 3 4 -3 -5
right_child=1 2 -4 5 -6 -7
leaf_value=-0.050131833339487897 -0.053106270449021567 0.028036423407889106 0.042574608026082483 0.006041721749581697 -0.054157354235908318 0.062386706028246419
leaf_weight=3.013636760879308 0.31731289555318642 1.5335722230374815 2.6319319922477007 0.48974325251765527 1.2500712908804414 0.86452542245388031
leaf_count=1283 16 11 32 27 121 7
internal_value=-0.00234515 0.0179749 0.0213066 0.00777907 -0.00887494 0.0420107
internal_weight=10.1008 7.08716 6.76984 4.13791 2.78364 1.35427
internal_count=1497 214 198 166 132 34
is_linear=0
shrinkage=0.05


Tree=46
num_leaves=7
num_cat=0
split_feature=3 41 13 36 33 24
split_gain=3.79286 0.596698 0.825422 1.33704 0.84405 0.526753
threshold=4.4272752950313086 10.157174693333596 0.045652584052616067 13.144434482481332 8.6019502454729775 0.91443794486195895
decision_type=2 2 2 2 2 2
left_child=-1 2 4 5 -2 -4
right_child=1 -3 3 -5 -6 -7
leaf_value=-0.050111807262830571 0.043665125418169665 0.05668844650808446 0.027520500817061533 0.037465748833127893 -0.0091282785718089805 -0.052076118739552528
leaf_weight=2.9152392996475101 2.4909120970405643 0.86813921481370915 0.24870761763304505 0.91842543706297863 1.0876862332224844 1.2653510940726844
leaf_count=1313 22 9 6 7 9 131
internal_value=-0.00231536 0.0179396 0.0123433 -0.0101298 0.027619 -0.0390011
internal_weight=9.79446 6.87922 6.01108 2.43248 3.5786 1.51406
internal_count=1497 184 175 144 31 137
is_linear=0
shrinkage=0.05


Tree=47
num_leaves=7
num_cat=0
split_feature=3 22 41 13 35 24
split_gain=3.58393 0.585115 0.923936 1.47968 1.27083 1.22628
threshold=4.4272752950313086 14.231218976625673 7.2314019022082965 0.031176843647556685 0.93744266621899219 0.99978927444947541
decision_type=2 2 2 2 2 2
left_child=-1 2 3 -2 -4 -5
right_child=1 -3 4 5 -6 -7
leaf_value=-0.050106347293847053 0.055357023264824348 0.036570789861233521 -0.058893326880977682 -0.061726560514931361 0.029470002079542562 0.058664844835154009
leaf_weight=2.773356102174148 1.5583856403827669 2.5079263178631663 0.99220417626202084 0.66163294063881029 0.68976358487270772 0.31090426002629101
leaf_count=1313 13 32 39 54 27 19
internal_value=-0.00228418 0.0174497 0.00606698 0.0251554 -0.0226561 -0.0232394
internal_weight=9.49417 6.72082 4.21289 2.53092 1.68197 0.972537
internal_count=1497 184 152 86 66 73
is_linear=0
shrinkage=0.05


Tree=48
num_leaves=7
num_cat=0
split_feature=3 41 41 14 22 42
split_gain=3.38578 0.566135 0.766415 0.771347 0.831846 1.5688
threshold=4.4272752950313086 10.157174693333596 5.0122067185829877 0.41473944418011183 13.967627580715499 7.8301465850147078
decision_type=2 2 2 2 2 2
left_child=-1 2 -2 4 5 -4
right_child=1 -3 3 -5 -6 -7
leaf_value=-0.050101149273490887 0.043530376302597006 0.056126836356936764 0.032613598928332578 -0.053421219599475579 0.037443513845215291 -0.051013177578648608
leaf_weight=2.6383646512404084 1.4074814554769544 0.80880243331193913 1.0947922861669219 0.56481938203796733 1.5453455820679662 1.1497944646980611
leaf_count=1313 26 9 51 26 17 55
internal_value=-0.00225651 0.0169538 0.0114554 0.00108853 0.0092122 -0.0102244
internal_weight=9.2094 6.57104 5.76223 4.35475 3.78993 2.24459
internal_count=1497 184 175 149 123 106
is_linear=0
shrinkage=0.05


Tree=49
num_leaves=7
num_cat=0
split_feature=3 36 13 30 23 36
split_gain=3.19833 0.542725 0.818765 1.17468 0.759551 0.615448
threshold=4.4272752950313086 13.537738786420404 0.14687222616184184 0.94590643274853814 11.624453161375945 8.2888854325104226
decision_type=2 2 2 2 2 2
left_child=-1 2 5 4 -4 -2
right_child=1 -3 3 -5 -6 -7
leaf_value=-0.050096203204336512 0.037347563893454783 0.057016393361226415 -0.053545903797411191 0.0485435897664767 0.062467427232698686 -0.0069026513526457252
leaf_weight=2.5099315395345911 2.7163768797181551 0.73077504709362973 1.2075531880836932 0.51605985220521677 0.1597495675086974 1.1056011905893681
leaf_count=1313 31 8 116 11 1 17
internal_value=-0.00222248 0.0164471 0.0112508 -0.015732 -0.0399914 0.0245471
internal_weight=8.94605 6.43612 5.70534 1.88336 1.3673 3.82198
internal_count=1497 184 176 128 117 48
is_linear=0
shrinkage=0.05


Tree=50
num_leaves=7
num_cat=0
split_feature=3 41 41 33 13 36
split_gain=3.02244 0.539424 0.69584 0.656863 0.882192 0.648359
threshold=4.4272752950313086 10.157174693333596 5.0122067185829877 13.198858617923134 0.25224859835381136 8.8538633513392337
decision_type=2 2 2 2 2 2
left_child=-1 2 -2 4 5 -4
right_child=1 -3 3 -5 -6 -7
leaf_value=-0.050091502127082049 0.042001367574909521 0.055637858624300401 0.021812444565484323 0.058301343724794612 -0.054228665164020112 -0.028144470473271357
leaf_weight=2.3877391587011516 1.3365701378788797 0.75442664325237263 2.0536374556832024 0.4412972256541251 0.76188023155555118 0.94988598790951062
leaf_count=1313 26 9 36 4 74 35
internal_value=-0.00218984 0.0159718 0.0105734 0.00058794 -0.00617595 0.00601321
internal_weight=8.68544 6.2977 5.54327 4.2067 3.7654 3.00352
internal_count=1497 184 175 149 145 71
is_linear=0
shrinkage=0.05


Tree=51
num_leaves=7
num_cat=0
split_feature=3 41 13 36 41 3
split_gain=2.85661 0.518578 0.659331 1.12793 0.716253 0.396076
threshold=4.4272752950313086 10.157174693333596 0.045652584052616067 13.144434482481332 5.3840853316988442 6.699418738315658
decision_type=2 2 2 2 2 2
left_child=-1 2 4 5 -2 -4
right_child=1 -3 3 -5 -6 -7
leaf_value=-0.050087030776066736 0.056179188633325994 0.055338059042366307 -0.051623998658939067 0.035097694870764362 0.0071802639238028876 0.019667063474794355
leaf_weight=2.2714853893266991 1.1502374634146693 0.72142226248979557 1.1165252127684655 0.82139451801776875 2.1212392845191061 0.23600845411419857
leaf_count=1313 12 9 134 7 19 3
internal_value=-0.00215306 0.0155029 0.0102254 -0.0111176 0.0244081 -0.0391842
internal_weight=8.43831 6.16683 5.4454 2.17393 3.27148 1.35253
internal_count=1497 184 175 144 31 137
is_linear=0
shrinkage=0.05


Tree=52
num_leaves=7
num_cat=0
split_feature=3 22 41 38 0 33
split_gain=2.70173 0.506852 0.606968 1.47785 1.31953 1.33716
threshold=4.4272752950313086 15.015177995119828 10.025402177809672 0.47559523809523813 5.0000000000000009 6.2288642558733009
decision_type=2 2 2 2 2 2
left_child=-1 2 3 4 -2 -6
right_child=1 -3 -4 -5 5 -7
leaf_value=-0.050082780927338602 0.052501785487333565 0.043331195040741892 0.036298257242276102 -0.052018277394763293 0.048992104650450563 -0.066612639249896841
leaf_weight=2.1608825374860317 1.2977150203660137 1.2569014709442852 1.3314401060342786 1.0763611614238469 0.40355328237637855 0.6579490682343021
leaf_count=1313 31 14 12 95 11 21
internal_value=-0.00211928 0.015086 0.00763875 -0.00346809 0.0186823 -0.022663
internal_weight=8.1848 6.02392 4.76702 3.43558 2.35922 1.0615
internal_count=1497 184 170 158 63 32
is_linear=0
shrinkage=0.05


Tree=53
num_leaves=7
num_cat=0
split_feature=3 26 19 42 42 38
split_gain=2.55635 0.509687 0.636105 0.963499 1.3352 1.21893
threshold=4.4272752950313086 5.4224137931034493 0.12338354583375048 10.025402177809672 8.0774379228624138 0.12734848484848488
decision_type=2 2 2 2 2 2
left_child=-1 -2 3 4 5 -3
right_child=1 2 -4 -5 -6 -7
leaf_value=-0.050078736428559992 -0.052730366389454143 0.061414980729647489 0.052160673077684919 0.029889997591256125 -0.061343417440362515 -0.051055378866707572
leaf_weight=2.055656865471974 0.26733551500365127 0.67909542308188953 1.0927561605349181 2.5494989012368023 0.90358340251259495 0.37334267678670585
leaf_count=1313 13 5 15 34 63 54
internal_value=-0.00209833 0.0147168 0.0179377 0.00963731 -0.0167603 0.0215172
internal_weight=7.92127 5.86561 5.59828 4.50552 1.95602 1.05244
internal_count=1497 184 171 156 122 59
is_linear=0
shrinkage=0.05


Tree=54
num_leaves=7
num_cat=0
split_feature=3 41 13 36 23 41
split_gain=2.41823 0.480618 0.608577 0.976274 0.628769 0.621122
threshold=4.4272752950313086 10.157174693333596 0.045652584052616067 13.144434482481332 11.624453161375945 5.3840853316988442
decision_type=2 2 2 2 2 2
left_child=-1 2 5 4 -4 -2
right_child=1 -3 3 -5 -6 -7
leaf_value=-0.050074890713463584 0.055282011794637542 0.054734530978806754 -0.051799178558301177 0.031690596387731251 0.060234483424587461 0.0072810415492803289
leaf_weight=1.9555476775858549 1.0144243985414507 0.65212894603610028 1.117687610909343 0.7891104221343993 0.14104104042053212 2.0078518106602132
leaf_count=1313 12 9 136 7 1 19
internal_value=-0.00207398 0.0143301 0.00913318 -0.0119113 -0.0392458 0.0233925
internal_weight=7.67779 5.72224 5.07012 2.04784 1.25873 3.02228
internal_count=1497 184 175 144 137 31
is_linear=0
shrinkage=0.05


Tree=55
num_leaves=7
num_cat=0
split_feature=3 41 41 33 17 33
split_gain=2.28852 0.460708 0.526631 0.549218 0.743218 0.516284
threshold=4.4272752950313086 10.157174693333596 5.0122067185829877 13.198858617923134 13.410294168252255 5.9664518498261154
decision_type=2 2 2 2 2 2
left_child=-1 2 -2 4 -4 -6
right_child=1 -3 3 -5 5 -7
leaf_value=-0.050071238057541802 0.038974201276203144 0.054486196417824942 -0.055896930877868449 0.056896137535481665 -0.051825428297055304 0.012661928309242463
leaf_weight=1.8603068587835876 1.1236993386410175 0.62308000400662411 0.61863607238046903 0.38256309926509846 0.35476674349047277 2.4801055816933513
leaf_count=1313 26 9 36 4 35 74
internal_value=-0.00204212 0.013962 0.00887113 5.30453e-05 -0.00624376 0.00459173
internal_weight=7.44316 5.58285 4.95977 3.83607 3.45351 2.83487
internal_count=1497 184 175 149 145 109
is_linear=0
shrinkage=0.05


Tree=56
num_leaves=7
num_cat=0
split_feature=3 23 34 13 0 33
split_gain=2.1639 0.446124 0.492701 1.3639 0.798576 0.623557
threshold=4.4272752950313086 11.286606197840703 15.720526446235377 0.036090463361351001 5.0000000000000009 13.371473316664526
decision_type=2 2 2 2 2 2
left_child=-1 2 3 4 -2 -5
right_child=1 -3 -4 5 -6 -7
leaf_value=-0.050067753384325855 0.050901997282053905 0.048227070114221685 0.037489037268101856 -0.053568972952828364 -0.0080326908351851991 0.059653116207234728
leaf_weight=1.769698559772223 1.1736021414399154 0.79252928122878064 1.0683851882349698 1.1756900468608362 1.1265482343733308 0.13563482463359822
leaf_count=1313 11 9 38 115 10 1
internal_value=-0.00200643 0.013536 0.00766107 -0.00116296 0.0220375 -0.041858
internal_weight=7.24209 5.47239 4.67986 3.61148 2.30015 1.31132
internal_count=1497 184 175 137 21 116
is_linear=0
shrinkage=0.05


Tree=57
num_leaves=7
num_cat=0
split_feature=3 22 41 38 0 36
split_gain=2.04737 0.45651 0.493466 1.20846 1.13053 1.13785
threshold=4.4272752950313086 15.015177995119828 10.025402177809672 0.47559523809523813 5.0000000000000009 6.6522475889436965
decision_type=2 2 2 2 2 2
left_child=-1 2 3 4 -2 -6
right_child=1 -3 -4 -5 5 -7
leaf_value=-0.050064445492477939 0.04953714840915191 0.041653151564761147 0.033137377514337062 -0.051914590786549079 0.047939500763812058 -0.065216949289906026
leaf_weight=1.6834978351835159 1.1504117783624686 1.1132143773138521 1.1796991638839243 0.94530426175333548 0.34957708069123317 0.6095109450398013
leaf_count=1313 31 14 12 95 11 21
internal_value=-0.00197707 0.0131612 0.00567086 -0.00493611 0.0161158 -0.0239727
internal_weight=7.03122 5.34772 4.2345 3.0548 2.1095 0.959088
internal_count=1497 184 170 158 63 32
is_linear=0
shrinkage=0.05


Tree=58
num_leaves=7
num_cat=0
split_feature=3 41 13 23 41 3
split_gain=1.9382 0.423375 0.510331 0.736315 0.567038 0.000154822
threshold=4.4272752950313086 10.157174693333596 0.045652584052616067 10.23870277516127 5.3840853316988442 6.699418738315658
decision_type=2 2 2 2 2 2
left_child=-1 2 4 5 -2 -4
right_child=1 -3 3 -5 -6 -7
leaf_value=-0.05006129671239698 0.054478527204989406 0.053961760247689478 -0.050489849511259115 0.013560088051937725 0.0060771801289005827 -0.052752322011154817
leaf_weight=1.6014907842036334 0.88379968702793155 0.55866369977593411 0.66336116509046394 1.0977556407451627 1.9190066652372477 0.085342749953269958
leaf_count=1313 12 9 130 12 19 2
internal_value=-0.0019569 0.0128357 0.00789391 -0.0125155 0.0213394 -0.0507477
internal_weight=6.80942 5.20793 4.64927 1.84646 2.80281 0.748704
internal_count=1497 184 175 144 31 132
is_linear=0
shrinkage=0.05


Tree=59
num_leaves=7
num_cat=0
split_feature=3 22 34 42 6 47
split_gain=1.83363 0.412654 0.47366 1.22016 0.874023 0.843726
threshold=4.4272752950313086 15.015177995119828 15.720526446235377 8.0774379228624138 2.6664937728395457 4.6026257344034587
decision_type=2 2 2 2 2 2
left_child=-1 2 3 4 -2 -5
right_child=1 -3 -4 5 -6 -7
leaf_value=-0.05005830548911884 -0.020683321080237793 0.039949551500863795 0.036031961354138525 -0.04883391519277331 0.059068215514692782 0.054587218116207786
leaf_weight=1.5234739342704413 0.55377556965686403 1.0762853696942327 0.94682458811439563 1.3945838104700667 0.90494897239841521 0.2296871319413184
leaf_count=1313 49 14 37 67 14 3
internal_value=-0.00191787 0.0124455 0.00509967 -0.00440001 0.0287921 -0.0342092
internal_weight=6.62958 5.10611 4.02982 3.083 1.45872 1.62427
internal_count=1497 184 170 133 63 70
is_linear=0
shrinkage=0.05


Tree=60
num_leaves=7
num_cat=0
split_feature=3 36 12 41 36 39
split_gain=1.73577 0.413674 0.501191 0.549564 1.1426 0.809776
threshold=4.4272752950313086 13.537738786420404 0.27178030303030304 10.025402177809672 8.8193108236167834 10.863636363636365
decision_type=2 2 2 2 2 2
left_child=-1 2 -2 4 5 -4
right_child=1 -3 3 -5 -6 -7
leaf_value=-0.050055455196289594 -0.058973628221471133 0.054832139419066041 0.044858370473183445 0.058795245871319471 -0.05502147761629636 -0.0070036540617541406
leaf_weight=1.4492536305915562 0.26855572976637621 0.50870609283447255 1.4327421382768086 0.53557787090539921 0.65978182898834337 1.585698955808766
leaf_count=1313 10 8 27 6 49 84
internal_value=-0.00188426 0.0121032 0.00725385 0.0114747 0.00458445 0.0176133
internal_weight=6.44032 4.99106 4.48236 4.2138 3.67822 3.01844
internal_count=1497 184 176 166 160 111
is_linear=0
shrinkage=0.05


Tree=61
num_leaves=7
num_cat=0
split_feature=51 23 13 36 23 7
split_gain=1.58108 0.556483 0.579709 1.02825 0.313739 0.895338
threshold=5.5522034161713236 11.286606197840703 0.031176843647556685 12.957384054834227 9.9604484113213427 6.1877265799694348
decision_type=2 2 2 2 2 2
left_child=-1 2 -2 4 5 -4
right_child=1 -3 3 -5 -6 -7
leaf_value=-0.045603272800813062 0.030092611110571401 0.056328673455739713 -0.039467374597470684 0.034721026572758593 -0.060955376630896188 0.07412132011050665
leaf_weight=1.5518785866443066 1.5332490246510131 0.63024933636188496 0.82714871538337342 0.88143926672637452 0.60159689537249494 0.21952539682388306
leaf_count=1205 20 8 243 11 9 1
internal_value=-0.00185268 0.0126141 0.00583306 -0.00887057 -0.0321819 -0.0156437
internal_weight=6.24509 4.69321 4.06296 2.52971 1.64827 1.04667
internal_count=1497 292 284 264 253 244
is_linear=0
shrinkage=0.05


Tree=62
num_leaves=7
num_cat=0
split_feature=3 22 33 42 13 30
split_gain=1.56695 0.382691 0.534905 0.491742 0.988975 0.861826
threshold=4.4272752950313086 14.231218976625673 7.0901314511530433 8.0774379228624138 0.036090463361351001 0.94590643274853814
decision_type=2 2 2 2 2 2
left_child=-1 3 -3 4 -2 -5
right_child=1 2 -4 5 -6 -7
leaf_value=-0.050050437310313181 0.045006485200030907 -0.011538654632863474 0.049126076188816634 -0.040077307190277064 -0.0508298325355096 0.044725954895876802
leaf_weight=1.3182956398231906 1.1106077656149866 0.52432239288464177 1.1836768756620584 1.1747409482486544 0.35531707736663509 0.40215738676488388
leaf_count=1313 13 14 18 64 64 11
internal_value=-0.00182095 0.0115621 0.0305032 0.000930144 0.0217773 -0.0184499
internal_weight=6.06912 4.75082 1.708 3.04282 1.46592 1.5769
internal_count=1497 184 32 152 77 75
is_linear=0
shrinkage=0.05


Tree=63
num_leaves=7
num_cat=0
split_feature=3 36 13 30 36 23
split_gain=1.48373 0.3688 0.459825 0.786031 0.652683 0.484623
threshold=4.4272752950313086 13.537738786420404 0.14687222616184184 0.94590643274853814 8.9495653238465813 11.624453161375945
decision_type=2 2 2 2 2 2
left_child=-1 2 4 5 -2 -4
right_child=1 -3 3 -5 -6 -7
leaf_value=-0.05004797953157452 0.03098181583273692 0.054229418500098242 -0.053302700085337322 0.044603072839530633 -0.026405878914703397 0.057341297212368192
leaf_weight=1.254061661835294 2.2003847849555318 0.45052742771804322 0.87198411126155384 0.37171570537611842 0.63943574531003822 0.11163691431283951
leaf_count=1313 34 8 116 11 14 1
internal_value=-0.00178692 0.0112407 0.00662407 -0.0173374 0.01806 -0.0407451
internal_weight=5.89975 4.64568 4.19516 1.35534 2.83982 0.983621
internal_count=1497 184 176 128 48 117
is_linear=0
shrinkage=0.05


Tree=64
num_leaves=7
num_cat=0
split_feature=3 41 21 9 22 42
split_gain=1.40477 0.364244 0.399479 0.54067 0.706737 0.532003
threshold=4.4272752950313086 10.157174693333596 5.7262819382735382 0.40290901388488509 15.015177995119828 8.0774379228624138
decision_type=2 2 2 2 2 2
left_child=-1 2 3 -2 5 -5
right_child=1 -3 -4 4 -6 -7
leaf_value=-0.050045635425088643 -0.052151839365353038 0.053251475410895525 0.053924141413800919 0.025172315693418858 0.059492704605049823 -0.020218887588226254
leaf_weight=1.1929548024199901 0.42260877438820932 0.45706587098538864 0.39577984064817417 1.0572459489339969 0.55256749317049969 1.6576018044725058
leaf_count=1313 32 9 6 59 5 73
internal_value=-0.00175882 0.0109213 0.00618592 0.00106568 0.00794885 -0.00254214
internal_weight=5.73582 4.54287 4.0858 3.69002 3.26742 2.71485
internal_count=1497 184 175 169 137 132
is_linear=0
shrinkage=0.05


Tree=65
num_leaves=7
num_cat=0
split_feature=3 42 41 13 9 24
split_gain=1.33036 0.35185 1.00282 0.86788 0.820347 0.803615
threshold=4.4272752950313086 9.7694604973534211 7.2314019022082965 0.031176843647556685 0.58890811021167633 0.99978927444947541
decision_type=2 2 2 2 2 2
left_child=-1 2 3 -2 -3 -5
right_child=1 4 -4 5 -6 -7
leaf_value=-0.050043411561586038 0.049552940200071977 -0.015221802152764106 -0.054406966007310237 -0.059772483407835655 0.049474864570544334 0.051402538189946528
leaf_weight=1.1348229198483748 0.94719127193093322 0.77886561350896988 0.67000435513909895 0.49009676033165306 1.3209996570367364 0.24320676131173968
leaf_count=1313 13 16 59 52 25 19
internal_value=-0.00171875 0.0106038 -0.00268439 0.0179371 0.0254781 -0.0229003
internal_weight=5.58519 4.45036 2.3505 1.68049 2.09987 0.733304
internal_count=1497 184 143 84 41 71
is_linear=0
shrinkage=0.05


Tree=66
num_leaves=7
num_cat=0
split_feature=3 36 13 30 23 41
split_gain=1.26125 0.351052 0.404953 0.711749 0.418493 0.396701
threshold=4.4272752950313086 13.537738786420404 0.14687222616184184 0.94590643274853814 11.624453161375945 5.3840853316988442
decision_type=2 2 2 2 2 2
left_child=-1 2 5 4 -4 -2
right_child=1 -3 3 -5 -6 -7
leaf_value=-0.05004128889966393 0.048489021250731755 0.054085009180226712 -0.053045381307109778 0.04305816310885608 0.056216498080106481 0.005003211424366198
leaf_weight=1.07952155865496 0.71913669537752944 0.41526221483945835 0.80439250776544191 0.34763568383641541 0.098353147506713867 1.9372853913810102
leaf_count=1313 15 8 116 11 1 33
internal_value=-0.00169765 0.0103771 0.00573133 -0.0177319 -0.0411414 0.0167755
internal_weight=5.40159 4.32207 3.9068 1.25038 0.902746 2.65642
internal_count=1497 184 176 128 117 48
is_linear=0
shrinkage=0.05


Tree=67
num_leaves=7
num_cat=0
split_feature=3 36 12 41 36 39
split_gain=1.1946 0.335697 0.375625 0.463901 0.91079 0.67598
threshold=4.4272752950313086 13.537738786420404 0.27178030303030304 10.025402177809672 8.8193108236167834 10.863636363636365
decision_type=2 2 2 2 2 2
left_child=-1 2 -2 4 5 -4
right_child=1 -3 3 -5 -6 -7
leaf_value=-0.050039271878908234 -0.057320824487736802 0.053879796972688791 0.043221684470776636 0.057022439035552069 -0.054427813257421125 -0.0080858153931016846
leaf_weight=1.0269129857188088 0.22370321990456465 0.39647610113024701 1.1800057903165009 0.44868966192007054 0.57162787922425184 1.4079342871555125
leaf_count=1313 10 8 27 6 49 84
internal_value=-0.00166617 0.0100817 0.00555006 0.0094479 0.00269185 0.0153085
internal_weight=5.25535 4.22844 3.83196 3.60826 3.15957 2.58794
internal_count=1497 184 176 166 160 111
is_linear=0
shrinkage=0.05


Tree=68
num_leaves=7
num_cat=0
split_feature=3 22 41 38 42 41
split_gain=1.13226 0.328089 0.367682 0.854122 0.961318 0.5959
threshold=4.4272752950313086 15.015177995119828 10.025402177809672 0.47559523809523813 8.1604333883057549 5.2943619455684034
decision_type=2 2 2 2 2 2
left_child=-1 2 3 4 -2 -6
right_child=1 -3 -4 -5 5 -7
leaf_value=-0.050037359075132661 0.045860933784085359 0.03753357787390299 0.030133327183816401 -0.051694180768061239 0.03731380133512345 -0.062487789423162549
leaf_weight=0.97686628566589195 0.9356616907753057 0.84876927733421315 0.88719356432557095 0.75135831406805653 0.2165728930849582 0.48343171051237732
leaf_count=1313 33 14 12 95 9 21
internal_value=-0.00163658 0.0098311 0.00264984 -0.00756505 0.0127061 -0.0316104
internal_weight=5.09985 4.12299 3.27422 2.38702 1.63567 0.700005
internal_count=1497 184 170 158 63 30
is_linear=0
shrinkage=0.05


Tree=69
num_leaves=7
num_cat=0
split_feature=3 23 34 13 42 33
split_gain=1.07286 0.314806 0.327044 0.862395 0.491997 0.451961
threshold=4.4272752950313086 11.286606197840703 15.720526446235377 0.036090463361351001 8.2660003916395386 13.371473316664526
decision_type=2 2 2 2 2 2
left_child=-1 2 3 4 -2 -5
right_child=1 -3 -4 5 -6 -7
leaf_value=-0.050035534876021061 0.04181388247215484 0.045147975429469085 0.033481382413741725 -0.052860626267547423 -0.011438040508657809 0.056781498359870564
leaf_weight=0.9292569754179566 0.93923339806497164 0.53869353979825962 0.74327931902371336 0.88441351673100133 0.8059205636382103 0.10516758263111115
leaf_count=1313 13 9 38 115 8 1
internal_value=-0.00162014 0.00958066 0.0040718 -0.00392149 0.0172219 -0.0412084
internal_weight=4.94596 4.01671 3.47801 2.73474 1.74515 0.989581
internal_count=1497 184 175 137 21 116
is_linear=0
shrinkage=0.05


Tree=70
num_leaves=7
num_cat=0
split_feature=3 42 41 23 13 9
split_gain=1.01643 0.310759 0.83176 0.738452 0.835641 0.722843
threshold=4.4272752950313086 9.7694604973534211 7.2314019022082965 9.9604484113213427 0.036090463361351001 0.58890811021167633
decision_type=2 2 2 2 2 2
left_child=-1 2 3 4 -2 -3
right_child=1 5 -4 -5 -6 -7
leaf_value=-0.050033802014542599 0.051462365590045384 -0.016056417621623516 -0.05376873529456442 -0.066376649216845274 -0.050756704500363986 0.04858518297593506
leaf_weight=0.88396643410669629 1.0070645026862628 0.69328227685764421 0.59698644292075176 0.22945337090641249 0.24946613563224662 1.1496034413576124
leaf_count=1313 14 16 59 3 67 25
internal_value=-0.00159504 0.00931169 -0.00392022 0.0161062 0.0311682 0.0242674
internal_weight=4.80982 3.92586 2.08297 1.48598 1.25653 1.84289
internal_count=1497 184 143 84 81 41
is_linear=0
shrinkage=0.05


Tree=71
num_leaves=7
num_cat=0
split_feature=5 42 41 48 9 0
split_gain=0.964786 0.304941 0.782786 0.684574 0.633483 0.401432
threshold=3.7912408549096099 9.7694604973534211 7.2314019022082965 1.0000000180025095e-35 0.58890811021167633 5.0000000000000009
decision_type=2 2 2 2 2 2
left_child=-1 2 3 5 -3 -2
right_child=1 4 -4 -5 -6 -7
leaf_value=-0.050057369393534695 0.011258725930560022 -0.014269752317740893 -0.053558305472606482 0.055306095761223487 0.047166530998743093 -0.061868432400001928
leaf_weight=0.84056413639336813 0.53631019237218491 0.67105549236293871 0.57454562158090983 0.61677951738238335 1.1197085180319843 0.28869104501791298
leaf_count=1283 55 16 65 10 32 36
internal_value=-0.00157546 0.00912882 -0.00420702 0.0154593 0.0241444 -0.0143305
internal_weight=4.64765 3.80709 2.01633 1.44178 1.79076 0.825001
internal_count=1497 214 166 101 48 91
is_linear=0
shrinkage=0.05


Tree=72
num_leaves=7
num_cat=0
split_feature=3 23 41 13 41 0
split_gain=0.915511 0.289521 0.303651 0.456829 0.574858 0.404878
threshold=4.4272752950313086 11.286606197840703 10.157174693333596 0.036090463361351001 10.025402177809672 5.0000000000000009
decision_type=2 2 2 2 2 2
left_child=-1 2 3 5 -5 -2
right_child=1 -3 -4 4 -6 -7
leaf_value=-0.050030644687102215 0.041660066939368155 0.044420778882862139 0.052484773019859016 -0.051150055973228636 0.016180840095929641 -0.0084314958975506803
leaf_weight=0.80076552549144242 0.7999732941389095 0.49738096073269833 0.28715470246970642 0.76807935687247642 0.53980041667819023 0.81374239921569824
leaf_count=1313 11 9 7 141 6 10
internal_value=-0.00154974 0.00892529 0.00342322 -0.00139889 -0.0233606 0.0164006
internal_weight=4.5069 3.70613 3.20875 2.9216 1.30788 1.61372
internal_count=1497 184 175 168 147 21
is_linear=0
shrinkage=0.05


Tree=73
num_leaves=7
num_cat=0
split_feature=51 23 13 36 33 0
split_gain=0.880936 0.384485 0.368084 0.63301 0.339441 0.234603
threshold=5.5522034161713236 11.286606197840703 0.031176843647556685 12.957384054834227 7.8273093922605232 5.0000000000000009
decision_type=2 2 2 2 2 2
left_child=-1 2 4 5 -2 -4
right_child=1 -3 3 -5 -6 -7
leaf_value=-0.044655900761427121 0.053815176998448726 0.054074590233876778 -0.0015474352565994316 0.03002028730173736 -0.00065942476515390457 -0.047286427181067042
leaf_weight=0.93214927287772287 0.56275286152958937 0.43487291410565365 0.43485632369993232 0.64997792616486538 0.58142012468306348 0.78903735714266077
leaf_count=1205 11 8 101 11 9 152
internal_value=-0.00152342 0.0101206 0.00378725 -0.00985721 0.0261335 -0.0310351
internal_weight=4.38507 3.45292 3.01804 1.87387 1.14417 1.22389
internal_count=1497 292 284 264 20 253
is_linear=0
shrinkage=0.05


Tree=74
num_leaves=7
num_cat=0
split_feature=3 36 13 30 36 39
split_gain=0.829328 0.282814 0.333598 0.560995 0.455558 0.313288
threshold=4.4272752950313086 13.537738786420404 0.14687222616184184 0.94590643274853814 8.9495653238465813 20.875000000000004
decision_type=2 2 2 2 2 2
left_child=-1 2 4 -4 5 -2
right_child=1 -3 3 -5 -6 -7
leaf_value=-0.050027924877938904 0.050526791365933438 0.053293428529966241 -0.042353374088067719 0.040595454422145266 -0.027117432803890226 0.0074766814632131031
leaf_weight=0.72956800559768442 0.78448258619755618 0.32070561870932568 0.74110003572422989 0.28116813860833645 0.49616047367453564 0.91613277024589479
leaf_count=1313 17 8 117 11 14 17
internal_value=-0.00148707 0.00851755 0.00405663 -0.0195388 0.0150368 0.0273354
internal_weight=4.26932 3.53975 3.21904 1.02227 2.19678 1.70062
internal_count=1497 184 176 128 48 34
is_linear=0
shrinkage=0.05


Tree=75
num_leaves=7
num_cat=0
split_feature=3 22 34 0 38 41
split_gain=0.786277 0.289177 0.296093 0.619652 0.554578 0.406428
threshold=4.4272752950313086 15.015177995119828 15.720526446235377 5.0000000000000009 0.49837622549019617 5.2943619455684034
decision_type=2 2 2 2 2 2
left_child=-1 2 3 4 -2 -5
right_child=1 -3 -4 5 -6 -7
leaf_value=-0.05002656215649795 0.043536382505675555 0.036755938403568132 0.031646282258797835 0.024877175534713945 -0.052347005525093526 -0.045743789209974156
leaf_weight=0.69400502817006771 0.71997035352978977 0.70916060917079438 0.61113445856608439 0.25770417274907209 0.1907620609854348 0.97274159884545952
leaf_count=1313 31 14 37 20 26 56
internal_value=-0.00145339 0.00828524 0.000949485 -0.00781199 0.0234526 -0.030953
internal_weight=4.15548 3.46147 2.75231 2.14118 0.910732 1.23045
internal_count=1497 184 170 133 57 76
is_linear=0
shrinkage=0.05


Tree=76
num_leaves=7
num_cat=0
split_feature=5 22 36 47 22 0
split_gain=0.746942 0.302468 0.406752 0.314334 0.278065 0.565484
threshold=3.7912408549096099 14.231218976625673 7.2668691766077895 1.0000000180025095e-35 11.360203711742528 5.0000000000000009
decision_type=2 2 2 2 2 2
left_child=-1 3 -3 4 -2 -6
right_child=1 2 -4 -5 5 -7
leaf_value=-0.050049039653768869 -0.05140775009368307 -0.014441682864799972 0.048746395469630673 0.024611948384936497 0.05971572422766748 -0.023308848838781808
leaf_weight=0.66094310116022814 0.40114156343042928 0.37394472898449727 0.79855457972735167 0.70961528830230225 0.27241336531005778 0.82988237027893774
leaf_count=1283 95 15 17 12 4 71
internal_value=-0.00142996 0.00806169 0.0285938 -0.00281648 -0.0157626 -0.00279076
internal_weight=4.04649 3.38555 1.1725 2.21305 1.50344 1.1023
internal_count=1497 214 32 182 170 75
is_linear=0
shrinkage=0.05


Tree=77
num_leaves=7
num_cat=0
split_feature=5 36 13 30 36 23
split_gain=0.708133 0.260582 0.278096 0.500328 0.400204 0.301058
threshold=3.7912408549096099 13.537738786420404 0.14687222616184184 0.94590643274853814 8.9495653238465813 11.624453161375945
decision_type=2 2 2 2 2 2
left_child=-1 2 4 5 -2 -4
right_child=1 -3 3 -5 -6 -7
leaf_value=-0.050046685350732839 0.02598024193619651 0.053095426309011123 -0.052557102017943495 0.038666107854098936 -0.026335990137936499 0.054353064981515001
leaf_weight=0.62873735447647083 1.5812725414289173 0.29013045132160176 0.61999521101824928 0.27335805527400225 0.47546742903068651 0.073674410581588745
leaf_count=1283 37 8 140 14 14 1
internal_value=-0.00139823 0.00783172 0.00348866 -0.0186251 0.013886 -0.0412022
internal_weight=3.94264 3.3139 3.02377 0.967028 2.05674 0.69367
internal_count=1497 214 206 155 51 141
is_linear=0
shrinkage=0.05


Tree=78
num_leaves=7
num_cat=0
split_feature=5 22 34 42 38 16
split_gain=0.671194 0.289148 0.275171 0.582863 0.580786 0.470102
threshold=3.7912408549096099 15.015177995119828 15.720526446235377 8.0774379228624138 0.49837622549019617 0.33061901747113115
decision_type=2 2 2 2 2 2
left_child=-1 2 3 4 -2 -5
right_child=1 -3 -4 5 -6 -7
leaf_value=-0.05004444075558212 0.042661500464011175 0.037649654308032479 0.030360268650660095 -0.045575324497258152 -0.051884426253029192 0.052582365322048623
leaf_weight=0.59809961190330829 0.70509593310998875 0.64205865282565344 0.58545400120783586 0.96047111321240641 0.2110510247584898 0.13972305506467819
leaf_count=1283 36 13 40 84 38 3
internal_value=-0.00137439 0.00759936 0.000183687 -0.00857822 0.0208811 -0.0331094
internal_weight=3.84195 3.24385 2.6018 2.01634 0.916147 1.10019
internal_count=1497 214 201 161 74 87
is_linear=0
shrinkage=0.05


Tree=79
num_leaves=7
num_cat=0
split_feature=5 42 41 47 9 24
split_gain=0.636503 0.282776 0.605245 0.544958 0.521738 0.416904
threshold=3.7912408549096099 9.7694604973534211 7.2314019022082965 1.0000000180025095e-35 0.58890811021167633 0.99978927444947541
decision_type=2 2 2 2 2 2
left_child=-1 2 3 5 -3 -2
right_child=1 4 -4 -5 -6 -7
leaf_value=-0.050042301677888826 -0.03915215150714968 -0.014515374801888548 -0.053022045768918086 0.05397007291709871 0.046438262079510434 0.047051274061332686
leaf_weight=0.5689536705031063 0.50645916306530148 0.56662740069441475 0.49615745135815803 0.47796834632754326 0.92284370464039966 0.19397773736272939
leaf_count=1283 68 16 65 10 32 23
internal_value=-0.00135405 0.00740102 -0.00669629 0.0128088 0.0232502 -0.0152791
internal_weight=3.73299 3.16403 1.67456 1.17841 1.48947 0.700437
internal_count=1497 214 166 101 48 91
is_linear=0
shrinkage=0.05


Tree=80
num_leaves=7
num_cat=0
split_feature=3 42 41 23 13 9
split_gain=0.604811 0.248304 0.575875 0.523792 0.610178 0.518561
threshold=4.4272752950313086 9.7694604973534211 7.2314019022082965 9.9604484113213427 0.036090463361351001 0.58890811021167633
decision_type=2 2 2 2 2 2
left_child=-1 2 3 4 -2 -3
right_child=1 5 -4 -5 -6 -7
leaf_value=-0.050020847500099032 0.048690060508611209 -0.014724152441072755 -0.052897499904881684 -0.062323736715498984 -0.050646970507567106 0.046084006262501531
leaf_weight=0.54218310420401428 0.75014175660908244 0.57867217692546524 0.46974941910593759 0.19222964532673359 0.19471349695231766 0.88957701541949064
leaf_count=1313 14 16 59 3 67 25
internal_value=-0.00133025 0.00725462 -0.00632688 0.0129123 0.0282189 0.0221181
internal_weight=3.61727 3.07508 1.60683 1.13708 0.944855 1.46825
internal_count=1497 184 143 84 81 41
is_linear=0
shrinkage=0.05


Tree=81
num_leaves=7
num_cat=0
split_feature=5 22 41 38 23 41
split_gain=0.573969 0.247168 0.276206 0.556953 0.450571 0.629152
threshold=3.7912408549096099 15.015177995119828 10.025402177809672 0.47559523809523813 9.9604484113213427 7.2314019022082965
decision_type=2 2 2 2 2 2
left_child=-1 2 3 4 5 -2
right_child=1 -3 -4 -5 -6 -7
leaf_value=-0.050039665576403783 0.044340081198295966 0.03576765677622188 0.027141713347140762 -0.051287574637758009 -0.061421471913154994 -0.054374570430555248
leaf_weight=0.51534151754458468 0.75302112117060527 0.60066431015729893 0.66831355885369692 0.56707834757980879 0.18829460721462965 0.20544876079657115
leaf_count=1283 38 13 14 118 3 28
internal_value=-0.00131371 0.00710467 -0.000122746 -0.0107545 0.00928918 0.0231805
internal_weight=3.49816 2.98282 2.38216 1.71384 1.14676 0.95847
internal_count=1497 214 201 187 69 66
is_linear=0
shrinkage=0.05


Tree=82
num_leaves=7
num_cat=0
split_feature=3 36 12 41 36 47
split_gain=0.545069 0.240894 0.250752 0.322673 0.520297 0.394315
threshold=4.4272752950313086 13.537738786420404 0.27178030303030304 10.025402177809672 8.8193108236167834 1.0000000180025095e-35
decision_type=2 2 2 2 2 2
left_child=-1 2 -2 4 5 -4
right_child=1 -3 3 -5 -6 -7
leaf_value=-0.0500189147600743 -0.055683150038312916 0.053072724596874912 -0.0019708834393366522 0.054471259705055224 -0.052738461760440197 0.053449558451303128
leaf_weight=0.49102231420693021 0.17335659789387214 0.25789024028927077 1.3517258522333584 0.30724952928721894 0.38795504288282234 0.42089070752263058
leaf_count=1313 10 8 101 6 49 10
internal_value=-0.00130323 0.00694787 0.00244414 0.0065274 -0.000290582 0.0111882
internal_weight=3.39009 2.89907 2.64118 2.46782 2.16057 1.77262
internal_count=1497 184 176 166 160 111
is_linear=0
shrinkage=0.05


Tree=83
num_leaves=7
num_cat=0
split_feature=5 36 13 30 42 38
split_gain=0.517614 0.229474 0.265663 0.408037 0.32302 0.531305
threshold=3.7912408549096099 13.537738786420404 0.14687222616184184 0.94590643274853814 10.534346723906078 0.49837622549019617
decision_type=2 2 2 2 2 2
left_child=-1 2 4 -4 5 -2
right_child=1 -3 3 -5 -6 -7
leaf_value=-0.050037754638273924 0.020318199113120619 0.052922294196183023 -0.041789002189403436 0.036430813329748242 0.055072948978347649 -0.051703324732718769
leaf_weight=0.46707574286847409 1.0274030398577458 0.24599247332662333 0.61606020361068647 0.22859145642723888 0.36912216519704077 0.34108212395221915
leaf_count=1283 18 8 141 14 7 26
internal_value=-0.00127488 0.00677813 0.00238232 -0.0206201 0.0135638 0.00236751
internal_weight=3.29533 2.82825 2.58226 0.844652 1.73761 1.36849
internal_count=1497 214 206 155 51 44
is_linear=0
shrinkage=0.05


Tree=84
num_leaves=7
num_cat=0
split_feature=51 23 13 36 36 23
split_gain=0.480465 0.302109 0.251957 0.442466 0.176054 0.174406
threshold=5.5522034161713236 11.286606197840703 0.031176843647556685 12.957384054834227 12.784524258890857 9.9604484113213427
decision_type=2 2 2 2 2 2
left_child=4 2 -2 5 -1 -4
right_child=1 -3 3 -5 -6 -7
leaf_value=-0.050369202872028646 0.023479522324673985 0.052982632199613189 -0.013172067103888406 0.027617961537393317 0.052485051255197868 -0.05638186046653864
leaf_weight=0.53596277695032801 0.83011864175205197 0.32509033195674408 0.57934104037121847 0.49197991658002138 0.045105963945388794 0.39122564275749028
leaf_count=1204 20 8 244 11 1 9
internal_value=-0.00125526 0.0078744 0.00147825 -0.0110093 -0.0423851 -0.0305895
internal_weight=3.19882 2.61776 2.29267 1.46255 0.581069 0.970567
internal_count=1497 292 284 264 1205 253
is_linear=0
shrinkage=0.05


Tree=85
num_leaves=7
num_cat=0
split_feature=5 36 13 30 42 41
split_gain=0.467847 0.21285 0.241525 0.375695 0.297257 0.555871
threshold=3.7912408549096099 13.537738786420404 0.14687222616184184 0.94590643274853814 10.534346723906078 7.5007907163319478
decision_type=2 2 2 2 2 2
left_child=-1 2 4 -4 5 -2
right_child=1 -3 3 -5 -6 -7
leaf_value=-0.050035571621869161 0.021268100948699922 0.05271091722016618 -0.041289089357232661 0.035156584566082331 0.054640549595809766 -0.053143827648084112
leaf_weight=0.42430734174558926 0.98580525978468425 0.2276198687031864 0.58472316290135484 0.22164140053791925 0.34165401250356797 0.33669201505836099
leaf_count=1283 28 8 141 14 7 16
internal_value=-0.00123034 0.00644474 0.00218203 -0.0202768 0.0130645 0.00232371
internal_weight=3.12244 2.69814 2.47052 0.806365 1.66415 1.3225
internal_count=1497 214 206 155 51 44
is_linear=0
shrinkage=0.05


Tree=86
num_leaves=7
num_cat=0
split_feature=3 36 13 30 42 41
split_gain=0.444237 0.202738 0.225384 0.357078 0.28523 0.519406
threshold=4.4272752950313086 13.537738786420404 0.14687222616184184 0.94590643274853814 10.534346723906078 7.5007907163319478
decision_type=2 2 2 2 2 2
left_child=-1 2 4 -4 5 -2
right_child=1 -3 3 -5 -6 -7
leaf_value=-0.050015664186871284 0.020359644270915966 0.052578279739915815 -0.040530385759228106 0.035027106784427893 0.054587594756705188 -0.052995914695134018
leaf_weight=0.40412585154990699 0.97849468584172494 0.21705114003270853 0.57115912655717682 0.21531555848196149 0.3258700519800185 0.32030603382736444
leaf_count=1313 28 8 117 11 6 14
internal_value=-0.00121112 0.00629333 0.00212676 -0.0198448 0.0127628 0.00226893
internal_weight=3.03232 2.6282 2.41115 0.786475 1.62467 1.2988
internal_count=1497 184 176 128 48 42
is_linear=0
shrinkage=0.05


Tree=87
num_leaves=7
num_cat=0
split_feature=3 23 36 23 13 33
split_gain=0.421544 0.208139 0.189501 0.301049 0.325143 0.371021
threshold=4.4272752950313086 11.286606197840703 13.537738786420404 10.001200200165357 0.036090463361351001 12.254793714635218
decision_type=2 2 2 2 2 2
left_child=-1 2 3 4 -2 -6
right_child=1 -3 -4 -5 5 -7
leaf_value=-0.050014902942649264 0.025875844473487553 0.043574489960253232 0.052892495320027523 -0.032780600167177626 -0.050435617225105069 0.046321657977874998
leaf_weight=0.3844221081817526 0.9663392659276735 0.32423440739512432 0.16142871323972929 0.61248738016001869 0.36091900276369415 0.13656537001952529
leaf_count=1313 19 9 5 13 133 5
internal_value=-0.00119136 0.00613457 0.000709765 -0.00334733 0.00896802 -0.0238746
internal_weight=2.9464 2.56197 2.23774 2.07631 1.46382 0.497484
internal_count=1497 184 175 170 157 138
is_linear=0
shrinkage=0.05


Tree=88
num_leaves=7
num_cat=0
split_feature=17 23 13 41 19 9
split_gain=0.409129 0.27816 0.201745 0.214428 0.202397 0.256741
threshold=4.6016782968584673 11.286606197840703 0.28904526528096319 10.248184321961073 0.12338354583375048 0.47627012506443828
decision_type=2 2 2 2 2 2
left_child=-1 2 4 -4 5 -2
right_child=1 -3 3 -5 -6 -7
leaf_value=-0.050477495296087672 -0.053523485434786681 0.052614245649859996 -0.050800546985879359 0.04933214526061782 0.045131360850945851 0.0074633344795533964
leaf_weight=0.36690069647738743 0.19772589413332831 0.28439327422529448 0.30841615577810433 0.064676821988541633 0.29112586707924482 1.3563668469723777
leaf_count=936 59 8 263 4 65 162
internal_value=-0.00116922 0.00605945 9.10079e-05 -0.0334422 0.00687124 -0.000295967
internal_weight=2.86961 2.5027 2.21831 0.373093 1.84522 1.55409
internal_count=1497 561 553 267 286 221
is_linear=0
shrinkage=0.05


Tree=89
num_leaves=7
num_cat=0
split_feature=17 23 13 41 42 9
split_gain=0.387948 0.264914 0.190286 0.203592 0.192704 0.46059
threshold=4.6016782968584673 11.286606197840703 0.28904526528096319 10.248184321961073 8.0537255981043341 0.6762427529172409
decision_type=2 2 2 2 2 2
left_child=-1 2 4 -4 -2 -6
right_child=1 -3 3 -5 5 -7
leaf_value=-0.050455278003847082 0.029104561070574533 0.052482361740192308 -0.050762291621179081 0.048997082359669382 -0.030351568321715611 0.0329303561136901
leaf_weight=0.34915652769268524 0.62530991900712329 0.2711858870461582 0.29359004285652179 0.061932745506055653 0.72146492314641342 0.47807304194429889
leaf_count=936 128 8 263 4 83 75
internal_value=-0.00114549 0.00587732 8.07729e-05 -0.033384 0.00660049 -0.00513071
internal_weight=2.80071 2.45156 2.18037 0.355523 1.82485 1.19954
internal_count=1497 561 553 267 286 158
is_linear=0
shrinkage=0.05


Tree=90
num_leaves=7
num_cat=0
split_feature=51 23 13 36 0 13
split_gain=0.368842 0.239154 0.191805 0.361643 0.174722 0.378875
threshold=5.5522034161713236 11.286606197840703 0.031176843647556685 12.957384054834227 5.0000000000000009 0.036090463361351001
decision_type=2 2 2 2 2 2
left_child=-1 2 -2 4 5 -4
right_child=1 -3 3 -5 -6 -7
leaf_value=-0.042265954866262716 0.021390583453249831 0.052357341926825986 0.060384215676558509 0.027002161879493586 -0.046771931282333513 -0.050474099995471901
leaf_weight=0.45415135196526568 0.74726691030082371 0.2585604041814803 0.1423956900835035 0.42668281402438879 0.53514569532126188 0.16800747066736221
leaf_count=1205 20 8 1 11 152 100
internal_value=-0.00112112 0.00708147 0.00128471 -0.0105248 -0.0294618 0.000381524
internal_weight=2.73221 2.27806 2.0195 1.27223 0.845549 0.310403
internal_count=1497 292 284 264 253 101
is_linear=0
shrinkage=0.05


Tree=91
num_leaves=7
num_cat=0
split_feature=3 36 41 9 22 0
split_gain=0.351634 0.176463 0.190978 0.318563 0.418004 0.516567
threshold=4.4272752950313086 13.537738786420404 5.0122067185829877 0.5869869528413153 13.540629337135702 5.0000000000000009
decision_type=2 2 2 2 2 2
left_child=-1 2 -2 -4 5 -5
right_child=1 -3 3 4 -6 -7
leaf_value=-0.050012632519972379 0.033256823631346369 0.05234472059605752 -0.040951495593851334 0.023807531688325025 0.04377199699253019 -0.056146201714318028
leaf_weight=0.3228741476486906 0.39035906514618623 0.18623183760792006 0.46408788132248435 0.41883403138490372 0.48969139764085412 0.39024665413307957
leaf_count=1313 26 8 70 31 16 33
internal_value=-0.0010995 0.00565114 0.00161262 -0.00539452 0.00731099 -0.0147568
internal_weight=2.66233 2.33945 2.15322 1.76286 1.29877 0.809081
internal_count=1497 184 176 150 80 64
is_linear=0
shrinkage=0.05


Tree=92
num_leaves=7
num_cat=0
split_feature=17 23 41 23 36 6
split_gain=0.337017 0.230694 0.171807 0.344598 0.361568 0.32776
threshold=4.6016782968584673 11.286606197840703 10.025402177809672 9.8652804000492313 8.6954473565825179 2.6664937728395457
decision_type=2 2 2 2 2 2
left_child=-1 2 3 4 5 -2
right_child=1 -3 -4 -5 -6 -7
leaf_value=-0.050404616107478477 -0.013822667801444498 0.052156573034730397 0.025341987084094915 -0.055659438375481554 -0.05274562375314186 0.043633484963457675
leaf_weight=0.30543712481448926 0.46771529887337304 0.23758317157626141 0.50667997985146929 0.30655583599582303 0.231101513345493 0.52888617225107737
leaf_count=936 420 8 28 11 62 32
internal_value=-0.00108511 0.00552619 9.80098e-05 -0.00823867 0.00360224 0.0166687
internal_weight=2.58396 2.27852 2.04094 1.53426 1.2277 0.996601
internal_count=1497 561 553 525 514 452
is_linear=0
shrinkage=0.05


Tree=93
num_leaves=7
num_cat=0
split_feature=3 36 21 9 22 41
split_gain=0.321052 0.163376 0.18649 0.205959 0.297206 0.193282
threshold=4.4272752950313086 13.537738786420404 5.7262819382735382 0.40290901388488509 15.015177995119828 10.248184321961073
decision_type=2 2 2 2 2 2
left_child=-1 2 3 -2 5 -5
right_child=1 -3 -4 4 -6 -7
leaf_value=-0.050011621455338752 -0.051053922510641003 0.052181087923830527 0.051567098293595376 -0.011773681239901976 0.054346573492162743 0.051546863238462221
leaf_weight=0.29562163795344565 0.19956942231510844 0.17255264101549972 0.17057502642273892 1.3017323483654761 0.23867466673254956 0.13281093537807453
leaf_count=1313 32 8 6 129 4 5
internal_value=-0.001068 0.00546149 0.00151623 -0.00304244 0.00268402 -0.00591142
internal_weight=2.51154 2.21592 2.04336 1.87279 1.67322 1.43454
internal_count=1497 184 176 170 138 134
is_linear=0
shrinkage=0.05


Tree=94
num_leaves=7
num_cat=0
split_feature=3 36 21 42 38 42
split_gain=0.30478 0.15565 0.176902 0.163802 0.263286 0.383695
threshold=4.4272752950313086 13.537738786420404 5.7262819382735382 10.393549341466228 0.22533936651583714 8.2660003916395386
decision_type=2 2 2 2 2 2
left_child=-1 2 3 4 5 -2
right_child=1 -3 -4 -5 -6 -7
leaf_value=-0.050011053672434719 0.042744910024882954 0.052074619977043893 0.051488449903302348 0.024330144168607414 -0.035257376079172668 -0.026908920472774617
leaf_weight=0.28120711278461419 0.39760414080228723 0.16446426603943098 0.16249757632613171 0.42416884936392296 0.6278531416610349 0.3932735820999369
leaf_count=1313 21 8 6 20 109 20
internal_value=-0.00103452 0.00531268 0.0014777 -0.002932 -0.0110828 0.00810869
internal_weight=2.45107 2.16986 2.0054 1.8429 1.41873 0.790878
internal_count=1497 184 176 170 150 41
is_linear=0
shrinkage=0.05


Tree=95
num_leaves=7
num_cat=0
split_feature=5 22 16 41 42 38
split_gain=0.290251 0.158558 0.167186 0.238148 0.472203 0.431941
threshold=3.7912408549096099 15.015177995119828 0.33061901747113115 10.025402177809672 8.0774379228624138 0.47559523809523813
decision_type=2 2 2 2 2 2
left_child=-1 2 3 4 5 -2
right_child=1 -3 -4 -5 -6 -7
leaf_value=-0.050026815912495748 0.039027117466441823 0.034107149401319932 0.051349912069465646 0.02423898419727178 -0.053927288383519727 -0.051056530471631827
leaf_weight=0.26811095910670735 0.427994483150542 0.38738406402990211 0.13885868526995171 0.46573804778745387 0.50941502102068625 0.19310654290893581
leaf_count=1283 33 13 6 14 95 53
internal_value=-0.00100732 0.00518476 -0.0012725 -0.00585014 -0.0182459 0.0110192
internal_weight=2.39061 2.1225 1.73511 1.59625 1.13052 0.621101
internal_count=1497 214 201 195 181 86
is_linear=0
shrinkage=0.05


Tree=96
num_leaves=7
num_cat=0
split_feature=5 22 36 11 5 42
split_gain=0.275497 0.145924 0.337336 0.207442 0.159717 0.149506
threshold=3.7912408549096099 14.231218976625673 6.7324456418826086 0.067486096767882586 4.3715456087905986 7.8301465850147078
decision_type=2 2 2 2 2 2
left_child=-1 3 -3 5 -5 -2
right_child=1 2 -4 4 -6 -7
leaf_value=-0.050025520659590331 0.028110091279009049 -0.034509269745526976 0.046407930655661948 0.021540490793068568 -0.052582906275487951 -0.010357549172648207
leaf_weight=0.25504146782623172 0.48329393431777157 0.17637906514573831 0.47749151394236833 0.095848792683682293 0.30057489608589094 0.52911679631506559
leaf_count=1283 50 13 19 29 53 50
internal_value=-0.00100153 0.00506 0.0245808 -0.00400004 -0.0346611 0.00800573
internal_weight=2.31775 2.0627 0.653871 1.40883 0.396424 1.01241
internal_count=1497 214 32 182 82 100
is_linear=0
shrinkage=0.05


Tree=97
num_leaves=7
num_cat=0
split_feature=17 19 22 9 24 41
split_gain=0.268621 0.170193 0.245124 0.42239 0.330805 0.443246
threshold=4.6016782968584673 0.12338354583375048 13.540629337135702 0.58890811021167633 0.99978927444947541 7.4141529765339804
decision_type=2 2 2 2 2 2
left_child=-1 2 4 -4 -2 -6
right_child=1 -3 3 -5 5 -7
leaf_value=-0.050369538751107903 -0.053497101496183141 0.039539751128989303 -0.02820028276823848 0.044155441071655754 0.049067679545182374 -0.052491082645918036
leaf_weight=0.24545777200546615 0.39685686957091115 0.3034781557653331 0.31871549354400486 0.54937605188752059 0.27312753758451436 0.17709840074530803
leaf_count=936 346 130 13 31 25 16
internal_value=-0.000980126 0.00502537 -0.00108151 0.0175904 -0.0202165 0.00911908
internal_weight=2.26411 2.01865 1.71517 0.868092 0.847083 0.450226
internal_count=1497 561 431 44 387 41
is_linear=0
shrinkage=0.05


Tree=98
num_leaves=7
num_cat=0
split_feature=18 23 13 41 24 24
split_gain=0.253765 0.185601 0.152104 0.159313 0.129972 0.204056
threshold=1.096562299177231 11.286606197840703 0.28904526528096319 10.248184321961073 0.99992517035236661 0.99978927444947541
decision_type=2 2 2 2 2 2
left_child=-1 2 4 -4 5 -2
right_child=1 -3 3 -5 -6 -7
leaf_value=-0.050353092585304716 0.0015720823601809465 0.05172161913149631 -0.050654491965972541 0.048173647103719665 -0.025848839786494417 0.049355880236060773
leaf_weight=0.23249807472166173 0.92404020855610702 0.19099745852872718 0.23610404755163461 0.04929170710965991 0.25944666741997924 0.29467158380430192
leaf_count=940 257 8 265 4 15 8
internal_value=-0.000970907 0.00490321 -0.000167345 -0.0335855 0.00628488 0.0131257
internal_weight=2.18705 1.95455 1.76355 0.285396 1.47816 1.21871
internal_count=1497 557 549 269 280 265
is_linear=0
shrinkage=0.05


Tree=99
num_leaves=7
num_cat=0
split_feature=17 23 47 41 13 23
split_gain=0.242168 0.176544 0.144432 0.191594 0.34069 0.245152
threshold=4.6016782968584673 11.286606197840703 4.6026257344034587 10.025402177809672 0.036090463361351001 10.001200200165357
decision_type=2 2 2 2 2 2
left_child=-1 2 3 4 5 -2
right_child=1 -3 -4 -5 -6 -7
leaf_value=-0.050335279370349262 0.01849494290572453 0.051635744628453197 0.05124065554999975 0.02378851240150949 -0.050588415011925542 -0.058498385985173811
leaf_weight=0.22239349524898022 0.61770896380767204 0.18197692930698384 0.12683563586324442 0.44359870727930673 0.42374222794023808 0.12417058646678925
leaf_count=936 153 8 6 28 365 1
internal_value=-0.000944562 0.00478223 -0.000129051 -0.00417791 -0.014821 0.00560834
internal_weight=2.14043 1.91803 1.73606 1.60922 1.16562 0.74188
internal_count=1497 561 553 547 519 154
is_linear=0
shrinkage=0.05


Tree=100
num_leaves=7
num_cat=0
split_feature=3 36 13 41 42 42
split_gain=0.230937 0.134186 0.153637 0.14861 0.235657 0.363055
threshold=4.4272752950313086 13.537738786420404 0.25224859835381136 5.2943619455684034 10.025402177809672 7.8301465850147078
decision_type=2 2 2 2 2 2
left_child=-1 2 3 -2 5 -5
right_child=1 -3 -4 4 -6 -7
leaf_value=-0.050008810428430119 0.041710985935058981 0.051877993609284072 -0.027944552809499437 0.017583333643633101 0.031692941938899662 -0.054266936679551625
leaf_weight=0.21497856664063908 0.27157717128284264 0.13954794267192472 0.36417903094843485 0.36688544962089487 0.38760828215163201 0.33759283536346629
leaf_count=1313 23 8 84 27 11 31
internal_value=-0.00093405 0.00471556 0.000906517 0.00861146 0.000380361 -0.016848
internal_weight=2.08237 1.86739 1.72784 1.36366 1.09209 0.704478
internal_count=1497 184 176 92 69 58
is_linear=0
shrinkage=0.05


Tree=101
num_leaves=7
num_cat=0
split_feature=17 22 36 11 0 33
split_gain=0.22199 0.129315 0.340895 0.234593 0.157812 0.268061
threshold=4.6016782968584673 14.231218976625673 6.7324456418826086 0.067486096767882586 5.0000000000000009 12.254793714635218
decision_type=2 2 2 2 2 2
left_child=-1 3 -3 4 -2 -6
right_child=1 2 -4 -5 5 -7
leaf_value=-0.050328132866768308 0.033396733465146322 -0.0355331014089528 0.050197927041275792 -0.036186407887723301 -0.031318933250739471 0.054592786197933368
leaf_weight=0.20442367480427526 0.39983908309659433 0.16493084709509265 0.39047625416424125 0.39469497829850297 0.35308796881872695 0.12222737073898315
leaf_count=936 86 14 18 326 115 2
internal_value=-0.000917656 0.00461618 0.0247397 -0.00418544 0.010247 -0.00922673
internal_weight=2.02968 1.82526 0.555407 1.26985 0.875154 0.475315
internal_count=1497 561 32 529 203 117
is_linear=0
shrinkage=0.05


Tree=102
num_leaves=7
num_cat=0
split_feature=17 23 19 41 24 13
split_gain=0.210794 0.159235 0.145881 0.197435 0.327913 0.227677
threshold=4.6016782968584673 11.286606197840703 0.12338354583375048 10.025402177809672 0.99978927444947541 0.11631708625407997
decision_type=2 2 2 2 2 2
left_child=-1 2 3 4 -2 -6
right_child=1 -3 -4 -5 5 -7
leaf_value=-0.050312568692355356 -0.052622523997397336 0.051485857767135962 0.036614405483702185 0.022641466237777491 0.023956334917842412 -0.050639471434555654
leaf_weight=0.19451245215896062 0.41073151239834238 0.16378674609586585 0.23009303145227011 0.41186460049357265 0.42825618130154908 0.13438769381900784
leaf_count=936 351 8 128 25 8 41
internal_value=-0.000893472 0.00450955 -0.00025361 -0.00637751 -0.0186563 0.0061391
internal_weight=1.97363 1.77912 1.61533 1.38524 0.973375 0.562644
internal_count=1497 561 553 425 400 49
is_linear=0
shrinkage=0.05


Tree=103
num_leaves=7
num_cat=0
split_feature=3 36 12 33 36 13
split_gain=0.201646 0.118645 0.15263 0.148601 0.26434 0.31777
threshold=4.4272752950313086 13.537738786420404 0.27178030303030304 12.254793714635218 8.8193108236167834 0.031176843647556685
decision_type=2 2 2 2 2 2
left_child=-1 2 -2 4 5 -4
right_child=1 -3 3 -5 -6 -7
leaf_value=-0.050007849709494623 -0.053984011560220202 0.051668994468817099 0.039175726158479508 0.0447850015326526 -0.051952006357854345 -0.01558340353490327
leaf_weight=0.18840857977920689 0.11769001903303422 0.12359476927667845 0.48062118794769026 0.20419452572241414 0.21338746494438954 0.59036663494771346
leaf_count=1313 10 8 17 8 47 94
internal_value=-0.000887033 0.004463 0.000830705 0.00516449 -0.00113452 0.00899054
internal_weight=1.91826 1.72985 1.60626 1.48857 1.28438 1.07099
internal_count=1497 184 176 166 158 111
is_linear=0
shrinkage=0.05


Tree=104
num_leaves=7
num_cat=0
split_feature=3 24 47 42 24 9
split_gain=0.191488 0.116079 0.104976 0.152794 0.341406 0.232486
threshold=4.4272752950313086 0.99992517035236661 3.7826235192028799 9.7694604973534211 0.99978927444947541 0.58890811021167633
decision_type=2 2 2 2 2 2
left_child=-1 2 3 4 -2 -5
right_child=1 -3 -4 5 -6 -7
leaf_value=-0.050007468604783605 -0.040907345538001461 -0.027112290729573954 0.051019502207026307 -0.015711684926819819 0.04174436473353766 0.042566073734228591
leaf_weight=0.1792211219581078 0.38406117918202631 0.24973157435306337 0.13959289342164982 0.27496889792382717 0.18518551957095042 0.45317362726200372
leaf_count=1313 100 24 8 14 13 25
internal_value=-0.000869325 0.00435183 0.00981995 0.00538707 -0.0140194 0.0205586
internal_weight=1.86593 1.68671 1.43698 1.29739 0.569247 0.728143
internal_count=1497 184 160 152 113 39
is_linear=0
shrinkage=0.05


Tree=105
num_leaves=7
num_cat=0
split_feature=3 41 21 9 22 9
split_gain=0.181865 0.111496 0.127252 0.14357 0.21276 0.152836
threshold=4.4272752950313086 10.157174693333596 5.7262819382735382 0.40290901388488509 15.015177995119828 0.72256697191410313
decision_type=2 2 2 2 2 2
left_child=-1 2 3 -2 5 -5
right_child=1 -3 -4 4 -6 -7
leaf_value=-0.05000710435193613 -0.050740196753691715 0.050951372575141221 0.051059208614331032 0.0028026123279907252 0.052655656750084594 -0.044495664385763467
leaf_weight=0.17048161074490065 0.14443724081502285 0.11856308672577132 0.11558628547936667 0.87925055083178427 0.17739627324044693 0.21196957107167691
leaf_count=1313 32 9 6 75 5 57
internal_value=-0.000846121 0.00424192 0.000619086 -0.00350686 0.00187085 -0.00638508
internal_weight=1.81768 1.6472 1.52864 1.41305 1.26862 1.09122
internal_count=1497 184 175 169 137 132
is_linear=0
shrinkage=0.05


Tree=106
num_leaves=7
num_cat=0
split_feature=3 36 12 33 36 13
split_gain=0.172682 0.111869 0.140971 0.127251 0.237119 0.287316
threshold=4.4272752950313086 13.537738786420404 0.27178030303030304 12.254793714635218 8.8193108236167834 0.031176843647556685
decision_type=2 2 2 2 2 2
left_child=-1 2 -2 4 5 -4
right_child=1 -3 3 -5 -6 -7
leaf_value=-0.050006757837989725 -0.053733834707025467 0.051629884652431561 0.038462791649012618 0.043252089912378736 -0.051818763502060008 -0.015293570809750183
leaf_weight=0.16216821954731142 0.11105616076383729 0.11506472621113051 0.44730981532484271 0.186356269288808 0.19369254920457013 0.55943963749450631
leaf_count=1313 10 8 17 8 47 94
internal_value=-0.000824668 0.00412026 0.000470587 0.00481133 -0.0011562 0.00859097
internal_weight=1.77509 1.61292 1.49785 1.3868 1.20044 1.00675
internal_count=1497 184 176 166 158 111
is_linear=0
shrinkage=0.05


Tree=107
num_leaves=7
num_cat=0
split_feature=17 23 19 31 24 24
split_gain=0.164107 0.141223 0.122812 0.183582 0.22297 0.22123
threshold=4.6016782968584673 11.286606197840703 0.12338354583375048 9.5000000000000018 0.99978927444947541 0.99991029935661224
decision_type=2 2 2 2 2 2
left_child=-1 2 3 4 -2 -6
right_child=1 -3 -4 -5 5 -7
leaf_value=-0.050247577602342497 -0.052613184295039285 0.051328424889320406 0.035874322491910512 0.014217569799147123 0.035598745003701658 -0.051325398296675206
leaf_weight=0.15298721140425198 0.34162367007229455 0.1432472108863293 0.19742614001734171 0.57002578928950243 0.21033755125245079 0.1122687757742824
leaf_count=936 296 8 128 91 16 22
internal_value=-0.000807949 0.00399457 -0.000741425 -0.00659832 -0.024462 0.00534867
internal_weight=1.72792 1.57493 1.43168 1.23426 0.66423 0.322606
internal_count=1497 561 553 425 334 38
is_linear=0
shrinkage=0.05


Tree=108
num_leaves=7
num_cat=0
split_feature=5 33 12 41 33 13
split_gain=0.157692 0.0995286 0.133656 0.167566 0.22643 0.275569
threshold=3.7912408549096099 13.198858617923134 0.27178030303030304 10.025402177809672 8.7017032701484744 0.036090463361351001
decision_type=2 2 2 2 2 2
left_child=-1 2 -2 4 5 -4
right_child=1 -3 3 -5 -6 -7
leaf_value=-0.050017028682404069 -0.053601322212665475 0.051598423466610824 0.026794937591605807 0.051640442305934946 -0.051676219672149887 -0.029784479652246856
leaf_weight=0.14839737377042195 0.10552849661326025 0.10232918243855227 0.64519610778370384 0.16731054498814035 0.19076961673272308 0.32291425685980357
leaf_count=1283 10 7 23 9 49 116
internal_value=-0.000800587 0.0039604 0.000555575 0.00486498 -0.00188811 0.00792281
internal_weight=1.68245 1.53405 1.43172 1.32619 1.15888 0.96811
internal_count=1497 214 207 197 188 139
is_linear=0
shrinkage=0.05


Tree=109
num_leaves=7
num_cat=0
split_feature=3 23 41 48 42 14
split_gain=0.150192 0.100456 0.105511 0.121524 0.120746 0.364575
threshold=4.4272752950313086 11.286606197840703 10.157174693333596 4.6026257344034587 8.0774379228624138 0.22069925935378501
decision_type=2 2 2 2 2 2
left_child=-1 2 3 4 -2 -6
right_child=1 -3 -4 -5 5 -7
leaf_value=-0.050006086946471309 0.011517371273918471 0.042949759575166647 0.05086444202330509 0.050910497182800135 0.019026435929788164 -0.053312376465487255
leaf_weight=0.14158645551651727 0.45270598589559063 0.14817713666707266 0.093314545694738515 0.092483174987137207 0.31049253583478276 0.39671744836959988
leaf_count=1313 74 9 7 6 54 34
internal_value=-0.00078855 0.00387614 -0.000426275 -0.00424788 -0.0086458 -0.0215528
internal_weight=1.63548 1.49389 1.34571 1.2524 1.15992 0.70721
internal_count=1497 184 175 168 162 88
is_linear=0
shrinkage=0.05


Tree=110
num_leaves=7
num_cat=0
split_feature=18 23 13 29 41 23
split_gain=0.143559 0.129263 0.10617 0.200879 0.143277 0.236055
threshold=1.096562299177231 11.286606197840703 0.2834821428571429 11.688020351526367 10.025402177809672 10.001200200165357
decision_type=2 2 2 2 2 2
left_child=-1 2 4 -4 5 -2
right_child=1 -3 3 -5 -6 -7
leaf_value=-0.05023888458617301 0.012048854540847118 0.051238892285022999 -0.051583993901004412 0.035879711028549109 0.05113710301220073 -0.053857722229073507
leaf_weight=0.13434486980258964 0.68633986794156931 0.13060288643464435 0.2252600769206764 0.092648356803692877 0.15577496173500549 0.16939303051913157
leaf_count=940 246 8 258 20 19 6
internal_value=-0.000778141 0.00377303 -0.000890053 -0.0260944 0.00703145 -0.000997406
internal_weight=1.59436 1.46002 1.32942 0.317908 1.01151 0.855733
internal_count=1497 557 549 278 271 252
is_linear=0
shrinkage=0.05


Tree=111
num_leaves=7
num_cat=0
split_feature=5 36 13 24 24 24
split_gain=0.137211 0.0932994 0.114632 0.114432 0.112708 0.226276
threshold=3.7912408549096099 13.537738786420404 0.25224859835381136 0.99992517035236661 0.99978927444947541 0.99942213424906978
decision_type=2 2 2 2 2 2
left_child=-1 2 3 4 5 -2
right_child=1 -3 -4 -5 -6 -7
leaf_value=-0.050016025021129812 0.022449605970962416 0.051392664663216764 -0.028303801805336933 -0.024826342687563674 0.046632335148755644 -0.048062789095036036
leaf_weight=0.12962486194737732 0.46279082327964693 0.09571984689682711 0.27744817931670684 0.21365075756330043 0.22281900979578495 0.1508646888541989
leaf_count=1283 64 8 111 15 7 9
internal_value=-0.000767563 0.00371769 0.000280255 0.0078323 0.0161739 0.00511442
internal_weight=1.55292 1.42329 1.32757 1.05013 0.836475 0.613656
internal_count=1497 214 206 95 80 73
is_linear=0
shrinkage=0.05


Tree=112
num_leaves=7
num_cat=0
split_feature=17 4 35 13 22 32
split_gain=0.134231 0.125457 0.132801 0.227315 0.18048 0.167594
threshold=4.6016782968584673 5.6708367670338955 0.93744266621899219 0.013239160372240539 13.540629337135702 5.5000000000000009
decision_type=2 2 2 2 2 2
left_child=-1 2 3 5 -4 -2
right_child=1 -3 4 -5 -6 -7
leaf_value=-0.050241983852918504 0.025663367245674258 0.0240804812021089 -0.050220023790226054 -0.051219659054003434 0.052004663080831716 -0.052431839214101918
leaf_weight=0.12565390905365359 0.29017194901098242 0.4902430402871687 0.058058229835296515 0.29674761237401981 0.16846140986308455 0.090008346829563379
leaf_count=936 126 32 41 326 9 27
internal_value=-0.000746734 0.00371571 -0.00733494 -0.0184242 0.0258039 0.00717419
internal_weight=1.51934 1.39369 0.903448 0.676928 0.22652 0.38018
internal_count=1497 561 529 479 50 153
is_linear=0
shrinkage=0.05


Tree=113
num_leaves=7
num_cat=0
split_feature=23 17 19 9 22 0
split_gain=0.12925 0.101318 0.113825 0.135372 0.217495 0.214248
threshold=6.4434632778266581 4.6016782968584673 0.12338354583375048 0.47627012506443828 13.967627580715499 5.0000000000000009
decision_type=2 2 2 2 2 2
left_child=-1 -2 3 -3 5 -5
right_child=1 2 -4 4 -6 -7
leaf_value=-0.050718109182549043 -0.05033522499029365 -0.046230223875898355 0.043331939045841678 0.020523511168602872 0.038220506494227771 -0.039474190673203513
leaf_weight=0.11895430249569483 0.081716786422475596 0.13348803643748375 0.18523645537788969 0.28324047643400263 0.35986646644596476 0.31346917530026985
leaf_count=778 457 44 43 43 25 107
internal_value=-0.000743559 0.00363714 0.0070955 0.000937783 0.00751997 -0.0109951
internal_weight=1.47597 1.35702 1.2753 1.09006 0.956576 0.59671
internal_count=1497 719 262 219 175 150
is_linear=0
shrinkage=0.05


Tree=114
num_leaves=7
num_cat=0
split_feature=23 17 19 9 42 0
split_gain=0.122678 0.095859 0.106934 0.126716 0.205101 0.271568
threshold=6.4434632778266581 4.6016782968584673 0.12338354583375048 0.47627012506443828 10.025402177809672 5.0000000000000009
decision_type=2 2 2 2 2 2
left_child=-1 -2 3 -3 5 -5
right_child=1 2 -4 4 -6 -7
leaf_value=-0.050684385295612693 -0.050319041861048512 -0.045646739027174511 0.042690040178059746 0.019599777966236947 0.033392834056203149 -0.052863499038051334
leaf_weight=0.11322622330772003 0.077755779959261306 0.12856036401353754 0.17878565459977824 0.28179816476767883 0.41750923055951716 0.23891410557553172
leaf_count=778 457 44 43 43 56 76
internal_value=-0.000732471 0.00354152 0.00690381 0.000906278 0.00728523 -0.0136479
internal_weight=1.43655 1.32332 1.24557 1.06678 0.938222 0.520712
internal_count=1497 719 262 219 175 119
is_linear=0
shrinkage=0.05


Tree=115
num_leaves=7
num_cat=0
split_feature=23 17 19 9 42 0
split_gain=0.116427 0.0907095 0.100334 0.120191 0.227477 0.279726
threshold=6.4434632778266581 4.6016782968584673 0.12338354583375048 0.5869869528413153 10.025402177809672 5.0000000000000009
decision_type=2 2 2 2 2 2
left_child=-1 -2 3 -3 5 -5
right_child=1 2 -4 4 -6 -7
leaf_value=-0.050652185684133801 -0.050303634045873437 -0.030651150615497964 0.042014712396193254 0.02337110289726672 0.042619151949620307 -0.052783514746660126
leaf_weight=0.10777086218149645 0.073985669761896022 0.23438796477421397 0.17273144659702655 0.26268720987718552 0.32182840429595672 0.2228980842337478
leaf_count=778 457 84 43 26 53 56
internal_value=-0.000728772 0.00344679 0.0067211 0.000869396 0.0100196 -0.0115861
internal_weight=1.39629 1.28852 1.21453 1.0418 0.807414 0.485585
internal_count=1497 719 262 219 135 82
is_linear=0
shrinkage=0.05


Tree=116
num_leaves=7
num_cat=0
split_feature=3 33 13 9 41 33
split_gain=0.109237 0.0786052 0.102024 0.167849 0.173092 0.0956514
threshold=4.4272752950313086 13.198858617923134 0.036090463361351001 0.66111606553577318 10.025402177809672 8.6019502454729775
decision_type=2 2 2 2 2 2
left_child=-1 2 5 -4 -5 -2
right_child=1 -3 3 4 -6 -7
leaf_value=-0.050004866873133352 0.029627865446518839 0.051300467810020234 -0.051284443732299359 -0.02269924075706975 0.051903552125588254 -0.009807609397247662
leaf_weight=0.10382106863835372 0.37833252176642396 0.080059675034135469 0.20683806113811443 0.20035546342842281 0.1270576398819685 0.25905005517415702
leaf_count=1313 16 7 78 67 7 9
internal_value=-0.000720528 0.00336734 9.19864e-05 -0.0160238 0.00625151 0.0136002
internal_weight=1.35551 1.25169 1.17163 0.534251 0.327413 0.637383
internal_count=1497 184 177 152 74 25
is_linear=0
shrinkage=0.05


Tree=117
num_leaves=7
num_cat=0
split_feature=23 22 42 13 35 16
split_gain=0.106691 0.0839151 0.091723 0.305913 0.242141 0.152303
threshold=6.4434632778266581 15.015177995119828 8.0537255981043341 0.036090463361351001 0.93744266621899219 0.33061901747113115
decision_type=2 2 2 2 2 2
left_child=-1 2 3 -2 5 -4
right_child=1 -3 4 -5 -6 -7
leaf_value=-0.050630951815508488 0.045537296422763281 0.032915465890805955 -0.042544692026333285 -0.050319197027131307 0.037906431021042714 0.050842742968062016
leaf_weight=0.098992474813712872 0.27437930693849899 0.2004792836960404 0.41603993921307847 0.11947563852299936 0.16408586505713174 0.048777397722005844
leaf_count=778 12 13 415 159 117 3
internal_value=-0.000704148 0.00333626 -0.00246181 0.0164593 -0.0143113 -0.0327447
internal_weight=1.32223 1.22324 1.02276 0.393855 0.628903 0.464817
internal_count=1497 719 706 171 535 418
is_linear=0
shrinkage=0.05


Tree=118
num_leaves=7
num_cat=0
split_feature=17 23 13 19 9 42
split_gain=0.102631 0.1047 0.0846427 0.0871993 0.106541 0.171505
threshold=4.6016782968584673 11.286606197840703 0.28904526528096319 0.12338354583375048 0.47627012506443828 10.025402177809672
decision_type=2 2 2 2 2 2
left_child=-1 2 3 4 -2 -6
right_child=1 -3 -4 -5 5 -7
leaf_value=-0.050213806551409959 -0.051761628871518667 0.051012734993121804 -0.034311010846976429 0.04275316453221157 -0.01247777480927266 0.040353416328783039
leaf_weight=0.096729231692734285 0.09329788684408391 0.10500585427507747 0.16445130602369318 0.12898686993139563 0.46003047889098525 0.23062892488087527
leaf_count=936 59 8 267 65 135 27
internal_value=-0.000696679 0.00335419 -0.00129074 0.0046573 -0.00161073 0.00516392
internal_weight=1.27913 1.1824 1.0774 0.912944 0.783957 0.690659
internal_count=1497 561 553 286 221 162
is_linear=0
shrinkage=0.05


Tree=119
num_leaves=7
num_cat=0
split_feature=23 36 13 42 22 23
split_gain=0.0988889 0.0753636 0.127544 0.164669 0.139032 0.129557
threshold=6.4434632778266581 13.537738786420404 0.036090463361351001 8.2660003916395386 14.889872416837045 9.8652804000492313
decision_type=2 2 2 2 2 2
left_child=-1 2 3 -2 -5 -4
right_child=1 -3 5 4 -6 -7
leaf_value=-0.050601281854412442 0.045194013560709317 0.0512137840691122 -0.050206590246980591 -0.031236936558978048 0.041864482223922313 0.001562312781781326
leaf_weight=0.09188772426932712 0.26301955012604572 0.076600397704169043 0.19555225551812327 0.21166303435893496 0.093897796235978603 0.31638494192156941
leaf_count=778 12 8 645 28 5 21
internal_value=-0.000675876 0.00328874 -0.000108775 0.0161915 -0.00877312 -0.0182126
internal_weight=1.24901 1.15712 1.08052 0.56858 0.305561 0.511937
internal_count=1497 719 711 45 33 666
is_linear=0
shrinkage=0.05


Tree=120
num_leaves=7
num_cat=0
split_feature=17 3 13 41 42 42
split_gain=0.0958342 0.07178 0.0890051 0.11204 0.128556 0.13325
threshold=4.6016782968584673 5.8483452837593033 0.2834821428571429 10.025402177809672 7.2038114190589599 10.836229951470711
decision_type=2 2 2 2 2 2
left_child=-1 2 3 4 -2 -6
right_child=1 -3 -4 -5 5 -7
leaf_value=-0.05022445713525249 0.035997295659368253 0.019683811056951273 -0.0362016373849392 0.050167175663580123 -0.039987085067136587 0.05147798753152906
leaf_weight=0.090292001877969708 0.12050307138997574 0.41990304547653068 0.18512514809845015 0.1055282010420342 0.24776014594681328 0.047444785304833204
leaf_count=936 51 35 269 18 182 6
internal_value=-0.000661223 0.00331223 -0.00642 0.00415741 -0.00752225 -0.025287
internal_weight=1.21656 1.12626 0.706361 0.521236 0.415708 0.295205
internal_count=1497 561 526 257 239 188
is_linear=0
shrinkage=0.05


Tree=121
num_leaves=7
num_cat=0
split_feature=17 23 47 41 13 42
split_gain=0.0910039 0.0958107 0.0760867 0.0885272 0.206041 0.209713
threshold=4.6016782968584673 11.286606197840703 4.6026257344034587 10.025402177809672 0.036090463361351001 8.0537255981043341
decision_type=2 2 2 2 2 2
left_child=-1 2 3 4 5 -2
right_child=1 -3 -4 -5 -6 -7
leaf_value=-0.050213659503972025 0.037569432322004229 0.05094098873477132 0.050657427111841458 0.021549945478309004 -0.050380517209837605 -0.030494566760486709
leaf_weight=0.085906413798511605 0.24524113025108796 0.096004164079204091 0.06576280714944005 0.23575153121782932 0.24935498542254209 0.21014299973467132
leaf_count=936 77 8 6 28 365 77
internal_value=-0.000646884 0.00321619 -0.00133711 -0.00497278 -0.0138452 0.0061604
internal_weight=1.18816 1.10226 1.00625 0.940491 0.704739 0.455384
internal_count=1497 561 553 547 519 154
is_linear=0
shrinkage=0.05


Tree=122
num_leaves=7
num_cat=0
split_feature=23 18 13 41 23 35
split_gain=0.0896126 0.0681611 0.0822302 0.128855 0.110581 0.127001
threshold=6.4434632778266581 1.096562299177231 0.031176843647556685 7.5007907163319478 8.7508208985030702 0.93744266621899219
decision_type=2 2 2 2 2 2
left_child=-1 -2 3 -3 -4 -6
right_child=1 2 4 -5 5 -7
leaf_value=-0.050597257252053364 -0.050293588544446099 0.050760842388046706 -0.050150947685319594 -0.013393405762735195 -0.0084156370241435189 0.04631152276863524
leaf_weight=0.083280669241503458 0.056311588963580905 0.20759895940864204 0.10798657577834092 0.12563718370802235 0.43207099998471676 0.14047442814626265
leaf_count=778 448 25 169 12 41 24
internal_value=-0.000638911 0.00324918 0.00622331 0.0265733 -0.00374148 0.00501171
internal_weight=1.15336 1.07008 1.01377 0.333236 0.680532 0.572545
internal_count=1497 719 271 37 234 65
is_linear=0
shrinkage=0.05


Tree=123
num_leaves=7
num_cat=0
split_feature=17 4 10 42 41 6
split_gain=0.0821436 0.0803459 0.10375 0.131849 0.16429 0.102626
threshold=4.6016782968584673 5.6708367670338955 0.088557039551357755 10.025402177809672 7.2213002097618082 3.8022008345821181
decision_type=2 2 2 2 2 2
left_child=-1 2 -2 4 5 -4
right_child=1 -3 3 -5 -6 -7
leaf_value=-0.050193501804109669 -0.039319398639507203 0.021306251431753468 -0.050049428674099811 0.036491708823519584 -0.051108081156634601 0.051838106929918221
leaf_weight=0.077784255194274121 0.18447558578554868 0.38288200247916393 0.033465953030827222 0.19491394210490398 0.15719617492504767 0.094512468669563532
leaf_count=936 178 32 212 55 80 4
internal_value=-0.000619259 0.00306217 -0.00744898 0.00479733 -0.0168655 0.0251948
internal_weight=1.12523 1.04745 0.664564 0.480089 0.285175 0.127978
internal_count=1497 561 529 351 296 216
is_linear=0
shrinkage=0.05


Tree=124
num_leaves=7
num_cat=0
split_feature=22 4 16 24 41 19
split_gain=0.0788906 0.114093 0.0644139 0.0858373 0.160738 0.194389
threshold=15.015177995119828 4.1072092062382586 0.33061901747113115 0.99978927444947541 10.025402177809672 0.12045397211501151
decision_type=2 2 2 2 2 2
left_child=1 -1 3 4 -3 -6
right_child=-2 2 -4 -5 5 -7
leaf_value=-0.050439648035438628 0.030480621716907519 -0.037974938338092269 0.050598089207383339 0.022472552436388432 0.051481571277467379 -0.052021042432390453
leaf_weight=0.12688522226744681 0.17195492144674063 0.30327482564098318 0.059622031636536121 0.222944386274321 0.14413750311359763 0.066197736734466162
leaf_count=1179 14 208 6 29 9 52
internal_value=-0.000613649 -0.00640612 0.000611419 -0.00343486 -0.0146806 0.0189067
internal_weight=1.09502 0.923062 0.796176 0.736554 0.51361 0.210335
internal_count=1497 1483 304 298 269 61
is_linear=0
shrinkage=0.05


Tree=125
num_leaves=7
num_cat=0
split_feature=17 4 10 41 42 22
split_gain=0.0745775 0.0733261 0.0942922 0.118335 0.0991254 0.137697
threshold=4.6016782968584673 5.6708367670338955 0.088557039551357755 10.025402177809672 7.2038114190589599 15.015177995119828
decision_type=2 2 2 2 2 2
left_child=-1 2 -2 4 -4 -6
right_child=1 -3 3 -5 5 -7
leaf_value=-0.050178523584576154 -0.038697282966637617 0.020591441867580693 0.032058723620176886 0.049032978276147533 -0.045645442923330469 0.052409841705321904
leaf_weight=0.070811997626151424 0.17463735802448355 0.36924444383475929 0.09820893778669415 0.11236117459338857 0.19478057765081758 0.043866474181413651
leaf_count=936 178 32 90 22 238 1
internal_value=-0.000603351 0.00293156 -0.0075209 0.00459921 -0.010222 -0.0276216
internal_weight=1.06391 0.993099 0.623855 0.449217 0.336856 0.238647
internal_count=1497 561 529 351 329 239
is_linear=0
shrinkage=0.05


Tree=126
num_leaves=7
num_cat=0
split_feature=23 13 14 11 42 42
split_gain=0.0764285 0.0782945 0.0671161 0.0669108 0.0770129 0.105164
threshold=11.286606197840703 0.28904526528096319 0.42951528893440755 0.037659349892224733 10.534346723906078 8.0117355340274514
decision_type=2 2 2 2 2 2
left_child=1 2 3 -1 5 -5
right_child=-2 -3 -4 4 -6 -7
leaf_value=0.047873702680331302 0.04294132908174033 -0.03612905067758531 -0.050387128755376348 0.019699808746202488 0.049428413088277695 -0.023949803111358012
leaf_weight=0.083973487755429232 0.091876665130257607 0.16490732700549415 0.057115870615234599 0.23667900220607407 0.071167475038237171 0.3309281756337441
leaf_count=55 9 1030 75 192 18 118
internal_value=-0.000594088 -0.0048278 0.00179105 0.00591449 0.000398516 -0.00574893
internal_weight=1.03665 0.944771 0.779864 0.722748 0.638775 0.567607
internal_count=1497 1488 458 383 328 310
is_linear=0
shrinkage=0.05


Tree=127
num_leaves=7
num_cat=0
split_feature=23 36 13 42 22 9
split_gain=0.0739337 0.0618519 0.0939043 0.14269 0.113092 0.104462
threshold=6.4434632778266581 13.537738786420404 0.036090463361351001 8.2660003916395386 14.889872416837045 0.66111606553577318
decision_type=2 2 2 2 2 2
left_child=-1 2 3 -2 -5 -4
right_child=1 -3 5 4 -6 -7
leaf_value=-0.050509797787658767 0.045281852441896732 0.051071702535003698 -0.050974370837083539 -0.031326918165911426 0.041400789779448915 0.0012913395384271298
leaf_weight=0.069078825454198522 0.21248666569590569 0.062670031213201582 0.15031817103226786 0.18261875266762218 0.075573758222162724 0.26263773978644167
leaf_count=778 12 8 115 28 5 551
internal_value=-0.000573174 0.00307212 -0.00033215 0.0149353 -0.0100393 -0.0177337
internal_weight=1.01538 0.946305 0.883635 0.470679 0.258193 0.412956
internal_count=1497 719 711 45 33 666
is_linear=0
shrinkage=0.05


Tree=128
num_leaves=7
num_cat=0
split_feature=23 23 13 33 41 19
split_gain=0.0702103 0.0580871 0.08137 0.190507 0.132079 0.175036
threshold=6.4434632778266581 11.286606197840703 0.031176843647556685 9.4496351698941741 10.025402177809672 0.12045397211501151
decision_type=2 2 2 2 2 2
left_child=-1 2 3 -2 -4 -6
right_child=1 -3 4 -5 5 -7
leaf_value=-0.05048545537523056 0.044261179226173827 0.041780666368326586 -0.030578060440026797 -0.051277722033833455 0.050510933365895662 -0.051628168364304297
leaf_weight=0.065740695863496512 0.21264441292805714 0.087393159745261073 0.35350598279183032 0.069145089204539545 0.14129137614509091 0.059655071978340857
leaf_count=778 29 9 541 10 13 117
internal_value=-0.000559913 0.00299359 -0.00105993 0.020818 -0.012179 0.0201888
internal_weight=0.989376 0.923635 0.836242 0.28179 0.554452 0.200946
internal_count=1497 719 710 39 671 130
is_linear=0
shrinkage=0.05


Tree=129
num_leaves=7
num_cat=0
split_feature=51 19 23 9 41 24
split_gain=0.0672598 0.0759764 0.0740725 0.0713685 0.111598 0.203465
threshold=5.6391433716120343 0.12338354583375048 11.286606197840703 0.47627012506443828 10.025402177809672 0.99978927444947541
decision_type=2 2 2 2 2 2
left_child=-1 2 3 -2 5 -5
right_child=1 -3 -4 4 -6 -7
leaf_value=-0.035712825703930744 -0.05117577835839017 0.042571945411054524 0.050866187504923277 -0.051837134429150084 0.040364636201588082 0.016098673720059336
leaf_weight=0.11905574973934563 0.078388636153249536 0.11306115227853297 0.061780897784046829 0.18835289182243287 0.13058598223142326 0.26566236728467629
leaf_count=1259 28 71 6 92 10 31
internal_value=-0.000547015 0.00445004 -0.00149681 -0.00637628 -0.000369152 -0.0120852
internal_weight=0.956888 0.837832 0.724771 0.66299 0.584601 0.454015
internal_count=1497 238 167 161 133 123
is_linear=0
shrinkage=0.05


Tree=130
num_leaves=7
num_cat=0
split_feature=23 36 13 0 23 9
split_gain=0.0658214 0.0536071 0.0831981 0.126874 0.0962721 0.136122
threshold=6.4434632778266581 13.537738786420404 0.036090463361351001 5.0000000000000009 9.8652804000492313 0.70999140122324633
decision_type=2 2 2 2 2 2
left_child=-1 2 3 -2 -4 -6
right_child=1 -3 4 -5 5 -7
leaf_value=-0.0504836099712897 0.046092437296410625 0.050932598067856265 -0.050173360107781034 -0.0085177266131595368 -0.035212919992967884 0.040491705685888356
leaf_weight=0.061604120732226875 0.18493641167879105 0.054662449518218637 0.1405678588344017 0.25031251136897481 0.12069616001099348 0.11687680939212441
leaf_count=778 10 8 645 35 11 10
internal_value=-0.00054225 0.003002 -0.000219093 0.014686 -0.0173752 0.00203086
internal_weight=0.929656 0.868052 0.81339 0.435249 0.378141 0.237573
internal_count=1497 719 711 45 666 21
is_linear=0
shrinkage=0.05


Tree=131
num_leaves=7
num_cat=0
split_feature=17 23 19 31 24 24
split_gain=0.0631339 0.0723394 0.060402 0.0775343 0.130728 0.118894
threshold=4.6016782968584673 11.286606197840703 0.12338354583375048 9.5000000000000018 0.99978927444947541 0.99991029935661224
decision_type=2 2 2 2 2 2
left_child=-1 2 3 4 -2 -6
right_child=1 -3 -4 -5 5 -7
leaf_value=-0.050183287678891533 -0.051697020913146131 0.050731832179860575 0.034736604493813002 0.012086898345745596 0.034844096616592699 -0.050755363149391025
leaf_weight=0.059785635352454847 0.18652909304364584 0.072516962769441307 0.10008680140526849 0.29866385527566308 0.12696783139836043 0.059611043867334956
leaf_count=936 296 8 128 91 16 22
internal_value=-0.000530022 0.00298566 -0.00150015 -0.00689904 -0.0220968 0.00749549
internal_weight=0.904161 0.844376 0.771859 0.671772 0.373108 0.186579
internal_count=1497 561 553 425 334 38
is_linear=0
shrinkage=0.05


Tree=132
num_leaves=7
num_cat=0
split_feature=23 36 13 42 23 9
split_gain=0.0600564 0.050228 0.0765535 0.121423 0.090207 0.126127
threshold=6.4434632778266581 13.537738786420404 0.036090463361351001 8.2660003916395386 9.8652804000492313 0.70999140122324633
decision_type=2 2 2 2 2 2
left_child=-1 2 3 -2 -4 -6
right_child=1 -3 4 -5 5 -7
leaf_value=-0.050433313412662106 0.044463543575837892 0.050879686129117856 -0.050159698431048484 -0.0099296473433101301 -0.034698152442974903 0.039978559870993961
leaf_weight=0.056423036909109214 0.18512835260480642 0.051136874943040311 0.13156049613462528 0.23015666999708628 0.1153521109954454 0.11090653738938272
leaf_count=778 12 8 645 33 11 10
internal_value=-0.000528398 0.00288782 -0.000286596 0.0143181 -0.0172368 0.00190657
internal_weight=0.880664 0.824241 0.773104 0.415285 0.357819 0.226259
internal_count=1497 719 711 45 666 21
is_linear=0
shrinkage=0.05


Tree=133
num_leaves=7
num_cat=0
split_feature=22 11 23 41 33 0
split_gain=0.0616884 0.0663607 0.082956 0.0675347 0.0615726 0.130812
threshold=15.015177995119828 0.067486096767882586 10.799470676793787 10.512793783605568 12.254793714635218 5.0000000000000009
decision_type=2 2 2 2 2 2
left_child=1 4 3 -3 5 -1
right_child=-2 2 -4 -5 -6 -7
leaf_value=0.025689992197326733 0.030774593970578631 -0.044387050759139013 0.051204898553406347 0.045076111198778607 0.051274813330602034 -0.032378132186711525
leaf_weight=0.20364776053793321 0.13304733671247959 0.21739851068196003 0.0309901456348598 0.023361845025647199 0.063124068779870868 0.18517548046838783
leaf_count=123 14 1168 2 8 5 177
internal_value=-0.000516542 -0.00626922 -0.0257949 -0.0357061 0.00547132 -0.00196471
internal_weight=0.856745 0.723698 0.271751 0.24076 0.451947 0.388823
internal_count=1497 1483 1178 1176 305 300
is_linear=0
shrinkage=0.05


Tree=134
num_leaves=7
num_cat=0
split_feature=17 23 19 41 24 24
split_gain=0.0575312 0.0664849 0.0580449 0.0665945 0.144944 0.0874481
threshold=4.6016782968584673 11.286606197840703 0.12338354583375048 10.025402177809672 0.99978927444947541 0.99984746627541898
decision_type=2 2 2 2 2 2
left_child=-1 2 3 4 -2 -6
right_child=1 -3 -4 -5 5 -7
leaf_value=-0.050195163068244966 -0.051410648141912624 0.050675721412116376 0.034676155510512813 0.020671685913683735 0.045768302911465039 -0.013884378506885032
leaf_weight=0.054455112578580156 0.18228395619189541 0.066760443383827806 0.09598201590415556 0.15987792170926696 0.09222960114129819 0.18401592966620228
leaf_count=936 351 8 128 25 8 41
internal_value=-0.000505151 0.00295881 -0.00150038 -0.00711528 -0.0168039 0.00603176
internal_weight=0.835605 0.78115 0.714389 0.618407 0.458529 0.276246
internal_count=1497 561 553 425 400 49
is_linear=0
shrinkage=0.05


Tree=135
num_leaves=7
num_cat=0
split_feature=17 19 42 9 0 38
split_gain=0.0546417 0.0532247 0.0678197 0.13068 0.124689 0.154296
threshold=4.6016782968584673 0.12338354583375048 10.025402177809672 0.58890811021167633 5.0000000000000009 0.092556629506641383
decision_type=2 2 2 2 2 2
left_child=-1 2 4 -4 5 -2
right_child=1 -3 3 -5 -6 -7
leaf_value=-0.050185726451221969 0.041305257058728645 0.035686395160706111 -0.026358498708455559 0.040793685800788564 -0.051795320458133759 -0.050367371072238966
leaf_weight=0.05180879962790641 0.12810438127417001 0.10637420950661181 0.11825178606522968 0.18704284358682344 0.15065901119851333 0.071529827182530425
leaf_count=936 51 130 18 61 196 105
internal_value=-0.000498346 0.00288009 -0.00244298 0.0147832 -0.0174563 0.00845855
internal_weight=0.813771 0.761962 0.655588 0.305295 0.350293 0.199634
internal_count=1497 561 431 79 352 156
is_linear=0
shrinkage=0.05


Tree=136
num_leaves=7
num_cat=0
split_feature=22 4 16 24 41 41
split_gain=0.0521978 0.0778977 0.0493371 0.0548162 0.109323 0.0938253
threshold=15.015177995119828 4.1072092062382586 0.33061901747113115 0.99978927444947541 10.025402177809672 4.5477204932788604
decision_type=2 2 2 2 2 2
left_child=1 -1 3 4 5 -3
right_child=-2 2 -4 -5 -6 -7
leaf_value=-0.050311122483798147 0.029377834231500567 0.039940505438352453 0.050493830227842387 0.019927970233789949 0.018650567431573905 -0.051214380772377291
leaf_weight=0.086446234319737414 0.12331186304800212 0.033364863367751241 0.045599905075505376 0.16798183425271418 0.14720523158939613 0.18340137316772598
leaf_count=1179 14 7 6 29 61 201
internal_value=-0.000496929 -0.006045 0.000580611 -0.00369803 -0.014602 -0.0371837
internal_weight=0.787311 0.663999 0.577553 0.531953 0.363971 0.216766
internal_count=1497 1483 304 298 269 208
is_linear=0
shrinkage=0.05


Tree=137
num_leaves=7
num_cat=0
split_feature=23 47 36 24 30 41
split_gain=0.0500897 0.0557279 0.0560046 0.0585427 0.104076 0.0774193
threshold=11.286606197840703 4.6026257344034587 13.537738786420404 0.99978927444947541 0.94590643274853814 4.4495762816055846
decision_type=2 2 2 2 2 2
left_child=1 2 3 4 5 -1
right_child=-2 -3 -4 -5 -6 -7
leaf_value=0.025827446309463088 0.041223213287082346 0.050469578572776612 0.050908668565114404 0.0061741246149940882 0.02271713738865851 -0.051156372298247724
leaf_weight=0.03804228010449151 0.065773210488259792 0.043396287132054567 0.037979823653586209 0.26448598478964414 0.086782408239741926 0.23074514652762446
leaf_count=187 9 6 5 50 407 833
internal_value=-0.000497982 -0.00441018 -0.0080294 -0.0116395 -0.0248899 -0.0402606
internal_weight=0.767205 0.701432 0.658036 0.620056 0.35557 0.268787
internal_count=1497 1488 1482 1477 1427 1020
is_linear=0
shrinkage=0.05


Tree=138
num_leaves=7
num_cat=0
split_feature=17 23 13 41 23 41
split_gain=0.0491705 0.05694 0.0492054 0.147381 0.100262 0.124091
threshold=4.6016782968584673 11.286606197840703 0.036090463361351001 10.025402177809672 10.001200200165357 7.2213002097618082
decision_type=2 2 2 2 2 2
left_child=-1 2 4 -4 5 -2
right_child=1 -3 3 -5 -6 -7
leaf_value=-0.050161048508401473 0.047947792544263165 0.050574249130810468 -0.050236487129691212 0.019589918852245734 -0.052870165935877504 -0.019677294544310081
leaf_weight=0.046720866073883371 0.1832719383201038 0.057307502953335643 0.15470439435921435 0.14773189923653263 0.051339969038963318 0.10770221540224156
leaf_count=936 124 8 365 19 1 44
internal_value=-0.000493055 0.00281227 -0.00143297 -0.0161282 0.0115503 0.0229168
internal_weight=0.748779 0.702058 0.64475 0.302436 0.342314 0.290974
internal_count=1497 561 553 384 169 168
is_linear=0
shrinkage=0.05


Tree=139
num_leaves=7
num_cat=0
split_feature=23 36 13 42 22 9
split_gain=0.0476833 0.0405846 0.0682535 0.0912646 0.0797929 0.0751651
threshold=6.4434632778266581 13.537738786420404 0.036090463361351001 8.2660003916395386 14.889872416837045 0.66111606553577318
decision_type=2 2 2 2 2 2
left_child=-1 2 3 -2 -5 -4
right_child=1 -3 5 4 -6 -7
leaf_value=-0.050351594671170341 0.043978233414707218 0.050745139442397696 -0.050747625853723201 -0.029267321906545303 0.040746984094457428 0.0014775987907389547
leaf_weight=0.044968753585635568 0.15081113297492266 0.041464904381427914 0.10967297115894326 0.13382605054903252 0.058475286699831486 0.18530351391564182
leaf_count=778 12 8 115 28 5 551
internal_value=-0.000488012 0.00281166 -0.000303202 0.0148592 -0.00797726 -0.0179399
internal_weight=0.724523 0.679554 0.638089 0.343112 0.192301 0.294976
internal_count=1497 719 711 45 33 666
is_linear=0
shrinkage=0.05


Tree=140
num_leaves=7
num_cat=0
split_feature=17 23 48 36 23 22
split_gain=0.0468507 0.052895 0.0456972 0.0446701 0.0568389 0.0546626
threshold=4.6016782968584673 11.286606197840703 4.6026257344034587 13.537738786420404 10.640780815334091 13.967627580715499
decision_type=2 2 2 2 2 2
left_child=-1 2 3 4 5 -2
right_child=1 -3 -4 -5 -6 -7
leaf_value=-0.050165905472815353 -0.010846691874920364 0.050545197239875023 0.050440196999587898 0.050806007961118442 -0.050972619625859951 0.031781505764689903
leaf_weight=0.044453175214584917 0.37187471523975546 0.053458946582395583 0.039835018804296851 0.03378008515574038 0.06860006065107882 0.094266447675181553
leaf_count=936 517 8 6 5 6 19
internal_value=-0.000476913 0.00286062 -0.00132963 -0.00495702 -0.00847963 -0.00222611
internal_weight=0.706268 0.661815 0.608356 0.568521 0.534741 0.466141
internal_count=1497 561 553 547 542 536
is_linear=0
shrinkage=0.05


Tree=141
num_leaves=7
num_cat=0
split_feature=18 23 13 41 23 41
split_gain=0.0445038 0.0503297 0.0443887 0.136647 0.0912058 0.114672
threshold=1.096562299177231 11.286606197840703 0.036090463361351001 10.025402177809672 10.001200200165357 7.2213002097618082
decision_type=2 2 2 2 2 2
left_child=-1 2 4 -4 5 -2
right_child=1 -3 3 -5 -6 -7
leaf_value=-0.050157727510800588 0.04783638300508055 0.05051844169258668 -0.050209115090497705 0.019572046720039347 -0.052615316353788182 -0.019353898104277255
leaf_weight=0.042293359483664972 0.16955756251991261 0.050877976580522954 0.14217443970119348 0.13849632610435947 0.047235667705535889 0.10152305066367262
leaf_count=940 118 8 369 19 1 42
internal_value=-0.000459468 0.00277491 -0.00128043 -0.0157758 0.0115006 0.0226728
internal_weight=0.692158 0.649865 0.598987 0.280671 0.318316 0.271081
internal_count=1497 557 549 388 161 160
is_linear=0
shrinkage=0.05


Tree=142
num_leaves=7
num_cat=0
split_feature=22 4 41 42 13 14
split_gain=0.0431412 0.0665829 0.0387598 0.0552964 0.140272 0.0901548
threshold=15.015177995119828 4.1072092062382586 10.157174693333596 8.0774379228624138 0.036090463361351001 0.22069925935378501
decision_type=2 2 2 2 2 2
left_child=1 -1 3 4 -3 -5
right_child=-2 2 -4 5 -6 -7
leaf_value=-0.050279699774442459 0.029150715858982709 0.043687630261770555 0.050401250341670513 0.029206983228443374 -0.050175459727401839 -0.036479239358244472
leaf_weight=0.073513897883458412 0.10395526047796011 0.13947222346905619 0.036378096090629697 0.072244506209244719 0.055699547045151121 0.18862404964784218
leaf_count=1179 14 12 6 39 110 137
internal_value=-0.000454915 -0.00589313 0.000733409 -0.00322857 0.0169003 -0.0182882
internal_weight=0.669888 0.565932 0.492418 0.45604 0.195172 0.260869
internal_count=1497 1483 304 298 122 176
is_linear=0
shrinkage=0.05


Tree=143
num_leaves=7
num_cat=0
split_feature=17 23 48 33 23 22
split_gain=0.0414565 0.0464425 0.0420095 0.0384631 0.0530708 0.0510753
threshold=4.6016782968584673 11.286606197840703 4.6026257344034587 13.198858617923134 10.640780815334091 13.967627580715499
decision_type=2 2 2 2 2 2
left_child=-1 2 3 4 5 -2
right_child=1 -3 -4 -5 -6 -7
leaf_value=-0.050159737989167369 -0.010655705407611456 0.050478899923133293 0.05041620234282166 0.050759522643601666 -0.050910334135804342 0.031651715719565966
leaf_weight=0.039398910268573673 0.34410794740324491 0.0470556202926673 0.036807173630222678 0.029375883052125573 0.063244053395465016 0.089994324596773367
leaf_count=936 517 8 6 4 6 20
internal_value=-0.000449478 0.00275815 -0.00122661 -0.00483539 -0.00811912 -0.0018849
internal_weight=0.649984 0.610585 0.563529 0.526722 0.497346 0.434102
internal_count=1497 561 553 547 543 537
is_linear=0
shrinkage=0.05


Tree=144
num_leaves=7
num_cat=0
split_feature=17 4 10 42 41 27
split_gain=0.0393796 0.0411746 0.0513984 0.0713572 0.0960756 0.0591567
threshold=4.6016782968584673 5.6708367670338955 0.088557039551357755 10.025402177809672 7.2213002097618082 3.5000000000000004
decision_type=2 2 2 2 2 2
left_child=-1 2 -2 4 -4 -5
right_child=1 -3 3 5 -6 -7
leaf_value=-0.050151992987261709 -0.03724105597847175 0.02033326097512532 0.02602633102982245 -0.050143755448378957 -0.050699705084190361 0.048718309465819204
leaf_weight=0.037483043535758043 0.10329436838583206 0.2129125026112888 0.072464409649910522 0.017834599919297034 0.093374989628500771 0.099839237620471977
leaf_count=936 178 32 216 31 80 24
internal_value=-0.000432879 0.00267461 -0.00704533 0.00395609 -0.0171739 0.0337348
internal_weight=0.637203 0.59972 0.386808 0.283513 0.165839 0.117674
internal_count=1497 561 529 351 296 55
is_linear=0
shrinkage=0.05


Tree=145
num_leaves=7
num_cat=0
split_feature=23 16 22 0 34 38
split_gain=0.0393461 0.0339337 0.0404907 0.0517358 0.126526 0.0912764
threshold=6.4434632778266581 0.33061901747113115 15.015177995119828 5.0000000000000009 15.720526446235377 0.47559523809523813
decision_type=2 2 2 2 2 2
left_child=-1 2 3 5 -5 -2
right_child=1 -3 -4 4 -6 -7
leaf_value=-0.050292311525790612 0.036603652257933252 0.050400435846861318 0.029697209844143896 -0.039084976629862184 0.035973766508299136 -0.050187695128551417
leaf_weight=0.037192537392911618 0.12623435160094232 0.035112299723550677 0.093324028071947396 0.21243939106170728 0.076315241523843724 0.039858261225163005
leaf_count=778 87 6 13 445 134 34
internal_value=-0.000430247 0.00274916 -0.000303071 -0.00645843 -0.0192476 0.0157758
internal_weight=0.620476 0.583284 0.548171 0.454847 0.288755 0.166093
internal_count=1497 719 713 700 579 121
is_linear=0
shrinkage=0.05


Tree=146
num_leaves=7
num_cat=0
split_feature=36 12 41 36 49 22
split_gain=0.036738 0.0494769 0.052451 0.0758793 0.0935057 0.0601801
threshold=13.537738786420404 0.27178030303030304 10.025402177809672 8.6954473565825179 4.2198340114362667 11.360203711742528
decision_type=2 2 2 2 2 2
left_child=1 -1 3 4 5 -3
right_child=-2 2 -4 -5 -6 -7
leaf_value=-0.05079996319927145 0.050637677827749153 -0.050263682039118865 0.046382227727292953 -0.050587363870668305 0.050726379416800055 0.00336861002158691
leaf_weight=0.050218991307701799 0.033279504626989365 0.067270514775373158 0.05710307918889157 0.074608013068427681 0.085248288232833147 0.23510481302037078
leaf_count=688 8 588 24 64 10 115
internal_value=-0.000425542 -0.00340921 0.00117341 -0.00441158 0.00447612 -0.00856316
internal_weight=0.602833 0.569554 0.519335 0.462232 0.387624 0.302375
internal_count=1497 1489 801 777 713 703
is_linear=0
shrinkage=0.05


Tree=147
num_leaves=7
num_cat=0
split_feature=47 22 11 0 41 13
split_gain=0.0346666 0.0426611 0.055045 0.056246 0.118067 0.0759656
threshold=4.6026257344034587 14.447146845027904 0.067486096767882586 5.0000000000000009 10.025402177809672 0.036090463361351001
decision_type=2 2 2 2 2 2
left_child=1 2 3 5 -5 -1
right_child=-2 -3 -4 4 -6 -7
leaf_value=0.043471338700646532 0.050362010464190393 0.019808039579726516 -0.037501149985876704 -0.051398007985273109 0.050322706787652285 -0.050098996429703828
leaf_weight=0.10667089227354154 0.031783647835254669 0.1464682280929992 0.13681616746089276 0.095967424069385743 0.04059312965546269 0.027227680546275224
leaf_count=35 6 27 1167 172 5 85
internal_value=-0.000419379 -0.00333412 -0.0116567 0.0014171 -0.0211611 0.0244442
internal_weight=0.585527 0.553744 0.407275 0.270459 0.136561 0.133899
internal_count=1497 1491 1464 297 177 120
is_linear=0
shrinkage=0.05


Tree=148
num_leaves=7
num_cat=0
split_feature=23 13 23 9 42 22
split_gain=0.0345214 0.0329114 0.0776803 0.0831715 0.0705158 0.0626682
threshold=6.4434632778266581 0.036090463361351001 9.8652804000492313 0.66111606553577318 8.2660003916395386 14.889872416837045
decision_type=2 2 2 2 2 2
left_child=-1 4 -3 -4 -2 -6
right_child=1 2 3 -5 5 -7
leaf_value=-0.050253762848006513 0.043348477676293032 -0.050110366483446293 -0.026573266434714179 0.041537303777038626 -0.028941180433703563 0.040827971133925937
leaf_weight=0.032741712572715187 0.12061370955780149 0.082708366139740974 0.087143942990223877 0.092289253603667021 0.10630109044359415 0.046162393409758806
leaf_count=778 12 645 12 17 28 5
internal_value=-0.000414703 0.00263417 -0.0100205 0.00845857 0.0147821 -0.00781671
internal_weight=0.56796 0.535219 0.262142 0.179433 0.273077 0.152463
internal_count=1497 719 674 29 45 33
is_linear=0
shrinkage=0.05


Tree=149
num_leaves=7
num_cat=0
split_feature=36 13 14 22 41 42
split_gain=0.0343207 0.0506333 0.0497785 0.041241 0.0800795 0.106089
threshold=13.537738786420404 0.24920851547408462 0.42951528893440755 13.967627580715499 7.2213002097618082 9.0096079557627995
decision_type=2 2 2 2 2 2
left_child=1 2 3 4 5 -1
right_child=-2 -3 -4 -5 -6 -7
leaf_value=0.038451412981347736 0.050620150428027734 -0.031258553894551018 -0.050265073549571299 0.040646333792448426 -0.040777479952972977 -0.052058850824874714
leaf_weight=0.14961148780184885 0.031095146434381604 0.12454935622190533 0.036582175353942148 0.088234847004059702 0.079801405029684247 0.041315855147331604
leaf_count=227 8 1082 55 10 79 36
internal_value=-0.000405953 -0.00345667 0.00529758 0.01096 0.00128474 0.0188654
internal_weight=0.55119 0.520095 0.395546 0.358964 0.270729 0.190927
internal_count=1497 1489 407 352 342 263
is_linear=0
shrinkage=0.05


Tree=150
num_leaves=7
num_cat=0
split_feature=18 23 13 33 23 32
split_gain=0.0326464 0.0386882 0.036809 0.0977779 0.0729166 0.0809125
threshold=1.096562299177231 11.286606197840703 0.036090463361351001 12.254793714635218 10.001200200165357 5.5000000000000009
decision_type=2 2 2 2 2 2
left_child=-1 2 4 -4 5 -2
right_child=1 -3 3 -5 -6 -7
leaf_value=-0.050143393401439341 0.036627731509315177 0.050404846627268254 -0.05017793467997933 0.016679505615715164 -0.052041845431105176 -0.050863569270369474
leaf_weight=0.031065625033988908 0.17671052074547333 0.039147461822722107 0.10781716529982077 0.11097484128549695 0.037695329636335373 0.031072257397681824
leaf_count=940 134 8 372 16 1 26
internal_value=-0.000398939 0.00267076 -0.00135419 -0.0162668 0.0119372 0.0235441
internal_weight=0.534483 0.503418 0.46427 0.218792 0.245478 0.207783
internal_count=1497 557 549 388 161 160
is_linear=0
shrinkage=0.05


Tree=151
num_leaves=7
num_cat=0
split_feature=23 13 23 9 42 0
split_gain=0.032022 0.0285923 0.0693522 0.0754458 0.0610469 0.0492385
threshold=6.4434632778266581 0.036090463361351001 9.8652804000492313 0.66111606553577318 8.2660003916395386 7.5000000000000009
decision_type=2 2 2 2 2 2
left_child=-1 4 -3 -4 -2 -6
right_child=1 2 3 -5 5 -7
leaf_value=-0.050245335379433848 0.042786312613804174 -0.05009758537231751 -0.026126142246879293 0.040948304725840337 -0.027342477117283239 0.037302473557616365
leaf_weight=0.030336814941620105 0.10827328520826995 0.073340885960533342 0.081945641548372805 0.0858399344724603 0.095344170684256824 0.042624933646948193
leaf_count=778 12 645 12 17 9 24
internal_value=-0.000403171 0.00269931 -0.00953908 0.00818948 0.0146834 -0.00737071
internal_weight=0.517706 0.487369 0.241126 0.167786 0.246242 0.137969
internal_count=1497 719 674 29 45 33
is_linear=0
shrinkage=0.05


Tree=152
num_leaves=7
num_cat=0
split_feature=47 22 33 11 42 33
split_gain=0.0314762 0.0361068 0.0520217 0.0453257 0.0406308 0.0985441
threshold=4.6026257344034587 14.447146845027904 7.0901314511530433 0.067486096767882586 7.8301465850147078 12.254793714635218
decision_type=2 2 2 2 2 2
left_child=1 3 -3 4 -1 -6
right_child=-2 2 -4 -5 5 -7
leaf_value=0.022446670623097853 0.050341791106938032 -0.020021191779923786 0.044830268779275491 -0.036735548348056563 -0.051154303388967363 0.050738607364779809
leaf_weight=0.11311578446839121 0.028817577986046672 0.051297808942763368 0.077856655057985336 0.12000561393051612 0.077729712838845444 0.034156381385400891
leaf_count=167 6 13 14 1167 126 4
internal_value=-0.000394731 -0.00347828 0.0190724 -0.0119202 0.00131515 -0.0200486
internal_weight=0.50298 0.474162 0.129154 0.345007 0.225002 0.111886
internal_count=1497 1491 27 1464 297 130
is_linear=0
shrinkage=0.05


Tree=153
num_leaves=7
num_cat=0
split_feature=18 23 13 36 23 32
split_gain=0.0307798 0.0347457 0.0334546 0.0887459 0.0641642 0.070502
threshold=1.096562299177231 11.286606197840703 0.036090463361351001 12.784524258890857 10.001200200165357 5.5000000000000009
decision_type=2 2 2 2 2 2
left_child=-1 2 4 -4 5 -2
right_child=1 -3 3 -5 -6 -7
leaf_value=-0.050157215533412063 0.03586768447279616 0.050367062430682133 -0.050160160644538099 0.01633971693813234 -0.051791966430935636 -0.050758136347877153
leaf_weight=0.029207577123997908 0.16256491493822978 0.035399422340560704 0.097677373917576915 0.1031530870241113 0.033402260392904282 0.02745481563215435
leaf_count=940 134 8 373 15 1 26
internal_value=-0.000386048 0.00277655 -0.00119438 -0.0160037 0.0121174 0.0233516
internal_weight=0.488859 0.459652 0.424252 0.20083 0.223422 0.19002
internal_count=1497 557 549 388 161 160
is_linear=0
shrinkage=0.05


Tree=154
num_leaves=7
num_cat=0
split_feature=36 12 36 36 50 23
split_gain=0.0300993 0.0397699 0.0333749 0.0554021 0.0719831 0.0574817
threshold=13.537738786420404 0.27178030303030304 12.784524258890857 8.6954473565825179 7.2301046378125262 8.2770776621941149
decision_type=2 2 2 2 2 2
left_child=1 -1 3 4 5 -3
right_child=-2 2 -4 -5 -6 -7
leaf_value=-0.05070162440646056 0.050571868105617472 -0.050198314345082595 0.040183738553707223 -0.050428427471659577 0.050537235536747861 0.0060036785517937766
leaf_weight=0.04058125101528276 0.027303465234581381 0.061400413658702746 0.048386108828708529 0.054590574624853616 0.065854458836838603 0.17563051748766156
leaf_count=688 8 658 8 80 10 45
internal_value=-0.000390495 -0.00350724 0.00121162 -0.00406344 0.00429316 -0.00855487
internal_weight=0.473747 0.446443 0.405862 0.357476 0.302885 0.237031
internal_count=1497 1489 801 793 713 703
is_linear=0
shrinkage=0.05


Tree=155
num_leaves=7
num_cat=0
split_feature=36 13 35 42 41 42
split_gain=0.0285767 0.0403746 0.0449796 0.0399618 0.0763367 0.0763328
threshold=13.537738786420404 0.14687222616184184 0.93744266621899219 10.534346723906078 7.2213002097618082 9.0096079557627995
decision_type=2 2 2 2 2 2
left_child=1 3 -3 4 5 -1
right_child=-2 2 -4 -5 -6 -7
leaf_value=0.035777869102038749 0.050543926831666135 -0.041224633155019168 0.019617341445528104 0.04857526623142263 -0.050480767313962706 -0.038331298860424128
leaf_weight=0.12739729435725167 0.02598585415398702 0.10914048481390637 0.042093206601748534 0.049387722179744742 0.058313925145739631 0.047776754237929708
leaf_count=225 8 971 182 22 55 34
internal_value=-0.000387189 -0.00343593 -0.0242904 0.00771345 -0.000929697 0.0155654
internal_weight=0.460095 0.434109 0.151234 0.282876 0.233488 0.175174
internal_count=1497 1489 1153 336 314 259
is_linear=0
shrinkage=0.05


Tree=156
num_leaves=7
num_cat=0
split_feature=18 23 2 6 22 4
split_gain=0.0276704 0.0326561 0.0282519 0.0239254 0.026552 0.0346208
threshold=1.096562299177231 11.286606197840703 0.95507812500000011 5.2500802575098566 14.889872416837045 4.1072092062382586
decision_type=2 2 2 2 2 2
left_child=-1 2 -2 4 5 -4
right_child=1 -3 3 -5 -6 -7
leaf_value=-0.050147012586193043 -0.050247303891265561 0.050348958458158857 -0.050240735814220061 0.050287727645730598 0.050990519338674871 0.0012214375974691067
leaf_weight=0.026286074717972951 0.027444040068075992 0.033164835389470682 0.037094945139870106 0.024303298210725188 0.022803065599873662 0.27468239568497665
leaf_count=940 28 8 381 6 3 131
internal_value=-0.000382733 0.00273558 -0.00135186 0.0023872 -0.0010922 -0.00490148
internal_weight=0.445779 0.419493 0.386328 0.358884 0.33458 0.311777
internal_count=1497 557 549 521 515 512
is_linear=0
shrinkage=0.05


Tree=157
num_leaves=7
num_cat=0
split_feature=36 12 41 13 33 23
split_gain=0.0268327 0.0362054 0.038712 0.059276 0.0567404 0.0416439
threshold=13.537738786420404 0.27178030303030304 10.025402177809672 0.045652584052616067 9.4496351698941741 10.001200200165357
decision_type=2 2 2 2 2 2
left_child=1 -1 3 4 5 -3
right_child=-2 2 -4 -5 -6 -7
leaf_value=-0.050645820747235337 0.050520645319362414 0.031943511357085091 0.046305121125431836 -0.039158613759296614 -0.050539784400249081 -0.018093787302272728
leaf_weight=0.036903065486512787 0.02445214131148532 0.1515395153001009 0.042315826073718199 0.089921940601016104 0.035044021355133737 0.057306475471705198
leaf_count=688 8 240 24 525 6 6
internal_value=-0.000371972 -0.0033849 0.00125201 -0.00445917 0.00833448 0.0182135
internal_weight=0.437483 0.413031 0.376128 0.333812 0.24389 0.208846
internal_count=1497 1489 801 777 252 246
is_linear=0
shrinkage=0.05


Tree=158
num_leaves=7
num_cat=0
split_feature=23 13 23 9 42 22
split_gain=0.0261399 0.022692 0.0552118 0.0607805 0.049569 0.0429641
threshold=6.4434632778266581 0.036090463361351001 9.8652804000492313 0.66111606553577318 8.2660003916395386 14.889872416837045
decision_type=2 2 2 2 2 2
left_child=-1 4 -3 -4 -2 -6
right_child=1 2 3 -5 5 -7
leaf_value=-0.050213891668138701 0.04209349188161083 -0.050078992158003578 -0.026151171420830979 0.039874883686941059 -0.027914938685404702 0.039590109972516919
leaf_weight=0.024768899597802374 0.090177998528815806 0.058526528456241067 0.06782528935582377 0.071705426147673279 0.078643951978847326 0.033658723579719663
leaf_count=778 12 645 12 17 28 5
internal_value=-0.000366886 0.00271561 -0.00931758 0.0077799 0.0144859 -0.00768271
internal_weight=0.425307 0.400538 0.198057 0.139531 0.202481 0.112303
internal_count=1497 719 674 29 45 33
is_linear=0
shrinkage=0.05


Tree=159
num_leaves=7
num_cat=0
split_feature=36 12 36 36 49 4
split_gain=0.0257061 0.0332243 0.0272011 0.0476398 0.0611491 0.0408191
threshold=13.537738786420404 0.27178030303030304 12.784524258890857 8.6954473565825179 4.2198340114362667 6.0236113707179779
decision_type=2 2 2 2 2 2
left_child=1 -1 3 4 5 -3
right_child=-2 2 -4 -5 -6 -7
leaf_value=-0.050601972237045281 0.050515060989439267 -0.031430976957569016 0.038814026935899887 -0.050361107225749914 0.050459885731118349 0.012700676099945313
leaf_weight=0.034047260817715141 0.023422596947057173 0.099471323970647063 0.042145397397689521 0.047037273050591466 0.056371913407929242 0.11071686877403408
leaf_count=688 8 690 8 80 10 13
internal_value=-0.000359289 -0.00341634 0.00109968 -0.00396888 0.0042175 -0.00818458
internal_weight=0.413213 0.38979 0.355743 0.313597 0.26656 0.210188
internal_count=1497 1489 801 793 713 703
is_linear=0
shrinkage=0.05


Tree=160
num_leaves=7
num_cat=0
split_feature=36 12 41 13 33 23
split_gain=0.0244009 0.0316202 0.0339051 0.0514679 0.0500868 0.0381943
threshold=13.537738786420404 0.27178030303030304 10.025402177809672 0.045652584052616067 9.4496351698941741 10.001200200165357
decision_type=2 2 2 2 2 2
left_child=1 -1 3 4 5 -3
right_child=-2 2 -4 -5 -6 -7
leaf_value=-0.050572575569226341 0.050489891968008273 0.031140419373267399 0.045932357318938265 -0.03827970238171112 -0.050475817369481472 -0.017941938819527777
leaf_weight=0.032405107151134871 0.022291089611826465 0.14068596893321228 0.037561996004114917 0.082199456073794863 0.031652919205953367 0.055182499578222632
leaf_count=688 8 240 24 525 6 6
internal_value=-0.000351667 -0.00333652 0.00107109 -0.00436954 0.0078816 0.0173123
internal_weight=0.401979 0.379688 0.347283 0.309721 0.227521 0.195868
internal_count=1497 1489 801 777 252 246
is_linear=0
shrinkage=0.05


Tree=161
num_leaves=7
num_cat=0
split_feature=22 4 16 24 41 19
split_gain=0.0251252 0.0369949 0.0224659 0.0298041 0.051377 0.0663859
threshold=15.015177995119828 4.1072092062382586 0.33061901747113115 0.99978927444947541 10.025402177809672 0.12045397211501151
decision_type=2 2 2 2 2 2
left_child=1 -1 3 4 -3 -6
right_child=-2 2 -4 -5 5 -7
leaf_value=-0.050187778133728295 0.028183124563414725 -0.036591639113892203 0.050252761948550266 0.021539191118379489 0.050514700150502537 -0.050698101618987051
leaf_weight=0.041328603630972793 0.064455207146238536 0.10884575808267982 0.020962218870408833 0.081892256384890061 0.049630198511295021 0.024052828167441476
leaf_count=1179 14 208 6 29 9 52
internal_value=-0.000346558 -0.00597502 0.000427774 -0.00352215 -0.014766 0.0174751
internal_weight=0.391167 0.326712 0.285383 0.264421 0.182529 0.073683
internal_count=1497 1483 304 298 269 61
is_linear=0
shrinkage=0.05


Tree=162
num_leaves=7
num_cat=0
split_feature=23 50 23 23 35 33
split_gain=0.0243079 0.0255178 0.0468962 0.0453045 0.0735898 0.0400156
threshold=11.286606197840703 7.2301046378125262 8.2770776621941149 8.8270910449760631 0.93744266621899219 13.371473316664526
decision_type=2 2 2 2 2 2
left_child=1 2 -1 -4 5 -5
right_child=-2 -3 3 4 -6 -7
leaf_value=-0.050133075793731864 0.040263620280401299 0.022701561808722563 0.038820591773290003 -0.042707590236282587 0.045705436952762982 0.050658386189869543
leaf_weight=0.060204318448541017 0.033600055001443252 0.069955654325895011 0.055270545916755509 0.10891392088433349 0.03945514623865165 0.012827667407691479
leaf_count=1210 9 12 55 153 57 1
internal_value=-0.000341736 -0.00427779 -0.0110994 -0.000243326 -0.0136374 -0.0328698
internal_weight=0.380227 0.346627 0.276672 0.216467 0.161197 0.121742
internal_count=1497 1488 1476 266 211 154
is_linear=0
shrinkage=0.05


Tree=163
num_leaves=7
num_cat=0
split_feature=23 47 36 13 42 38
split_gain=0.0226848 0.0245461 0.0240666 0.0282143 0.0249095 0.0788914
threshold=11.286606197840703 4.6026257344034587 13.537738786420404 0.24920851547408462 8.0117355340274514 0.49837622549019617
decision_type=2 2 2 2 2 2
left_child=1 2 3 4 5 -1
right_child=-2 -3 -4 -5 -6 -7
leaf_value=0.044037939236399613 0.039505825095774189 0.050235004781035625 0.050470827528966672 -0.038283584755897271 -0.017578966090217554 -0.050220898062068364
leaf_weight=0.073522902072909346 0.032559081446379423 0.019501175964251161 0.016907811397686601 0.071347060486459668 0.12254814210609766 0.031799827643226308
leaf_count=179 9 6 5 1081 147 70
internal_value=-0.00034125 -0.0042068 -0.00756521 -0.0108446 -0.00225342 0.0155786
internal_weight=0.368186 0.335627 0.316126 0.299218 0.227871 0.105323
internal_count=1497 1488 1482 1477 396 249
is_linear=0
shrinkage=0.05


Tree=164
num_leaves=7
num_cat=0
split_feature=22 4 11 24 14 42
split_gain=0.0220402 0.0325883 0.0201106 0.0371525 0.0523537 0.036569
threshold=15.015177995119828 4.1072092062382586 0.039127090357074214 0.99978927444947541 0.22069925935378501 10.025402177809672
decision_type=2 2 2 2 2 2
left_child=1 -1 -3 4 5 -4
right_child=-2 2 3 -5 -6 -7
leaf_value=-0.050161604583255748 0.02737420133542422 0.032695063050834049 -0.050065190963548306 0.023720445565404553 -0.041802186557009208 0.044808136386046638
leaf_weight=0.036468044935645594 0.059823245654115453 0.04047263971187931 0.013726640621825936 0.07254803364048712 0.096472128597270057 0.039057184243574739
leaf_count=1179 14 54 38 13 191 8
internal_value=-0.000327548 -0.00587479 0.000283037 -0.00563119 -0.019898 0.020136
internal_weight=0.358568 0.298745 0.262277 0.221804 0.149256 0.0527838
internal_count=1497 1483 304 250 237 46
is_linear=0
shrinkage=0.05


Tree=165
num_leaves=7
num_cat=0
split_feature=23 47 9 22 42 9
split_gain=0.0210573 0.0217701 0.0237135 0.0391968 0.0417755 0.0716024
threshold=11.537454489206425 4.6026257344034587 0.47627012506443828 13.967627580715499 8.0117355340274514 0.59825572025602292
decision_type=2 2 2 2 2 2
left_child=1 2 -1 4 5 -4
right_child=-2 -3 3 -5 -6 -7
leaf_value=-0.035596725258990415 0.050283167820311649 0.050216327435119314 0.042199751515268696 0.030579610124260016 -0.037465349028632099 -0.050174761110644672
leaf_weight=0.056834791319943179 0.019408951979130507 0.017962548765353858 0.061546042239115195 0.074674683946795994 0.086835661280474596 0.031825786795252498
leaf_count=326 5 6 131 24 565 440
internal_value=-0.000328297 -0.0033079 -0.00639221 0.000119941 -0.012502 0.0107139
internal_weight=0.349088 0.32968 0.311717 0.254882 0.180207 0.0933718
internal_count=1497 1492 1486 1160 1136 571
is_linear=0
shrinkage=0.05


Tree=166
num_leaves=7
num_cat=0
split_feature=21 9 22 4 41 0
split_gain=0.0201854 0.030995 0.0427024 0.0268206 0.0194686 0.0268962
threshold=5.7262819382735382 0.40290901388488509 14.889872416837045 4.1072092062382586 10.248184321961073 5.0000000000000009
decision_type=2 2 2 2 2 2
left_child=1 -1 3 -3 5 -5
right_child=-2 2 -4 4 -6 -7
leaf_value=-0.050152888466768276 0.050181490947990293 -0.050164499530725527 0.05054093502463515 0.019544208578365242 0.050232860456348595 -0.018219717968636442
leaf_weight=0.031756731653786119 0.018693801481276751 0.029874733035740064 0.039006407867418602 0.075267185270604386 0.01794800185598433 0.12621223305268359
leaf_count=246 6 963 9 102 5 166
internal_value=-0.000321095 -0.00327076 0.00189323 -0.0057183 0.000332984 -0.00411215
internal_weight=0.338759 0.320065 0.288309 0.249302 0.219427 0.201479
internal_count=1497 1491 1245 1236 273 268
is_linear=0
shrinkage=0.05


Tree=167
num_leaves=7
num_cat=0
split_feature=21 9 22 4 42 13
split_gain=0.0191603 0.0295061 0.040498 0.0256197 0.0199885 0.0681126
threshold=5.7262819382735382 0.40290901388488509 14.889872416837045 4.1072092062382586 8.0774379228624138 0.036090463361351001
decision_type=2 2 2 2 2 2
left_child=1 -1 3 -3 5 -5
right_child=-2 2 -4 4 -6 -7
leaf_value=-0.050145426450954926 0.050172612542532496 -0.050156500532397411 0.05051443443777625 0.050869132379195131 -0.011161869930595841 -0.050095925520464268
leaf_weight=0.030212319071779348 0.01778516115155071 0.028422142601357336 0.037123017711564898 0.055258135311305523 0.13807262121599706 0.023941562225445523
leaf_count=246 6 963 9 7 168 98
internal_value=-0.000310078 -0.00317831 0.00183901 -0.00551557 0.000324064 0.020348
internal_weight=0.330815 0.31303 0.282817 0.245694 0.217272 0.0791997
internal_count=1497 1491 1245 1236 273 105
is_linear=0
shrinkage=0.05


Tree=168
num_leaves=7
num_cat=0
split_feature=36 12 41 13 33 6
split_gain=0.0186478 0.0234358 0.029454 0.0400309 0.0415628 0.0259984
threshold=13.537738786420404 0.27178030303030304 10.025402177809672 0.045652584052616067 9.4496351698941741 3.8022008345821181
decision_type=2 2 2 2 2 2
left_child=1 -1 3 4 5 -3
right_child=-2 2 -4 -5 -6 -7
leaf_value=-0.050434589112602103 0.050387915711208334 0.0045045992043277082 0.046265384861333081 -0.038455510942766211 -0.050441111272409481 0.050341541092205837
leaf_weight=0.024136615223596891 0.017175767570734024 0.11342076025266579 0.031742211084747396 0.065401711212416558 0.026759839998703683 0.042537471745163202
leaf_count=688 8 236 24 525 6 10
internal_value=-0.000298401 -0.00316215 0.000914845 -0.0048869 0.00712858 0.0170066
internal_weight=0.321174 0.303999 0.279862 0.24812 0.182718 0.155958
internal_count=1497 1489 801 777 252 246
is_linear=0
shrinkage=0.05


Tree=169
num_leaves=7
num_cat=0
split_feature=23 47 41 19 24 24
split_gain=0.0182638 0.0191911 0.0212416 0.0514975 0.0292492 0.0331889
threshold=11.537454489206425 4.6026257344034587 10.025402177809672 0.12045397211501151 0.99978927444947541 0.99991029935661224
decision_type=2 2 2 2 2 2
left_child=1 2 4 -4 -1 -6
right_child=-2 -3 3 -5 5 -7
leaf_value=-0.031977327490980943 0.050253335197120365 0.050198090868271109 0.047919576991017565 -0.050504763734062375 0.029312409067246449 -0.026899276926435373
leaf_weight=0.10881944699622181 0.016906275413930416 0.015931474801618606 0.045305886340429424 0.018806504428539483 0.060345941356899857 0.046488049851177493
leaf_count=1294 5 6 25 118 20 29
internal_value=-0.000290521 -0.00318033 -0.00622 0.0190481 -0.0137321 0.00485229
internal_weight=0.312604 0.295697 0.279766 0.0641124 0.215653 0.106834
internal_count=1497 1492 1486 143 1343 49
is_linear=0
shrinkage=0.05


Tree=170
num_leaves=7
num_cat=0
split_feature=23 47 36 23 42 42
split_gain=0.0177252 0.0187944 0.0192613 0.0222414 0.0240189 0.0511915
threshold=11.286606197840703 4.6026257344034587 13.537738786420404 10.640780815334091 10.025402177809672 8.0117355340274514
decision_type=2 2 2 2 2 2
left_child=1 2 3 4 5 -1
right_child=-2 -3 -4 -5 -6 -7
leaf_value=0.0074464671984353541 0.039331428408640012 0.050188402627016383 0.050391195382724123 -0.050373597680314589 0.022745138189162371 -0.050653424694653483
leaf_weight=0.09956805730735141 0.025847158394753933 0.015157338522840291 0.013820026244502515 0.030338797136209905 0.058472384896049334 0.061226304353567684
leaf_count=804 9 6 5 6 196 471
internal_value=-0.000277462 -0.00395241 -0.00706764 -0.010249 -0.00469715 -0.0146765
internal_weight=0.30443 0.278583 0.263426 0.249606 0.219267 0.160794
internal_count=1497 1488 1482 1477 1471 1275
is_linear=0
shrinkage=0.05


Tree=171
num_leaves=7
num_cat=0
split_feature=21 9 22 11 33 41
split_gain=0.0172456 0.02605 0.0364161 0.0176204 0.0259605 0.022558
threshold=5.7262819382735382 0.40290901388488509 14.889872416837045 0.067486096767882586 13.271852967618845 10.512793783605568
decision_type=2 2 2 2 2 2
left_child=1 -1 3 -3 5 -5
right_child=-2 2 -4 4 -6 -7
leaf_value=-0.050126192056200773 0.050159850914511001 0.0062924476720027144 0.050467298106128683 -0.0415685164916859 0.050442314089447805 0.041722367168274821
leaf_weight=0.026713777301210939 0.01603239553514868 0.12954658359831228 0.033364506743964739 0.071554944888248428 0.010798420757055283 0.0091710619581135688
leaf_count=246 6 155 9 1071 2 8
internal_value=-0.000279267 -0.00315553 0.00177603 -0.00557256 -0.0223667 -0.0321061
internal_weight=0.297182 0.281149 0.254436 0.221071 0.0915244 0.080726
internal_count=1497 1491 1245 1236 1081 1079
is_linear=0
shrinkage=0.05


Tree=172
num_leaves=7
num_cat=0
split_feature=23 41 9 22 24 41
split_gain=0.0164528 0.0176613 0.0198887 0.0279229 0.0320258 0.0304975
threshold=6.4434632778266581 5.0122067185829877 0.47627012506443828 13.967627580715499 0.99978927444947541 10.248184321961073
decision_type=2 2 2 2 2 2
left_child=-1 -2 -3 4 5 -4
right_child=1 2 3 -5 -6 -7
leaf_value=-0.050136667451705509 0.032035737937536848 -0.036869553167310241 -0.050561759436919734 0.030045664578525269 0.014605543974435697 0.041437493053999352
leaf_weight=0.015650094142984017 0.042907890185688302 0.036308437935986149 0.0534757196346618 0.065495360431668814 0.065514772180904401 0.01083298900994123
leaf_count=778 68 59 540 25 18 9
internal_value=-0.000272025 0.00257055 -0.00288774 0.00342924 -0.00999862 -0.0350642
internal_weight=0.290185 0.274535 0.231627 0.195319 0.129823 0.0643087
internal_count=1497 719 651 592 567 549
is_linear=0
shrinkage=0.05


Tree=173
num_leaves=7
num_cat=0
split_feature=21 9 22 4 42 13
split_gain=0.0161482 0.0239453 0.0336723 0.0222978 0.0181208 0.0603896
threshold=5.7262819382735382 0.40290901388488509 14.889872416837045 4.1072092062382586 8.0774379228624138 0.036090463361351001
decision_type=2 2 2 2 2 2
left_child=1 -1 3 -3 5 -5
right_child=-2 2 -4 4 -6 -7
leaf_value=-0.050115319483171494 0.05014921766693823 -0.050135064169925081 0.050430466767490204 0.050778670888556435 -0.011598331031102683 -0.050087542871984594
leaf_weight=0.024600408955848252 0.015034698124509305 0.024666357642672665 0.030886312830261886 0.049355270166415721 0.11756879979111545 0.021218900689291331
leaf_count=246 6 963 9 7 168 98
internal_value=-0.000275744 -0.00310144 0.00164448 -0.00543613 0.000424095 0.0204521
internal_weight=0.283331 0.268296 0.243696 0.212809 0.188143 0.0705742
internal_count=1497 1491 1245 1236 273 105
is_linear=0
shrinkage=0.05


Tree=174
num_leaves=7
num_cat=0
split_feature=22 4 41 42 13 14
split_gain=0.0148742 0.0239723 0.0161498 0.0248652 0.0562686 0.0326393
threshold=15.015177995119828 4.1072092062382586 10.157174693333596 8.0774379228624138 0.036090463361351001 0.22069925935378501
decision_type=2 2 2 2 2 2
left_child=1 -1 3 4 -3 -5
right_child=-2 2 -4 5 -6 -7
leaf_value=-0.05011450539480105 0.027034213582382772 0.043017839464760538 0.050183498913878723 0.02478137955677882 -0.050076260879535262 -0.035970224432628622
leaf_weight=0.026364275071500742 0.042235057044308633 0.059187964885495603 0.015164771466515958 0.030701827408847748 0.022364967230714683 0.078992484546688502
leaf_count=1179 14 12 6 39 110 137
internal_value=-0.00026464 -0.00521776 0.000516743 -0.00342154 0.0174878 -0.0189667
internal_weight=0.275011 0.232776 0.206412 0.191247 0.0815529 0.109694
internal_count=1497 1483 304 298 122 176
is_linear=0
shrinkage=0.05


Tree=175
num_leaves=7
num_cat=0
split_feature=47 23 41 13 19 0
split_gain=0.015174 0.0163665 0.019327 0.04561 0.0418323 0.0344931
threshold=4.6026257344034587 11.286606197840703 10.025402177809672 0.036090463361351001 0.12045397211501151 5.0000000000000009
decision_type=2 2 2 2 2 2
left_child=1 2 3 5 -4 -1
right_child=-2 -3 4 -5 -6 -7
leaf_value=0.030754266971123413 0.050181970787419955 0.038695888187939002 0.047394530679430537 -0.050090965043868611 -0.050402150161783114 -0.023479011964268461
leaf_weight=0.057965534113918693 0.014119399071205407 0.021456338639836758 0.038191271021787543 0.060621050081408612 0.015321282498462097 0.059323688441963895
leaf_count=108 6 9 23 1064 118 169
internal_value=-0.00026254 -0.00307909 -0.00695225 -0.0148768 0.0193942 0.00332363
internal_weight=0.266999 0.252879 0.231423 0.17791 0.0535126 0.117289
internal_count=1497 1491 1482 1341 141 277
is_linear=0
shrinkage=0.05


Tree=176
num_leaves=7
num_cat=0
split_feature=21 9 22 41 6 19
split_gain=0.0144406 0.0224862 0.0305591 0.0158267 0.0405646 0.0391306
threshold=5.7262819382735382 0.40290901388488509 14.889872416837045 10.025402177809672 2.6664937728395457 0.12045397211501151
decision_type=2 2 2 2 2 2
left_child=1 -1 3 4 -3 -5
right_child=-2 2 -4 5 -6 -7
leaf_value=-0.050113820369592221 0.050133953120326404 -0.050111173350542007 0.050406615496615639 0.047029540265136428 0.0056801288924689542 -0.05038480352708067
leaf_weight=0.022981132109634927 0.013475096377078444 0.049890945070728776 0.028268881069379859 0.035733252270802041 0.093899220752064139 0.014488803224594449
leaf_count=246 6 1080 9 21 18 117
internal_value=-0.000260515 -0.00302927 0.0018387 -0.00523798 -0.0136778 0.018926
internal_weight=0.258737 0.245262 0.222281 0.194012 0.14379 0.0502221
internal_count=1497 1491 1245 1236 1098 138
is_linear=0
shrinkage=0.05


Tree=177
num_leaves=7
num_cat=0
split_feature=47 22 41 42 38 19
split_gain=0.0141757 0.0163972 0.0199609 0.0515324 0.0449988 0.0373869
threshold=4.6026257344034587 15.015177995119828 10.025402177809672 8.0117355340274514 0.47279411764705886 0.12045397211501151
decision_type=2 2 2 2 2 2
left_child=1 2 3 4 -1 -4
right_child=-2 -3 5 -5 -6 -7
leaf_value=0.031480573670463856 0.050171198308659848 0.026700491049882247 0.046747629186031731 -0.050472346329916928 -0.050127886713818195 -0.050363689329408948
leaf_weight=0.059750962827365584 0.013201556517742574 0.038740111733204685 0.034700612995948177 0.067081234288252745 0.023548815719095728 0.013873579772734956
leaf_count=594 6 14 22 533 210 118
internal_value=-0.000259232 -0.00306013 -0.00885505 -0.017856 0.00840989 0.0190111
internal_weight=0.250897 0.237695 0.198955 0.150381 0.0832998 0.0485742
internal_count=1497 1491 1477 1337 804 140
is_linear=0
shrinkage=0.05


Tree=178
num_leaves=7
num_cat=0
split_feature=47 23 36 13 42 42
split_gain=0.0134753 0.0142295 0.0151619 0.0404898 0.0360807 0.036038
threshold=4.6026257344034587 11.286606197840703 12.784524258890857 0.036090463361351001 8.0117355340274514 10.836229951470711
decision_type=2 2 2 2 2 2
left_child=1 2 3 4 -1 -6
right_child=-2 -3 -4 -5 5 -7
leaf_value=0.029781792059952458 0.05016282849449083 0.038122597959124524 0.018083905941342276 -0.050079595589304617 -0.050678422667998213 0.048927291062095125
leaf_weight=0.059147770739400585 0.012559751456137747 0.019248646945925429 0.047439355199458078 0.052705176401104836 0.039198976831357868 0.01181900099345512
leaf_count=189 6 9 15 1181 89 8
internal_value=-0.000266266 -0.00302537 -0.00679144 -0.0140369 0.00320659 -0.0276034
internal_weight=0.242119 0.229559 0.21031 0.162871 0.110166 0.051018
internal_count=1497 1491 1482 1467 286 97
is_linear=0
shrinkage=0.05


Tree=179
num_leaves=7
num_cat=0
split_feature=23 41 9 22 0 13
split_gain=0.0133003 0.0141118 0.0166947 0.0221693 0.0377708 0.0377758
threshold=6.4434632778266581 5.0122067185829877 0.47627012506443828 13.967627580715499 5.0000000000000009 0.036090463361351001
decision_type=2 2 2 2 2 2
left_child=-1 -2 -3 4 5 -4
right_child=1 2 3 -5 -6 -7
leaf_value=-0.0501157290968142 0.031942585143943353 -0.036919484378834355 0.050743819841245388 0.030129191019174929 -0.03684651568697711 -0.050046516505751919
leaf_weight=0.012662319250694054 0.034531011439412396 0.030156545669342449 0.034429625142365694 0.052725152765560779 0.057466912875952403 0.012735046139368933
leaf_count=778 68 59 3 25 464 100
internal_value=-0.000273018 0.00256932 -0.00283984 0.00369134 -0.00963103 0.0235292
internal_weight=0.234707 0.222044 0.187513 0.157357 0.104632 0.0471647
internal_count=1497 719 651 592 567 103
is_linear=0
shrinkage=0.05


Tree=180
num_leaves=7
num_cat=0
split_feature=48 22 41 42 38 13
split_gain=0.0126428 0.0143341 0.0182529 0.0452289 0.039265 0.0261315
threshold=4.6026257344034587 15.015177995119828 10.025402177809672 8.0117355340274514 0.47279411764705886 0.23185193499354537
decision_type=2 2 2 2 2 2
left_child=1 2 3 4 5 -1
right_child=-2 -3 -4 -5 -6 -7
leaf_value=0.04502209150160541 0.050151283678154503 0.02603303215592169 0.018836043192736428 -0.050408220723505259 -0.050120466498325071 -0.050072781430133398
leaf_weight=0.046114818865589768 0.011790208343882114 0.035489189773215912 0.045085367698447953 0.059781156440976702 0.021136906324045412 0.0085661411444561963
leaf_count=170 6 14 140 533 210 424
internal_value=-0.000268389 -0.0030183 -0.00872443 -0.017888 0.00775363 0.0301248
internal_weight=0.227964 0.216174 0.180684 0.135599 0.0758179 0.054681
internal_count=1497 1491 1477 1337 804 594
is_linear=0
shrinkage=0.05


Tree=181
num_leaves=7
num_cat=0
split_feature=23 41 9 42 42 13
split_gain=0.0123321 0.0125481 0.0159833 0.0204641 0.0455654 0.0343739
threshold=6.4434632778266581 5.0122067185829877 0.47627012506443828 10.025402177809672 7.8301465850147078 0.036090463361351001
decision_type=2 2 2 2 2 2
left_child=-1 -2 -3 4 5 -4
right_child=1 2 3 -5 -6 -7
leaf_value=-0.050102385914965124 0.031109283711541369 -0.036558969878423803 0.050676203319706195 0.025266950681721356 -0.050509130813624972 -0.050041792295452803
leaf_weight=0.01175535581000986 0.032442544299556175 0.029140031279894174 0.031369144096970558 0.063864568407552724 0.040349002071707218 0.011605512776895921
leaf_count=778 68 59 3 160 309 120
internal_value=-0.000274155 0.00253155 -0.00272646 0.00397164 -0.0123504 0.0234768
internal_weight=0.220526 0.208771 0.176328 0.147188 0.0833237 0.0429747
internal_count=1497 719 651 592 432 123
is_linear=0
shrinkage=0.05


Tree=182
num_leaves=7
num_cat=0
split_feature=21 9 22 4 42 13
split_gain=0.0119504 0.0192497 0.0249022 0.0166003 0.0132534 0.0422392
threshold=5.7262819382735382 0.40290901388488509 14.889872416837045 4.1072092062382586 8.0774379228624138 0.036090463361351001
decision_type=2 2 2 2 2 2
left_child=1 -1 3 -3 5 -5
right_child=-2 2 -4 4 -6 -7
leaf_value=-0.050098048627500363 0.050110371186200313 -0.050095971047723134 0.050329361819645681 0.050554735251334006 -0.010667704852597678 -0.050069021106630002
leaf_weight=0.019634461189070862 0.011153606057632715 0.018124436226116813 0.023263259208761156 0.035823699203319848 0.091086851602540264 0.014712507502281369
leaf_count=246 6 963 9 7 168 98
internal_value=-0.000276634 -0.00304994 0.00199766 -0.00504066 0.00072537 0.0212603
internal_weight=0.213799 0.202645 0.183011 0.159747 0.141623 0.0505362
internal_count=1497 1491 1245 1236 273 105
is_linear=0
shrinkage=0.05


Tree=183
num_leaves=7
num_cat=0
split_feature=47 33 22 41 22 13
split_gain=0.0117392 0.0126952 0.0138389 0.0159574 0.0224873 0.0319274
threshold=4.6026257344034587 13.198858617923134 15.015177995119828 10.248184321961073 11.753265953931725 0.036090463361351001
decision_type=2 2 2 2 2 2
left_child=1 2 3 4 5 -1
right_child=-2 -3 -4 -5 -6 -7
leaf_value=0.023364464311023472 0.050141648020626255 0.050250960228981081 0.0243015728598121 0.04133676985804316 -0.03734225315394854 -0.050045576399724345
leaf_weight=0.051946420232980017 0.010941672720946372 0.010563819159870036 0.031173406168818474 0.012767255688231671 0.069539511642005891 0.020718689446312055
leaf_count=260 6 7 11 16 238 959
internal_value=-0.000265566 -0.0030694 -0.00609535 -0.0122099 -0.0170173 0.00243338
internal_weight=0.207651 0.196709 0.186145 0.154972 0.142205 0.0726651
internal_count=1497 1491 1484 1473 1457 1219
is_linear=0
shrinkage=0.05


Tree=184
num_leaves=7
num_cat=0
split_feature=23 41 9 22 0 35
split_gain=0.0112416 0.011009 0.0147658 0.0179057 0.0175373 0.0419758
threshold=6.4434632778266581 5.0122067185829877 0.39746846181800061 14.889872416837045 5.0000000000000009 0.93744266621899219
decision_type=2 2 2 2 2 2
left_child=-1 -2 -3 4 -4 -6
right_child=1 2 3 -5 5 -7
leaf_value=-0.050096365031282564 0.030527224066580372 -0.050119109155207835 0.024273097659232322 0.05032717076209503 -0.036722123988990364 0.039155238391855814
leaf_weight=0.010717536142237805 0.029665331303021958 0.014851434621277804 0.038343447599800129 0.017077878350391984 0.066707950644286029 0.025079590352788728
leaf_count=778 68 41 107 8 378 117
internal_value=-0.000262369 0.00252337 -0.00260277 0.002191 -0.0041262 -0.0159898
internal_weight=0.202443 0.191726 0.16206 0.147209 0.130131 0.0917875
internal_count=1497 719 651 610 602 495
is_linear=0
shrinkage=0.05


Tree=185
num_leaves=7
num_cat=0
split_feature=36 13 14 42 39 42
split_gain=0.0111891 0.0138402 0.0168639 0.0140207 0.0254877 0.0235032
threshold=13.537738786420404 0.24920851547408462 0.42951528893440755 10.534346723906078 39.750000000000007 8.0117355340274514
decision_type=2 2 2 2 2 2
left_child=1 2 3 4 5 -1
right_child=-2 -3 -4 -5 -6 -7
leaf_value=0.041533498509160577 0.050246791884809232 -0.027810893057953548 -0.050101137406542852 0.047797922623574872 -0.050130619813543678 -0.0095139913118025814
leaf_weight=0.041377477117976014 0.010387463858933188 0.043387567636955282 0.012902972564916126 0.020485606140027812 0.018876675472711213 0.049551387231758781
leaf_count=207 8 1082 55 21 29 95
internal_value=-0.000259807 -0.00307163 0.00442432 0.00982407 0.00273957 0.0137153
internal_weight=0.196969 0.186582 0.143194 0.130291 0.109806 0.0909289
internal_count=1497 1489 407 352 331 302
is_linear=0
shrinkage=0.05


Tree=186
num_leaves=7
num_cat=0
split_feature=47 22 42 38 13 35
split_gain=0.0110283 0.0120122 0.0304218 0.0306474 0.0211362 0.0187857
threshold=4.6026257344034587 13.540629337135702 8.0117355340274514 0.47279411764705886 0.23185193499354537 0.93744266621899219
decision_type=2 2 2 2 2 2
left_child=1 2 3 4 -1 -3
right_child=-2 5 -4 -5 -6 -7
leaf_value=0.043888015203351304 0.050134198961043347 -0.0034736968684917257 -0.050409180912650689 -0.050095864620883106 -0.050068752581328736 0.050260259497145791
leaf_weight=0.037135694153221266 0.010279294423526153 0.060656615787138435 0.037420795726120559 0.017083132085872421 0.0071358009697632943 0.022225602529942989
leaf_count=170 6 37 638 210 424 12
internal_value=-0.000249606 -0.00310063 -0.0148783 0.00679227 0.0287438 0.0109355
internal_weight=0.191937 0.181658 0.0987754 0.0613546 0.0442715 0.0828822
internal_count=1497 1491 1442 804 594 49
is_linear=0
shrinkage=0.05


Tree=187
num_leaves=7
num_cat=0
split_feature=36 12 41 13 23 36
split_gain=0.0105296 0.0131695 0.0168849 0.0223554 0.0267376 0.0259451
threshold=13.537738786420404 0.27178030303030304 10.025402177809672 0.036090463361351001 11.286606197840703 9.3449916045355614
decision_type=2 2 2 2 2 2
left_child=1 -1 3 5 -5 -3
right_child=-2 2 -4 4 -6 -7
leaf_value=-0.050252253108495883 0.050237906923563252 0.020388822307584001 0.043901201079491407 -0.05007202287526185 0.050204665608821246 -0.050254094253529946
leaf_weight=0.013633494599616824 0.0097851992468349636 0.079585034982073921 0.020024683171868674 0.03943836284270219 0.0079952143132686615 0.01553447589822099
leaf_count=688 8 240 24 529 2 6
internal_value=-0.000246272 -0.00304971 0.000908613 -0.00513063 -0.0331698 0.00885175
internal_weight=0.185996 0.176211 0.162578 0.142553 0.0474336 0.0951195
internal_count=1497 1489 801 777 531 246
is_linear=0
shrinkage=0.05


Tree=188
num_leaves=7
num_cat=0
split_feature=47 36 22 35 0 22
split_gain=0.0102736 0.0111911 0.0120601 0.0133302 0.0378472 0.02176
threshold=4.6026257344034587 13.537738786420404 15.015177995119828 0.93744266621899219 5.0000000000000009 13.540629337135702
decision_type=2 2 2 2 2 2
left_child=1 2 3 4 -1 -5
right_child=-2 -3 -4 5 -6 -7
leaf_value=0.013500456387913999 0.050125066984328753 0.050226288470128846 0.024066995481386511 -0.050022426096547334 -0.046051691525696353 0.050263601686072329
leaf_weight=0.047424382789131414 0.0095828307094052434 0.0093100685407989658 0.0274157433595974 0.0077410527969732348 0.060991584576413516 0.017954972223378718
leaf_count=455 6 8 10 189 823 6
internal_value=-0.000252159 -0.00307798 -0.00615031 -0.0123275 -0.0200018 0.0200519
internal_weight=0.180421 0.170838 0.161528 0.134112 0.108416 0.025696
internal_count=1497 1491 1483 1473 1278 195
is_linear=0
shrinkage=0.05


Tree=189
num_leaves=7
num_cat=0
split_feature=23 41 36 42 0 14
split_gain=0.0102849 0.00963715 0.0121148 0.0222347 0.0156559 0.0259678
threshold=6.4434632778266581 5.0122067185829877 6.3096865418297599 10.393549341466228 5.0000000000000009 0.22069925935378501
decision_type=2 2 2 2 2 2
left_child=-1 -2 -3 4 -4 -6
right_child=1 2 3 -5 5 -7
leaf_value=-0.050083885556549738 0.030363450212550547 -0.05008087578315315 0.018571764537228377 0.045688006332485223 0.02228101606304838 -0.043983264163785181
leaf_weight=0.0097766945832518104 0.026438921328917786 0.012236108100978527 0.036026794498184245 0.023699252433289075 0.021982528695616566 0.045154428054729578
leaf_count=778 68 67 106 18 49 411
internal_value=-0.000251355 0.00269176 -0.00256787 0.00201482 -0.00801798 -0.0222865
internal_weight=0.175315 0.165538 0.139099 0.126863 0.103164 0.067137
internal_count=1497 719 651 584 566 460
is_linear=0
shrinkage=0.05


Tree=190
num_leaves=7
num_cat=0
split_feature=23 13 22 42 36 19
split_gain=0.00976804 0.00879269 0.0169971 0.0174814 0.0274815 0.0197395
threshold=6.4434632778266581 0.013239160372240539 11.360203711742528 7.8301465850147078 6.7324456418826086 0.12045397211501151
decision_type=2 2 2 2 2 2
left_child=-1 -2 -3 -4 -5 -6
right_child=1 2 3 4 5 -7
leaf_value=-0.050079804590482925 0.021888609792030018 -0.050064071456461468 0.048238959611256828 -0.044949629826679868 0.035156859330876984 -0.031200945978715762
leaf_weight=0.0093006182694352901 0.043306658465098735 0.017411802001788601 0.017902825369674247 0.029518465715455022 0.03724900647080176 0.016030057653324548
leaf_count=778 34 393 6 61 52 173
internal_value=-0.000254111 0.00261674 -0.00444942 0.00343767 -0.00624945 0.0151918
internal_weight=0.170719 0.161419 0.118112 0.1007 0.0827975 0.0532791
internal_count=1497 719 685 292 286 225
is_linear=0
shrinkage=0.05


Tree=191
num_leaves=7
num_cat=0
split_feature=21 33 12 41 33 49
split_gain=0.00955758 0.00993874 0.00973783 0.016177 0.0157876 0.0261106
threshold=5.7262819382735382 13.198858617923134 0.27178030303030304 10.025402177809672 8.6766885924138499 4.2198340114362667
decision_type=2 2 2 2 2 2
left_child=1 2 -1 4 5 -4
right_child=-2 -3 3 -5 -6 -7
leaf_value=-0.050212087873483725 0.050087310148981802 0.050206027588012805 -0.013664859409843225 0.042613555616844843 -0.050170462713578591 0.050190469930568776
leaf_weight=0.011532552242897509 0.0089208704885095358 0.0082780128286685795 0.080307217112704166 0.017441377548948367 0.019437298720959006 0.019994852220406756
leaf_count=688 6 7 701 25 62 8
internal_value=-0.000255677 -0.00311637 -0.00608452 -0.00237479 -0.00892784 -0.000935532
internal_weight=0.165912 0.156991 0.148713 0.137181 0.119739 0.100302
internal_count=1497 1491 1484 796 771 709
is_linear=0
shrinkage=0.05


Tree=192
num_leaves=7
num_cat=0
split_feature=23 13 14 41 22 41
split_gain=0.00925992 0.0103409 0.0128163 0.0115685 0.00975346 0.0152347
threshold=11.537454489206425 0.28904526528096319 0.42951528893440755 10.248184321961073 14.231218976625673 7.2213002097618082
decision_type=2 2 2 2 2 2
left_child=1 2 4 -3 5 -1
right_child=-2 3 -4 -5 -6 -7
leaf_value=0.016378504241557883 0.050126339595300176 -0.05006195710127756 -0.050080674510723816 0.036217686943809488 0.036577974381897853 -0.024575355982719552
leaf_weight=0.057656294245134632 0.0086370742646977305 0.019558943196216205 0.010603731276887629 0.004848079915973357 0.022928138372662943 0.037463660219373196
leaf_count=286 5 1026 76 4 12 88
internal_value=-0.000243444 -0.0030858 0.00257489 -0.0329238 0.0073047 0.00024854
internal_weight=0.161696 0.153059 0.128652 0.024407 0.118048 0.09512
internal_count=1497 1492 462 1030 386 374
is_linear=0
shrinkage=0.05


Tree=193
num_leaves=7
num_cat=0
split_feature=47 36 9 42 0 9
split_gain=0.00882951 0.00924915 0.00933752 0.0250927 0.0255077 0.0339308
threshold=4.6026257344034587 13.537738786420404 0.5869869528413153 10.025402177809672 5.0000000000000009 0.59825572025602292
decision_type=2 2 2 2 2 2
left_child=1 2 -1 4 5 -4
right_child=-2 -3 3 -5 -6 -7
leaf_value=-0.026525196189210804 0.050107367221855492 0.050185270370652714 0.050055650722796066 0.035167201231081878 -0.050361516036326562 -0.050086793808533717
leaf_weight=0.039622945032760981 0.0082537936978042126 0.007749580363451968 0.022289740250471368 0.036737458809284362 0.030074906290906256 0.013631534596243
leaf_count=480 6 8 12 178 483 330
internal_value=-0.000241301 -0.00300979 -0.00590561 0.00204707 -0.0163896 0.0120532
internal_weight=0.15836 0.150106 0.142357 0.102734 0.0659962 0.0359213
internal_count=1497 1491 1483 1003 825 342
is_linear=0
shrinkage=0.05


Tree=194
num_leaves=7
num_cat=0
split_feature=21 17 23 2 22 42
split_gain=0.00889779 0.00925502 0.00945943 0.00918771 0.00817698 0.0097346
threshold=5.7262819382735382 8.700015097065668 11.286606197840703 0.95507812500000011 14.889872416837045 8.0117355340274514
decision_type=2 2 2 2 2 2
left_child=1 -1 3 -3 5 -5
right_child=-2 2 -4 4 -6 -7
leaf_value=-0.050041559206012269 0.050081415256263119 -0.050090593233862148 0.05013664883816206 0.017569110430501349 0.050353460925499027 -0.013837603163841795
leaf_weight=0.0098001514335237516 0.0083084266225341707 0.009659941635618452 0.0088877815869636834 0.037893748017268081 0.0077271122136153272 0.070714454862127241
leaf_count=1059 6 23 6 154 3 246
internal_value=-0.000236993 -0.00312653 0.000282164 -0.0032346 0.000656101 -0.0028797
internal_weight=0.152992 0.144683 0.134883 0.125995 0.116335 0.108608
internal_count=1497 1491 432 426 403 400
is_linear=0
shrinkage=0.05


Tree=195
num_leaves=7
num_cat=0
split_feature=21 9 22 4 42 34
split_gain=0.00844421 0.0128753 0.0169051 0.0121589 0.00858099 0.0249077
threshold=5.7262819382735382 0.40290901388488509 14.889872416837045 4.1072092062382586 8.0774379228624138 15.720526446235377
decision_type=2 2 2 2 2 2
left_child=1 -1 3 -3 -5 -6
right_child=-2 2 -4 4 5 -7
leaf_value=-0.050064064215137649 0.050077439231961396 -0.050070972258577998 0.050225853087631715 0.020687322076780926 -0.029144864960259254 0.040122535167537984
leaf_weight=0.013195713325899305 0.0079038316325750202 0.013201798527234132 0.015808142787136603 0.035602208212822006 0.046665768604725599 0.017978115915184389
leaf_count=246 6 963 9 105 82 86
internal_value=-0.000226812 -0.00301791 0.00178502 -0.00496486 0.000975344 -0.0098809
internal_weight=0.150356 0.142452 0.129256 0.113448 0.100246 0.0646439
internal_count=1497 1491 1245 1236 273 168
is_linear=0
shrinkage=0.05


Tree=196
num_leaves=7
num_cat=0
split_feature=47 36 22 42 35 6
split_gain=0.0083542 0.00891408 0.00952295 0.0121283 0.0371109 0.0246596
threshold=4.6026257344034587 13.537738786420404 15.015177995119828 8.0117355340274514 0.93744266621899219 2.6664937728395457
decision_type=2 2 2 2 2 2
left_child=1 2 3 5 -5 -1
right_child=-2 -3 -4 4 -6 -7
leaf_value=-0.033993407201111339 0.050104474460312493 0.050188703142480411 0.024404382571914341 -0.050256690122863983 0.037337640807755937 0.038225020202794474
leaf_weight=0.020937164179713363 0.0078063715482130638 0.0074381199883646323 0.021430809894809499 0.0450288941378858 0.016530813633607977 0.027145882289687506
leaf_count=789 6 8 10 550 119 15
internal_value=-0.000221475 -0.00305779 -0.00607941 -0.0120378 -0.0267347 0.0067784
internal_weight=0.146318 0.138512 0.131074 0.109643 0.0615597 0.048083
internal_count=1497 1491 1483 1473 669 804
is_linear=0
shrinkage=0.05


Tree=197
num_leaves=7
num_cat=0
split_feature=21 9 22 4 33 23
split_gain=0.00799389 0.0121369 0.0156296 0.0110984 0.00622737 0.0107469
threshold=5.7262819382735382 0.40290901388488509 14.889872416837045 4.1072092062382586 13.198858617923134 10.001200200165357
decision_type=2 2 2 2 2 2
left_child=1 -1 3 -3 5 -5
right_child=-2 2 -4 4 -6 -7
leaf_value=-0.050061466130467358 0.050073885013253078 -0.050064965317146895 0.050209985552862706 0.010165144692754412 0.050208695062678992 -0.026424707848721897
leaf_weight=0.012444793461099835 0.0074816742853727183 0.012045477182596187 0.014652576166554354 0.058242613817355959 0.0059949870337732128 0.030617285996413557
leaf_count=246 6 963 9 261 3 9
internal_value=-0.000224249 -0.00303261 0.00178228 -0.00485559 0.000885481 -0.00244214
internal_weight=0.141479 0.133998 0.121553 0.1069 0.0948549 0.0888599
internal_count=1497 1491 1245 1236 273 270
is_linear=0
shrinkage=0.05


Tree=198
num_leaves=7
num_cat=0
split_feature=47 23 41 13 19 42
split_gain=0.00777339 0.0082681 0.0102936 0.0235959 0.0206439 0.018927
threshold=4.6026257344034587 11.286606197840703 10.025402177809672 0.036090463361351001 0.12045397211501151 8.0117355340274514
decision_type=2 2 2 2 2 2
left_child=1 2 3 5 -4 -1
right_child=-2 -3 4 -5 -6 -7
leaf_value=0.028720865044959694 0.050097857327282974 0.039796640183342724 0.04495598419050454 -0.050052152884385928 -0.050200273711477061 -0.027537808524951714
leaf_weight=0.033199490775587037 0.0072727509832475326 0.010387432434072252 0.021144601703781518 0.031393542999467172 0.007803189649621344 0.027197193414849608
leaf_count=189 6 9 23 1064 118 88
internal_value=-0.000217916 -0.00300863 -0.00669129 -0.0148899 0.0193056 0.00338706
internal_weight=0.138398 0.131125 0.120738 0.0917902 0.0289478 0.0603967
internal_count=1497 1491 1482 1341 141 277
is_linear=0
shrinkage=0.05


Tree=199
num_leaves=7
num_cat=0
split_feature=23 41 9 22 42 30
split_gain=0.00756303 0.00732051 0.00883353 0.0114947 0.0103123 0.025922
threshold=6.4434632778266581 5.0122067185829877 0.39746846181800061 14.889872416837045 7.8301465850147078 0.90336134453781525
decision_type=2 2 2 2 2 2
left_child=-1 -2 -3 4 -4 -6
right_child=1 2 3 -5 5 -7
leaf_value=-0.050065504506619785 0.030105472014935342 -0.050072912601130039 0.021319522735375761 0.050220111919558691 -0.045545712128915651 0.020705944936320206
leaf_weight=0.0072007758247991651 0.020330239486384016 0.0089859978102140303 0.026972486172326171 0.010862672643270344 0.033027504174924616 0.026700199215611065
leaf_count=778 68 41 127 8 148 327
internal_value=-0.000218208 0.00261078 -0.00263539 0.00173382 -0.00434103 -0.0159291
internal_weight=0.13408 0.126879 0.106549 0.0975629 0.0867002 0.0597277
internal_count=1497 719 651 610 602 475
is_linear=0
shrinkage=0.05


end of trees

feature_importances:
Column_41=133
Column_13=113
Column_23=112
Column_22=96
Column_42=89
Column_36=86
Column_3=82
Column_9=56
Column_33=39
Column_0=31
Column_47=31
Column_24=30
Column_17=28
Column_4=26
Column_19=24
Column_5=23
Column_30=23
Column_38=21
Column_21=15
Column_12=14
Column_34=14
Column_14=12
Column_16=11
Column_35=11
Column_11=9
Column_6=8
Column_18=8
Column_32=7
Column_49=7
Column_51=6
Column_10=5
Column_26=5
Column_39=5
Column_48=5
Column_7=3
Column_50=3
Column_2=2
Column_27=2
Column_31=2
Column_1=1
Column_28=1
Column_29=1

parameters:
[boosting: gbdt]
[objective: binary]
[metric: binary_logloss]
[tree_learner: serial]
[device_type: cpu]
[data_sample_strategy: bagging]
[data: ]
[valid: ]
[num_iterations: 200]
[learning_rate: 0.05]
[num_leaves: 7]
[num_threads: 0]
[seed: 0]
[deterministic: 0]
[force_col_wise: 0]
[force_row_wise: 0]
[histogram_pool_size: -1]
[max_depth: -1]
[min_data_in_leaf: 10]
[min_sum_hessian_in_leaf: 0.001]
[bagging_fraction: 1]
[pos_bagging_fraction: 1]
[neg_bagging_fraction: 1]
[bagging_freq: 0]
[bagging_seed: 7719]
[bagging_by_query: 0]
[feature_fraction: 0.8]
[feature_fraction_bynode: 1]
[feature_fraction_seed: 2437]
[extra_trees: 0]
[extra_seed: 11797]
[early_stopping_round: 0]
[early_stopping_min_delta: 0]
[first_metric_only: 0]
[max_delta_step: 0]
[lambda_l1: 0]
[lambda_l2: 0]
[linear_lambda: 0]
[min_gain_to_split: 0]
[drop_rate: 0.1]
[max_drop: 50]
[skip_drop: 0.5]
[xgboost_dart_mode: 0]
[uniform_drop: 0]
[drop_seed: 21238]
[top_rate: 0.2]
[other_rate: 0.1]
[min_data_per_group: 100]
[max_cat_threshold: 32]
[cat_l2: 10]
[cat_smooth: 10]
[max_cat_to_onehot: 4]
[top_k: 20]
[monotone_constraints: ]
[monotone_constraints_method: basic]
[monotone_penalty: 0]
[feature_contri: ]
[forcedsplits_filename: ]
[refit_decay_rate: 0.9]
[cegb_tradeoff: 1]
[cegb_penalty_split: 0]
[cegb_penalty_feature_lazy: ]
[cegb_penalty_feature_coupled: ]
[path_smooth: 0]
[interaction_constraints: ]
[verbosity: -1]
[saved_feature_importance_type: 0]
[use_quantized_grad: 0]
[num_grad_quant_bins: 4]
[quant_train_renew_leaf: 0]
[stochastic_rounding: 1]
[linear_tree: 0]
[max_bin: 255]
[max_bin_by_feature: ]
[min_data_in_bin: 3]
[bin_construct_sample_cnt: 200000]
[data_random_seed: 38]
[is_enable_sparse: 1]
[enable_bundle: 1]
[use_missing: 1]
[zero_as_missing: 0]
[feature_pre_filter: 1]
[pre_partition: 0]
[two_round: 0]
[header: 0]
[label_column: ]
[weight_column: ]
[group_column: ]
[ignore_column: ]
[categorical_feature: ]
[forcedbins_filename: ]
[precise_float_parser: 0]
[parser_config_file: ]
[objective_seed: 8855]
[num_class: 1]
[is_unbalance: 0]
[scale_pos_weight: 1]
[sigmoid: 1]
[boost_from_average: 1]
[reg_sqrt: 0]
[alpha: 0.9]
[fair_c: 1]
[poisson_max_delta_step: 0.7]
[tweedie_variance_power: 1.5]
[lambdarank_truncation_level: 30]
[lambdarank_norm: 1]
[label_gain: ]
[lambdarank_position_bias_regularization: 0]
[eval_at: ]
[multi_error_top_k: 1]
[auc_mu_weights: ]
[num_machines: 1]
[local_listen_port: 12400]
[time_out: 120]
[machine_list_filename: ]
[machines: ]
[gpu_platform_id: -1]
[gpu_device_id: -1]
[gpu_use_dp: 0]
[num_gpu: 1]

end of parameters

pandas_categorical:null
