tree
version=v4
num_class=1
num_tree_per_iteration=1
label_index=0
max_feature_idx=53
objective=regression_l1
feature_names=Column_0 Column_1 Column_2 Column_3 Column_4 Column_5 Column_6 Column_7 Column_8 Column_9 Column_10 Column_11 Column_12 Column_13 Column_14 Column_15 Column_16 Column_17 Column_18 Column_19 Column_20 Column_21 Column_22 Column_23 Column_24 Column_25 Column_26 Column_27 Column_28 Column_29 Column_30 Column_31 Column_32 Column_33 Column_34 Column_35 Column_36 Column_37 Column_38 Column_39 Column_40 Column_41 Column_42 Column_43 Column_44 Column_45 Column_46 Column_47 Column_48 Column_49 Column_50 Column_51 Column_52 Column_53
feature_infos=[4:9] [0.3010299956639812:2.4149733479708178] [0.5:1] [0.69897000433601886:7.6642803641984871] [0:7.4508826081954718] [0:7.2533473115367242] [0:5.8526641637573791] [0.3010299956639812:7.5934177833038046] [0:7.2173721263296029] [0.30102981186002231:2.3650311693634514] [0.0063651507427905625:1] [0:0.34714306956379448] [0:1] [0:1] [0:1] [0:0.17647058823529413] [0:1] [0:128.08262253585949] [0:2.4099331233312946] [0:1] [0:6.8668976932939145] [0:6.5622081085035999] [0:16.241277985032827] [0:12.554864183183829] [0:0.99999177443350884] [0:128] [0:64.5] [0:128] [0:128] [0:64.250980392156862] [0:1] [0:124] [0:9] [0:14.024425375131599] [0:128] [0:1] [0.69897000433601886:14.43321456842385] [0:4.5137634554687489] [0:1] [0:255] [0:2.4082399653118496] [3.3115419584011949:10.837079843909644] [3.6124659639531425:10.843813226568514] [0:2.5854607295085006] [0:2.5831987739686229] [0:3.9838967913263059] [0:4.5137634554687489] none none [0:6.3156859678193067] [0:9.3259857147225667] [2.1789769472931693:8.3391708322133127] none [0:1]
tree_sizes=1370 1458 1409 1413 1450 1452 1415 1447 1441 1456 1428 1446 1457 1439 1448 1455 1471 1478 1440 1434 1466 1483 1442 1459 1459 1445 1436 1451 1481 1468 1455 1454 1438 1455 1467 1458 1445 1440 1490 1460 1444 1459 1480 1489 1459 1467 1450 1443 1462 1455 1445 1457 1433 1445 1467 1448 1465 1443 1465 1442 1447 1468 1443 1435 1447 1462 1437 1461 1468 1470 1472 1470 1466 1453 1426 1466 1477 1447 1478 1456 1468 1437 1462 1444 1475 1450 1456 1450 1476 1444 1464 1449 1459 1476 1466 1465 1492 1462 1442 1441 1457 1458 1460 1493 1452 1471 1447 1450 1460 1469 1482 1475 1482 1477 1473 1459 1454 1476 1475 1463 1462 1472 1470 1466 1495 1477 1481 1487 1471 1475 1463 1443 1445 1480 1477 1478 1477 1485 1449 1474 1472 1465 1463 1483 1471 1486 1491 1474 1486 1498 1480 1472 1469 1454 1482 1461 1457 1456 1472 1469 1466 1528 1506 1486 1544 1459 1480 1480 1477 1467 1494 1509 1487 1523 1478 1505 1475 1513 1505 1485 1480 1498 1500 1509 1474 1514 1475 1516 1457 1481 1499 1478 1526 1490 1487 1479 1500 1478 1497 1465 1476 1473 1486 1545 1497 1484 1472 1487 1449 1461 1501 1479 1514 1454 1502 1547 1504 1504 1505 1513 1541 1497 1510 1498 1519 1467 1523 1500 1482 1516 1499 1498 1462 1453 1474 1491 1536 1480 1501 1473 1477 1533 1504 1483 1485 1478 1469 1472 1469 1533 1509 1469 1538 1460 1489 1480 1499 1474 1497 1473 1475 1443 1509 1481 1438 1460 1439 1519 1490 1464 1508 1484 1449 1477 1464 1452 1502 1432 1475 1464 1468 1458 1503 1504 1466 1507 1474 1505 1487 1481 1505 1459 1498 1523 1458 1478 1490 1471 1458 1476 1458 1490 1476 1484 1470 1486 1489 1481 1456 1469 1498 1469 1462 1504 1463 1480 1459 1473 1499 1523 1492 1519 1487 1478 1475 1501 1521 1529 1507 1451 1477 1494 1472 1484 1505 1470 1496 1479 1478 1451 1471 1485 1492 1546 1479 1488 1471 1463 1483 1450 1451 1497 1465 1505 1463 1523 1505 1500 1460 1463 1516 1486 1463 1515 1487 1477 1456 1463 1474 1553 1464 1460 1468 1496 1478 1476 1495 1480 1483 1497 1487 1521 1495 1450 1476 1477 1448 1527 1465 1489 1530 1478 1472 1481 1473 1492 1495 1518 1530 1495 1500 1511 1472 1495 1507 1485 1494 1501 1486 1483 1495 1518 1485 1438 1501 1473 1497 1464 1490 1455 1472 1493 1454 1517 1474 1485 1487 1472 1471 1472 1483 1483 1494 1476 1515 1484 1516 1498 1480 1471 1519 1531 1467 1468 1479 1535 1495 1484 1458 1515 1513 1494 1528 1458 1477 1528 1497 1468 1483 1526 1484 1497 1470 1498 1507 1503 1470 1481 1486 1491 1485 1463 1491 1485 1527 1489 1487 1470 1479 1504 1488 1448 1456 1509 1513 1459 1474 1494 1499 1478 1492 1477 1491 1489 1480 1501 1445 1537 1485 1491 1495 1495 1499 1464 1486 1489 1502 1485 1474 1486 1495 1495 1512 1542 1469 1508 1495 1498 1494 1492 1522 1474 1540 1462 1490 1520 1509 1487 1479 1513 1463 1505 1481 1513 1523 1492 1488 1523 1486 1487 1445 1491 1494 1494 1498 1462 1508 1461 1463 1481 1495 1472 1461 1537 1511 1527 1492 1483 1482 1497 1471 1465 1490 1456 1504 1470 1467 1515 1514 1522 1465 1469 1501 1468 1494 1450 1492 1530 1480 1465 1474 1450 1448 1523 1509 1470 1468 1517 1531 1455 1516 1488 1481 1508 1455 1498 1514 1471 1468 1461

Tree=0
num_leaves=15
num_cat=0
split_feature=23 5 1 36 36 45 12 41 29 22 3 37 19 24
split_gain=577.472 117.731 72.4005 42.8338 34.2303 30.1098 21.1328 12.0385 12.1774 11.6811 9.04006 6.6913 5.92271 5.8419
threshold=6.9572329988405786 3.5025451699161123 1.7402908934145846 5.7319386792052063 3.2588475577866487 1.0880456295278409 0.58280590717299596 7.443148948966253 1.4663792025996754 9.4997499369687421 4.2570994377135039 2.3443878276364232 0.96875000000000011 0.86110293984129582
decision_type=2 2 2 2 2 2 2 2 2 2 2 2 2 2
left_child=1 2 5 6 13 11 10 8 9 12 -2 -1 -6 -4
right_child=3 -3 4 -5 7 -7 -8 -9 -10 -11 -12 -13 -14 -15
leaf_value=0.37320790693163874 0.36911848634481431 0.41466438651084903 0.36474319368600844 0.45150714069604875 0.40892434388399124 0.4042250546813011 0.42659195452928544 0.41227829694747925 0.38618262276053428 0.37604575604200363 0.40897112876176833 0.37900279045104979 0.39943499326705934 0.36750397086143494
leaf_weight=450 23 62 31 420 27 23 26 24 17 17 14.999999999999998 19 25 42
leaf_count=450 23 62 31 420 27 23 26 24 17 17 15 19 25 42
internal_value=0.398051 0.38134 0.377703 0.423481 0.393847 0.37172 0.400585 0.404414 0.399083 0.404739 0.386431 0.370079 0.411758 0.378063
internal_weight=1221 737 675 484 183 492 64 110 86 69 38 469 52 73
internal_count=1221 737 675 484 183 492 64 110 86 69 38 469 52 73
is_linear=0
shrinkage=1


Tree=1
num_leaves=15
num_cat=0
split_feature=33 51 1 36 49 35 36 12 4 30 41 4 11 42
split_gain=462.702 193.137 88.4877 39.5952 35.4907 19.6167 15.6497 17.3668 15.1987 8.49181 7.96371 7.42046 6.41436 9.88729
threshold=8.4009807367649234 5.6346540624069537 1.7402908934145846 3.2588475577866487 1.2887458999186128 0.22666847531199133 6.5434454541542033 0.58669312355131009 4.1682816228542032 0.09302884615384617 4.5085692598918206 2.1122665313030433 0.043753053225703893 8.0774379228624138
decision_type=2 2 2 2 2 2 2 2 2 2 2 2 2 2
left_child=1 2 4 -4 8 -2 7 9 -1 -5 -6 -9 13 -3
right_child=5 12 3 6 10 -7 -8 11 -10 -11 -12 -13 -14 -15
leaf_value=-0.024700107277929782 0.0025973531752824779 0.019609439845383166 -0.030221334993839263 -0.015377154037356375 -0.009709107452630995 0.05143068762123585 0.014897423368692398 0.0011068870022892946 2.397775501012722e-05 -0.012179348815977573 0.0055832379072904594 0.023134255778789518 0.049384795144200327 0.0010861402541398999
leaf_weight=441 27 22 77 45 15.000000000000002 338 22 26 14.999999999999998 19 14.999999999999998 40 69 28
leaf_count=441 27 22 77 45 15 338 22 26 15 19 15 40 69 28
internal_value=-0.000175 -0.012503 -0.0183939 -0.003 -0.0256263 0.0279508 0.00588235 0.00183206 -0.0277024 -0.00923077 0.00580645 0.0125373 0.02275 0.0141176
internal_weight=1199 834 715 229 486 365 152 130 456 64 30 66 119 50
internal_count=1199 834 715 229 486 365 152 130 456 64 30 66 119 50
is_linear=0
shrinkage=0.03


Tree=2
num_leaves=15
num_cat=0
split_feature=23 1 51 36 36 49 11 9 36 51 5 14 51 22
split_gain=527.902 118.408 41.196 41.1381 39.8097 26.2699 24.6746 24.1324 17.5932 16.2143 14.2847 10.7152 9.72829 15.5571
threshold=7.0509362548141423 1.7402908934145846 5.533209756481491 5.7319386792052063 3.0083859243607196 1.2887458999186128 0.12367971625469601 1.0588711877855792 6.362127480360777 5.4198325112847003 1.4982558360770895 0.011005548033295745 4.8326238472370076 9.3184665525853365
decision_type=2 2 2 2 2 2 2 2 2 2 2 2 2 2
left_child=1 2 5 7 -3 -1 -4 -2 9 11 -7 -6 -13 -14
right_child=3 4 6 -5 8 10 -8 -9 -10 -11 -12 12 13 -15
leaf_value=-0.024051227657452226 -0.025429665371149778 -0.029314694944024083 0.010334173522129654 0.050255129491835825 0.022714664401531217 -0.010994416012644767 -0.00028709607119858314 0.035136775283955035 0.018251253372967242 0.030378378590494391 0.0077619852244555946 -0.019480290791407225 0.0070700285030677913 -0.016599063367567956
leaf_weight=438 28 59 22 410 24 17 19 24 39 23 14.999999999999998 43 30 24
leaf_count=438 28 59 22 410 24 17 19 24 39 23 15 43 30 24
internal_value=-7.40132e-05 -0.015557 -0.0237305 0.0251404 0.0017284 -0.026242 0.005 0 0.0086413 0.00372414 0 -0.000737705 -0.00520408 0.00327273
internal_weight=1215 753 511 462 242 470 41 52 183 144 32 121 97 54
internal_count=1215 753 511 462 242 470 41 52 183 144 32 121 97 54
is_linear=0
shrinkage=0.03


Tree=3
num_leaves=15
num_cat=0
split_feature=23 1 9 35 5 9 20 45 34 34 9 33 0 0
split_gain=522.494 98.0111 36.8553 35.3101 30.0853 30.8378 26.6084 28.5895 13.3198 10.872 10.1907 11.8056 8.4559 14.9819
threshold=7.0232420838627183 1.7402908934145846 0.9207631571419963 0.054866107922135095 4.3174923893167199 0.98960858410973984 2.8761068394428135 1.0880456295278409 0.64901209537532167 15.973206301162554 1.5729062485572913 6.2655684079969651 7.5000000000000009 5.0000000000000009
decision_type=2 2 2 2 2 2 2 2 2 2 2 2 2 2
left_child=1 6 8 4 5 -2 7 9 -3 -1 11 -4 13 -10
right_child=3 2 10 -5 -6 -7 -8 -9 12 -11 -12 -13 -14 -15
leaf_value=-0.025534949904979617 -0.025424391721327006 -0.028435254095703362 0.00011759297896083431 0.048200380069895084 0.058796829547070072 0.02041521177695118 0.0084422331985817833 0.0046714433113718033 -0.028477872193425444 -0.00018386593626111862 0.036708342964990585 0.014542991835220455 -0.031854274488106148 0.0090576507750588665
leaf_weight=413 37 63 50 345 54 24 19 25 29 34 28 17 18 29
leaf_count=413 37 63 50 345 54 24 19 25 29 34 28 17 18 29
internal_value=-0.000379427 -0.0162397 -0.000255319 0.0245987 0.0100862 -0.00435484 -0.0238415 -0.0252431 -0.0100714 -0.0269866 0.0140625 0.0075 -0.00155844 0.0040678
internal_weight=1185 725 234 460 115 61 491 472 139 447 95 67 76 58
internal_count=1185 725 234 460 115 61 491 472 139 447 95 67 76 58
is_linear=0
shrinkage=0.03


Tree=4
num_leaves=15
num_cat=0
split_feature=23 1 24 34 21 9 45 13 33 33 41 9 3 22
split_gain=463.582 120.253 46.5928 38.071 32.0783 31.5605 29.8146 26.9694 26.6035 25.4112 13.4472 13.7516 19.437 9.78766
threshold=7.1748664274079959 1.6857186587020505 0.97030398730526957 5.9415909090909098 3.7364108744085263 1.5750227767015812 1.0880456295278409 0.92689502770026 2.709693663043824 3.9134164492455761 7.7634606340831782 1.5107578708023099 3.9234390080963344 7.6848875909587369
decision_type=2 2 2 2 2 2 2 2 2 2 2 2 2 2
left_child=1 2 6 4 7 8 -1 -2 -3 -4 11 12 -10 -13
right_child=3 5 9 -5 -6 -7 -8 -9 10 -11 -12 13 -14 -15
leaf_value=-0.025215285338572969 -0.023168862330436756 -0.027582196472832263 -0.030249697165904452 0.050904765253262707 0.041364193310256814 0.037297027679560071 0.0047935859047519144 0.054794443137377448 -0.0078300159101803331 0.011799917902024577 0.013976404529572413 -0.0014324057773871335 0.00054780769501974128 -3.8331218653420147e-06
leaf_weight=395 35 49 14.999999999999998 324 71 31 26 14.999999999999998 113 28 19 22 45 20
leaf_count=395 35 49 15 324 71 31 26 15 113 28 19 22 45 20
internal_value=0.000248139 -0.0139398 -0.0234839 0.0245516 0.010082 0.0009 -0.0265166 -0.00823529 -0.00245353 0.00613636 0.00204545 -0.000298507 0.00377358 -0.0153488
internal_weight=1208 763 464 445 121 299 421 50 268 43 219 200 158 42
internal_count=1208 763 464 445 121 299 421 50 268 43 219 200 158 42
is_linear=0
shrinkage=0.03


Tree=5
num_leaves=15
num_cat=0
split_feature=23 37 49 33 34 5 14 9 1 11 13 3 25 23
split_gain=431.943 133.356 59.5208 44.6971 43.1797 35.4024 28.5688 17.2643 16.8114 16.7975 12.9513 9.53176 9.4142 5.41743
threshold=7.2546840084071453 1.8807759942820912 1.2887458999186128 3.0997493735909312 6.2168750000000008 4.3715456087905986 0.39921070301033063 1.0588711877855792 1.7402908934145846 0.16330789911350482 0.92401960784313741 4.2543046493342835 14.500000000000002 6.4808562613436456
decision_type=2 2 2 2 2 2 2 2 2 2 2 2 2 2
left_child=1 2 8 -3 5 7 12 -2 -1 -4 11 -8 -5 -14
right_child=4 3 9 6 -6 -7 10 -9 -10 -11 -12 -13 13 -15
leaf_value=-0.022675522635463814 -0.014949528353725348 -0.029477333384142556 0.021853364817372468 -4.1708050254922742e-05 0.049672339845942534 0.049553250188131642 -0.0027652127915850592 0.03576582482663021 -0.014655516914413611 -0.012451532318861973 0.0099479920456217313 6.9873424224138335e-05 0.0075705683391914958 0.0077395551537462704
leaf_weight=375 42 79 24 23 313 64 54 15.999999999999998 34 14.999999999999998 31 26 91 27
leaf_count=375 42 79 24 23 313 64 54 16 34 15 31 26 91 27
internal_value=9.87654e-05 -0.0132692 -0.0239198 0.0011747 0.0240138 0.00878049 0.00735178 -0.00813559 -0.0272927 0.01125 -0.00401786 -0.0103704 0.0162676 0.0196639
internal_weight=1214 779 448 331 435 122 252 58 409 39 111 80 141 118
internal_count=1214 779 448 331 435 122 252 58 409 39 111 80 141 118
is_linear=0
shrinkage=0.03


Tree=6
num_leaves=15
num_cat=0
split_feature=33 37 44 21 36 41 7 34 42 42 13 4 4 9
split_gain=424.682 131.63 59.47 58.3221 23.9728 21.9117 17.992 13.8596 12.9298 10.2135 20.9792 10.1293 8.16254 15.2765
threshold=8.5036003205244555 1.8228093691213478 1.4334389071687497 3.6545593252317023 2.7860202693428557 7.843311054185544 2.4132965269670241 6.2168750000000008 8.4322065715263879 7.4848298600045071 0.63280884941708238 2.0809533960336402 4.0925098067731485 1.5107578708023099
decision_type=2 2 2 2 2 2 2 2 2 2 2 2 2 2
left_child=1 2 5 4 -3 -1 8 -2 11 10 12 -6 -8 -14
right_child=7 3 -4 -5 6 -7 9 -9 -10 -11 -12 -13 13 -15
leaf_value=-0.02641310010749243 0.0016163075808949873 -0.028678915735249371 0.021208603573550144 0.041603605457685607 -0.015676375969323593 9.4057830404046806e-05 -0.00071985897320650419 0.046019114158755432 0.02220308627289392 -0.025378238725623736 0.0087999140299138828 0.0044452706472205266 0.00024326586271957107 -0.00046128396881997265
leaf_weight=342 31 48 18 84 35 22 56 336 43 67 19 57 27 26
leaf_count=342 31 48 18 84 35 22 56 336 43 67 19 57 27 26
internal_value=0.00106436 -0.0106509 -0.0236554 0.00012959 -0.00490765 -0.0263014 -0.00199396 0.027962 0.00639706 -0.00780612 -0.0027907 0 -0.00790909 0.000555556
internal_weight=1211 844 382 462 378 364 330 367 135 195 128 92 109 53
internal_count=1211 844 382 462 378 364 330 367 135 195 128 92 109 53
is_linear=0
shrinkage=0.03


Tree=7
num_leaves=15
num_cat=0
split_feature=23 37 44 36 36 14 21 4 13 43 27 3 51 34
split_gain=423.21 96.1191 70.7838 40.2523 34.7105 30.8796 29.4762 26.257 13.7947 10.0296 9.03601 8.85547 8.35403 14.9922
threshold=6.9572329988405786 1.8481781943666664 1.4334389071687497 9.2718195181623937 3.2588475577866487 0.38289995575683705 3.7364108744085263 3.6973733103554216 0.99950908951445894 1.8095466653133714 9.5000000000000018 4.0293742164716475 5.5007395719050294 15.28688452030749
decision_type=2 2 2 2 2 2 2 2 2 2 2 2 2 2
left_child=1 2 9 6 -3 11 7 -2 12 -1 -5 -6 -7 -14
right_child=3 4 -4 10 5 8 -8 -9 -10 -11 -12 -13 13 -15
leaf_value=-0.024398249218525469 0.0098615105004303885 -0.027938255251526545 0.020534612149922131 0.001536418626600462 0.0043022106115494264 -0.0077620528710725988 0.041164722461090333 -0.0012962144312427225 0.0095161941648364643 -0.024791593871288788 0.047239919246736657 0.01623596763429435 0.00019377851834593505 -0.00020368034486623998
leaf_weight=353 31 82 21 14.999999999999998 67 63 85 33 31 15.999999999999998 303 37 19 33
leaf_count=353 31 82 21 15 67 63 85 33 31 16 303 37 19 33
internal_value=0.000529412 -0.0138589 -0.0239386 0.0227564 -0.00198198 0.00358566 0.0098 -0.00553846 -0.00530612 -0.027 0.0287774 0.016 -0.0100862 -0.00113208
internal_weight=1189 722 390 467 332 250 149 64 146 369 318 104 115 52
internal_count=1189 722 390 467 332 250 149 64 146 369 318 104 115 52
is_linear=0
shrinkage=0.03


Tree=8
num_leaves=15
num_cat=0
split_feature=51 41 33 13 45 51 37 29 9 38 39 13 24 0
split_gain=397.548 119.035 63.5255 60.1391 30.8929 26.5694 26.3043 24.2917 13.1662 21.018 16.5988 7.81963 7.08427 7.55976
threshold=5.3089473170467718 8.3509947212550362 7.2131677657086266 0.91238157614159088 1.0880456295278409 5.7013758338970542 2.3443878276364232 4.4177489177489191 1.5107578708023099 0.06748299319727892 3.175109443402127 0.58178966157751499 0.96319053287652678 5.0000000000000009
decision_type=2 2 2 2 2 2 2 2 2 2 2 2 2 2
left_child=1 3 5 4 6 8 -1 -3 9 -2 -11 -12 -5 -14
right_child=2 7 -4 12 -6 -7 -8 -9 -10 10 11 -13 13 -15
leaf_value=-0.025585039500855139 0.00026516834100770101 -0.00072773248829283046 0.048669854352134855 0.053264406669658884 0.0056868747098746267 0.023659552077243944 -0.022311555212771544 0.035050269314903404 -0.00053957242504601259 -0.00055420286930811633 0.00048050440870511303 -9.9365588051202874e-05 0.0066913095766625739 -0.013950042313696231
leaf_weight=438 28 14.999999999999998 324 18 25 68 76 63 35 17 22 35 21 19
leaf_count=438 28 15 324 18 25 68 76 63 35 17 22 35 21 19
internal_value=0.00109544 -0.0141568 0.0205472 -0.0187124 -0.0218333 0.00742718 -0.0234175 0.0205063 -0.000217391 0.00524272 -0.0032 0.00465517 0.0101695 0.00292683
internal_weight=1204 675 529 597 539 205 514 78 137 102 74 57 58 40
internal_count=1204 675 529 597 539 205 514 78 137 102 74 57 58 40
is_linear=0
shrinkage=0.03


Tree=9
num_leaves=15
num_cat=0
split_feature=23 37 36 49 14 42 22 43 29 51 23 22 0 34
split_gain=393.204 112.984 42.0164 39.9049 38.352 38.158 50.1205 27.2219 18.8868 17.9448 16.7959 18.9548 12.7946 9.78247
threshold=6.9572329988405786 1.7813842715082597 9.3654105613823209 2.1807033585296689 0.25018373346398831 8.0537255981043341 11.761819337499091 0.97712125471966249 4.4177489177489191 4.198627839172695 6.4049696403721725 7.440027050157175 5.0000000000000009 15.690841833598776
decision_type=2 2 2 2 2 2 2 2 2 2 2 2 2 2
left_child=1 3 5 -1 9 -2 -7 10 -4 12 11 -6 -3 -12
right_child=2 4 8 -5 7 6 -8 -9 -10 -11 13 -13 -14 -15
leaf_value=-0.024358057333467641 0.034186525240867037 -0.012190814717052618 -2.66616057341984e-05 0.018374428816780013 -0.00024689262560030747 -0.003613929643718693 0.025564916861331437 -0.024902292156074458 0.044634730778913327 0.034257414808337841 1.3420487069550345e-05 0.0077529234983105622 0.01081871239804311 -0.00044584692066076959
leaf_weight=316 58 21 15.999999999999998 14.999999999999998 26 47 57 133 303 40 47 58 32 41
leaf_count=316 58 21 16 15 26 47 57 133 303 40 47 58 32 41
internal_value=0.000693642 -0.0131918 0.021722 -0.0261145 -0.00240602 0.00920245 -0.00171429 -0.00754902 0.0280312 0.0143617 0.000346821 0.00988235 0.00277778 -0.00876404
internal_weight=1210 729 481 331 398 162 104 305 319 93 172 84 53 88
internal_count=1210 729 481 331 398 162 104 305 319 93 172 84 53 88
is_linear=0
shrinkage=0.03


Tree=10
num_leaves=15
num_cat=0
split_feature=23 37 44 33 35 20 3 9 13 13 12 12 9 19
split_gain=386.518 113.612 63.8701 49.7817 32.0504 28.7066 27.1923 24.8149 18.0834 11.2542 13.3198 24.0781 10.1801 7.6649
threshold=7.4814826304850461 1.735499084830437 1.282923909336759 2.867365120460065 0.14683807090386461 3.6141554234139228 5.6614832322423085 1.0588711877855792 0.15994277359164985 0.99950908951445894 0.16461373392463 0.16440070242957763 0.53412620665607635 0.10287905892049341
decision_type=2 2 2 2 2 2 2 2 2 2 2 2 2 2
left_child=1 2 -1 -3 6 8 7 13 12 10 11 -10 -5 -2
right_child=4 3 -4 5 -6 -7 -8 -9 9 -11 -12 -13 -14 -15
leaf_value=-0.021315159353450033 -0.011296823208244386 -0.026095821918642046 0.017791088122229005 -0.024091196824505678 0.043573613488572055 0.026863495711884355 0.061153096893459866 0.048750817489327775 -9.5742963001564646e-05 0.0071381210831831287 -0.0018331933856300174 0.0001798412472661169 0.018432060620869321 -2.3552822635184989e-05
leaf_weight=341 23 89 19 18 299 58 39 19 42 38 137 38 53 21
leaf_count=341 23 89 19 18 299 58 39 19 42 38 137 38 53 21
internal_value=0.000388664 -0.011259 -0.0239335 -0.00158228 0.0245522 0.00311688 0.00990291 -0.00234375 -0.000366972 -0.00410156 -0.00674312 0.00296296 0.0129167 -0.0146667
internal_weight=1234 833 360 473 401 384 102 63 326 255 217 80 71 44
internal_count=1234 833 360 473 401 384 102 63 326 255 217 80 71 44
is_linear=0
shrinkage=0.03


Tree=11
num_leaves=15
num_cat=0
split_feature=5 36 44 41 5 22 21 42 14 10 25 12 24 11
split_gain=365.894 98.7912 62.0067 67.2066 42.9172 26.167 17.7804 15.0127 25.0752 22.7527 13.2474 12.6652 16.7831 11.9491
threshold=2.9285169081459475 9.446752333013519 1.4334389071687497 8.1137955244709765 4.4803791406916522 7.1525308194137578 2.1737885045008656 8.0774379228624138 0.38250430411250813 0.13224116079340101 82.500000000000014 0.16452903818999928 0.98513314202152891 0.11467724777756601
decision_type=2 2 2 2 2 2 2 2 2 2 2 2 2 2
left_child=2 4 3 10 5 -2 -7 8 -8 -9 -1 -11 -13 -10
right_child=1 -3 -4 -5 -6 6 7 9 13 11 -12 12 -14 -15
leaf_value=-0.024104359015657287 -0.0023506454942127468 0.045668592812796727 0.030894032741249612 0.0085942570514984558 0.039998170977121758 0.00032510331009683144 0.010376983240600627 -0.023410136919745448 0.00032849650817769579 -5.4370699147086033e-05 0.0058696535537282896 0.011725484323971075 -0.0013984101324699032 -0.0002011089765541643
leaf_weight=422 23 274 23 40 83 53 47 32 30 15.999999999999998 17 24 27 104
leaf_count=422 23 274 23 40 83 53 47 32 30 16 17 24 27 104
internal_value=0.0011102 0.014916 -0.0184891 -0.0208125 0.00606818 0.00151261 0.00368263 0.000640569 0.00576923 -0.0087 -0.0242045 0.00132353 0.00865385 -0.000888889
internal_weight=1215 713 502 479 439 356 333 280 181 99 439 67 51 134
internal_count=1215 713 502 479 439 356 333 280 181 99 439 67 51 134
is_linear=0
shrinkage=0.03


Tree=12
num_leaves=15
num_cat=0
split_feature=33 37 49 5 35 43 49 22 17 23 38 34 41 49
split_gain=309.978 108.605 59.6234 51.2565 38.8291 25.0058 32.1106 17.9908 16.0023 15.9052 20.0618 18.6427 10.6016 10.4408
threshold=8.258943287146705 1.6898340170168271 2.5376603156764395 3.8560548144083815 0.22666847531199133 1.0000000180025095e-35 1.7139863568041047 9.2254929791610447 2.8989813242784384 6.3447345277593348 0.075243017103482232 15.441478292070327 5.3840853316988442 1.1276362525516532
decision_type=2 2 2 2 2 2 2 2 2 2 2 2 2 2
left_child=1 2 13 5 -2 9 12 8 -6 -3 11 -11 -7 -1
right_child=4 3 -4 -5 7 6 -8 -9 -10 10 -12 -13 -14 -15
leaf_value=-0.023444404032136028 -0.00036664411284642096 0.00072509056727513698 0.030954402363222021 0.029903763392340792 0.0003057556952219004 -0.024185944456462997 0.036654409502201717 0.045944828430130966 -4.9430759618862562e-06 0.00013554574115317352 -0.01811928126563252 -0.00033242279958713925 -0.014458838976970905 -0.0067572890176543395
leaf_weight=263 31 84 20 95 26 98 14.999999999999998 290 36 42 31 49 87 20
leaf_count=263 31 84 20 95 26 98 15 290 36 42 31 49 87 20
internal_value=0.00133838 -0.00924224 -0.0233882 -0.000657371 0.0235156 -0.00530713 -0.0128358 0.0263456 0.0114286 0.00202899 -0.00487805 0.00228261 -0.0162903 -0.0269366
internal_weight=1187 804 303 501 383 406 200 352 62 206 122 91 185 283
internal_count=1187 804 303 501 383 406 200 352 62 206 122 91 185 283
is_linear=0
shrinkage=0.03


Tree=13
num_leaves=15
num_cat=0
split_feature=51 36 27 49 51 13 22 39 23 11 11 36 37 3
split_gain=308.979 87.4304 69.2877 33.7966 30.3487 29.1788 22.8526 20.8064 16.5619 17.3459 15.6921 14.7103 13.7796 14.9365
threshold=4.9619096957853053 9.5036233440754554 10.500000000000002 1.7139863568041047 5.7565597262287467 0.92401960784313741 7.1525308194137578 3.077380952380953 6.6037393483696887 0.11785755399002791 0.12632185295350956 7.1280368062701163 1.4768798458666146 1.9262399968184283
decision_type=2 2 2 2 2 2 2 2 2 2 2 2 2 2
left_child=2 4 3 5 6 12 -2 -8 9 -9 -10 -4 -1 -14
right_child=1 -3 11 -5 -6 -7 7 8 10 -11 -12 -13 13 -15
leaf_value=-0.023542685838059463 -0.0014799778858903929 0.043923465093111444 -0.0025701801524147761 0.015632173875209435 0.037380333315651146 0.0046016027529707541 0.00065296010263704335 0.0029146576296360058 -0.00072215113834499299 2.0854614506073953e-05 2.496034920879353e-05 0.020740217158333161 0.0033331027532092451 -0.023800147830986201
leaf_weight=212 30 247 17 24 107 26 30 38 58 104 42 32 22 189
leaf_count=212 30 247 17 24 107 26 30 38 58 104 42 32 22 189
internal_value=0.000916031 0.0146119 -0.0162906 -0.0198101 0.00607317 -0.0216667 0.00118812 0.00395604 0.000987654 0.00755245 -0.00831683 0.0174 -0.0235613 -0.0179717
internal_weight=1178 656 522 473 409 449 302 272 242 142 100 49 423 211
internal_count=1178 656 522 473 409 449 302 272 242 142 100 49 423 211
is_linear=0
shrinkage=0.03


Tree=14
num_leaves=15
num_cat=0
split_feature=23 41 19 10 37 33 3 41 23 33 1 14 24 35
split_gain=291.113 106.642 49.4313 36.337 26.4063 23.6337 15.9714 14.6031 22.4021 32.8954 20.5767 14.5036 9.27694 12.2407
threshold=7.6015758535146887 4.7424035066719936 0.11125175808720113 0.050659419170084534 1.3709695388645995 3.8509559154271149 5.6671280736810994 8.3385829294489167 7.495672197723497 8.258943287146705 1.4697596263093093 0.63444687842278213 0.98348005007770578 0.8752639903989029
decision_type=2 2 2 2 2 2 2 2 2 2 2 2 2 2
left_child=1 -1 5 6 -4 -3 -2 8 9 10 -6 -7 13 -12
right_child=3 2 4 -5 7 11 -8 -9 -10 -11 12 -13 -14 -15
leaf_value=-0.023883376941651501 -0.015311216439911669 -0.0059675218752621622 -0.015721700117558638 0.04436224326464671 -0.0019334502984167503 0.017977534051770938 0.038810728322706586 0.00060640558573740841 -0.00040699020054799193 0.00021646389464093362 -0.0010634543428806008 -0.0022581991804310436 0.0084697632388891532 3.0677476435956582e-05
leaf_weight=218 17 57 51 295 53 106 17 19 40 53 142 20 27 76
leaf_count=218 17 57 51 295 53 106 17 19 40 53 142 20 27 76
internal_value=0.000125839 -0.00903824 -0.00288372 0.0240909 -0.00811688 0.0102717 -0.00514286 -0.00554745 -0.00681122 -0.00434659 -0.00822742 0.0174803 -0.0045122 -0.00657534
internal_weight=1191 862 644 329 461 183 34 410 391 351 298 126 245 218
internal_count=1191 862 644 329 461 183 34 410 391 351 298 126 245 218
is_linear=0
shrinkage=0.03


Tree=15
num_leaves=15
num_cat=0
split_feature=23 51 51 10 49 22 9 51 33 24 33 0 39 9
split_gain=272.936 92.6098 40.4174 35.7781 29.5553 29.005 26.3215 38.2593 21.8646 21.4197 16.6844 14.593 14.3935 15.4259
threshold=7.6377213911564281 3.8614723551111396 5.8810722452205999 0.050659419170084534 1.7877093956071803 7.1525308194137578 0.98960858410973984 5.3089473170467718 6.6702850689571322 0.94162089851613573 5.8325350117416104 5.0000000000000009 3.175109443402127 1.5107578708023099
decision_type=2 2 2 2 2 2 2 2 2 2 2 2 2 2
left_child=1 8 4 -2 5 11 -7 10 -1 -9 -8 -3 -11 -14
right_child=3 2 -4 -5 -6 6 7 9 -10 12 -12 -13 13 -15
leaf_value=-0.023169132265253151 -0.0015121055490789736 -0.0086119474766684443 0.033769026108100127 0.044929164014497834 0.025705920285321249 -0.014897743642134753 0.0033036786527329562 -0.00024960861380950882 0.0039489365234522131 -0.00064084531617965431 0.00062687738271870403 -0.018105938661315796 0.00017463319486902494 -0.00048588174089564558
leaf_weight=257 35 68 41 274 26 155 45 70 15.999999999999998 21 70 28 73 40
leaf_count=257 35 68 41 274 26 155 45 70 16 21 70 28 73 40
internal_value=-2.45902e-05 -0.00829857 -0.00202194 0.0242903 -0.0040201 -0.0054641 -0.0024 0.00253125 -0.0228832 -0.00526829 0.0162931 -0.0204124 0.00177778 0.00605263
internal_weight=1219 910 637 309 596 570 474 319 273 204 115 96 134 113
internal_count=1219 910 637 309 596 570 474 319 273 204 115 96 134 113
is_linear=0
shrinkage=0.03


Tree=16
num_leaves=15
num_cat=0
split_feature=23 36 14 11 22 43 44 23 29 1 36 1 23 22
split_gain=250.87 106.546 43.2807 31.3071 26.2781 25.509 22.4823 22.2274 27.5351 26.3532 18.7407 15.9793 14.4645 13.9121
threshold=7.6816088775227742 3.2857822155436245 0.20697390281270409 0.036125916070346951 7.1525308194137578 1.5118319590988969 1.282923909336759 7.495672197723497 13.133889695210451 1.1901056208558034 8.4062233873371053 1.4982558360770895 6.4049696403721725 7.5193376961064109
decision_type=2 2 2 2 2 2 2 2 2 2 2 2 2 2
left_child=1 6 13 -2 5 -4 11 9 -9 -6 12 -1 -11 -3
right_child=3 2 4 -5 7 -7 -8 8 -10 10 -12 -13 -14 -15
leaf_value=-0.022674285200257292 -0.00036928258112858267 -3.4251368329624164e-06 -0.0085520328593940119 0.043854030411811927 -0.011206416672874678 0.001656262578443402 0.0021207496641310001 -0.00043486586215867761 0.00059516882051117818 0.00041474557064710065 0.00021368585164105336 -0.021883752559514441 -0.00017489862931521354 0.021415331048519948
leaf_weight=178 40 26 68 242 21 36 14.999999999999998 61 14.999999999999998 119 68 117 120 65
leaf_count=178 40 26 68 242 21 36 15 61 15 119 68 117 120 65
internal_value=-7.55034e-05 -0.00774725 -0.00035 0.0245936 -0.0037721 -0.0171429 -0.0219936 -0.000296296 -0.0148052 0.0031003 0.00535714 -0.0238176 0.001375 0.018587
internal_weight=1191 909 599 282 508 104 310 404 76 328 307 295 239 91
internal_count=1191 909 599 282 508 104 310 404 76 328 307 295 239 91
is_linear=0
shrinkage=0.03


Tree=17
num_leaves=15
num_cat=0
split_feature=23 36 14 10 4 51 42 35 29 41 1 3 17 9
split_gain=271.291 112.494 38.4671 31.354 24.2094 22.667 23.3918 24.5581 20.8481 20.7208 15.3661 13.6888 13.6625 14.9179
threshold=7.6816088775227742 3.2857822155436245 0.25018373346398831 0.050659419170084534 5.4223331239612564 4.8330769242270994 8.2192222064066041 0.81309091020368196 13.133889695210451 7.843311054185544 1.4982558360770895 3.6138887117009602 2.9564327979712597 1.5107578708023099
decision_type=2 2 2 2 2 2 2 2 2 2 2 2 2 2
left_child=1 10 -3 4 -2 9 7 -7 11 -4 -1 -8 -9 -14
right_child=3 2 5 -5 -6 6 8 12 -10 -11 -12 -13 13 -15
leaf_value=-0.021965612009871616 -0.008731530940569391 0.019988125390019224 -0.014503862793065024 0.043165631560614794 0.038662635485706032 0.00037379017169369532 0.00089561453066739792 -0.00086265563027930448 0.00056530103578780852 0.0067812411235131584 -0.019705094193294383 -0.00067064529278284104 0.00010126652597301555 -0.00050067123257657774
leaf_weight=192 20 99 104 265 23 101 20 40 14.999999999999998 14.999999999999998 117 82 89 37
leaf_count=192 20 99 104 265 23 101 20 40 15 15 117 82 89 37
internal_value=0.000172131 -0.00805921 -0.000497512 0.024466 0.000681818 -0.00386905 -0.000311688 0.00458955 -0.0114407 -0.01525 -0.0227419 -0.0163107 -0.00251497 0.0023622
internal_weight=1219 911 602 308 43 503 384 267 117 119 309 102 166 126
internal_count=1219 911 602 308 43 503 384 267 117 119 309 102 166 126
is_linear=0
shrinkage=0.03


Tree=18
num_leaves=15
num_cat=0
split_feature=36 1 3 23 36 49 22 0 20 22 14 11 9 11
split_gain=238.094 109.206 46.3183 43.5844 26.3497 21.3876 16.6249 25.7033 25.515 21.176 18.5522 15.4507 15.0237 13.9224
threshold=9.6588871445210902 1.2428607132407901 4.3950277462276448 6.670481565136904 2.707143979217348 1.4697596263093093 7.1525308194137578 5.0000000000000009 2.2955545738830918 8.9173002295824677 0.38413116264732317 0.12470038394896264 1.3548003628287 0.016440287352742573
decision_type=2 2 2 2 2 2 2 2 2 2 2 2 2 2
left_child=1 3 4 -1 -3 6 7 -6 -8 10 -10 -11 -13 -4
right_child=-2 2 13 -5 5 -7 8 -9 9 11 -12 12 -14 -15
leaf_value=-0.019964658291277641 0.042672564431118123 -0.021470495335018228 0.0034942528811886709 0.00076555346731741413 -0.0099291431285000089 0.030015032281993169 0.0010017935449697962 0.0082062768866196338 0.00022255266743329962 -0.0007845733474109417 -0.0002527094532052704 -0.0012744142675933856 8.7528412217282572e-05 0.041616689289065673
leaf_weight=241 212 73 39 19 61 26 87 32 70 100 92 30 47 62
leaf_count=241 212 73 39 19 61 26 87 32 70 100 92 30 47 62
internal_value=-0.000578859 -0.00682653 -0.000791667 -0.0234483 -0.00387722 -0.00159341 -0.00294231 -0.0143617 -0.000421546 -0.00414706 0.00368098 -0.0112921 -0.00115385 0.0179412
internal_weight=1191 979 719 260 618 545 519 93 426 339 162 177 77 101
internal_count=1191 979 719 260 618 545 519 93 426 339 162 177 77 101
is_linear=0
shrinkage=0.03


Tree=19
num_leaves=15
num_cat=0
split_feature=23 1 10 3 41 44 4 33 5 0 0 41 49 33
split_gain=246.849 100.653 37.1723 35.5944 34.081 29.0472 27.2688 19.9105 27.4666 23.736 27.0735 30.6362 17.0974 16.0445
threshold=7.7727986767714565 1.2898917983084053 0.050659419170084534 4.3950277462276448 8.3509947212550362 1.5246090113350912 5.4223331239612564 8.7910331033908893 2.9285169081459475 5.0000000000000009 7.5000000000000009 4.9644399210870516 1.1276362525516532 8.1530719750151448
decision_type=2 2 2 2 2 2 2 2 2 2 2 2 2 2
left_child=1 12 6 4 5 7 -2 8 9 -3 11 -11 13 -1
right_child=2 3 -4 -5 -6 -7 -8 -9 -10 10 -12 -13 -14 -15
leaf_value=-0.020443647768103316 -0.01262562228421351 -0.021341358881834725 0.041034469950958628 0.030265350953028982 0.028584755295264361 0.029030014128899162 0.061728688699024495 -0.00067252839727745207 9.1926386483237592e-06 -0.0067116240735260414 -0.021050102680656026 0.008166276954386778 -0.0020669613863825756 8.0024353461135149e-05
leaf_weight=218 21 77 246 41 30 21 19 49 322 26 41 40 27 17
leaf_count=218 21 77 246 41 30 21 19 49 322 26 41 40 27 17
internal_value=-0.000426421 -0.00807692 0.0238328 -0.00171296 -0.00355848 -0.00519931 -0.00292683 -0.00652878 -0.00473373 -0.0139459 -0.00472222 0.00716418 -0.0237262 -0.0263136
internal_weight=1195 909 286 647 606 576 40 555 506 184 107 66 262 235
internal_count=1195 909 286 647 606 576 40 555 506 184 107 66 262 235
is_linear=0
shrinkage=0.03


Tree=20
num_leaves=15
num_cat=0
split_feature=36 37 3 41 33 51 41 33 45 41 11 51 0 36
split_gain=222.502 111.515 56.7512 35.6139 26.2228 24.9367 23.1565 19.7164 19.1784 18.7433 16.3678 13.2981 17.7862 22.2157
threshold=10.31206004912112 1.4768798458666146 4.3477638511307903 4.7424035066719936 8.7910331033908893 4.9167334398948528 7.7634606340831782 8.6115192319668132 1.0880456295278409 4.7623389049748397 0.023095172079135924 5.0874535511725005 5.0000000000000009 7.4121900910777336
decision_type=2 2 2 2 2 2 2 2 2 2 2 2 2 2
left_child=1 5 3 -3 6 -1 8 -8 9 -5 -4 -11 13 -13
right_child=-2 2 10 4 -6 -7 7 -9 -10 11 -12 12 -14 -15
leaf_value=-0.019636180886649226 0.039411579420468815 -0.020201973322822919 -0.00022128404743268048 0.010551360175573989 -0.00032687286712038355 7.7623622857301148e-05 0.00093207080269435967 -9.2121026407598895e-07 0.02050475479705503 -0.016898971355151553 0.039275307867345496 0.0044066280837250149 -0.02263352812153626 -0.00010248917956012293
leaf_weight=209 187 73 34 38 56 31 58 50 15.999999999999998 169 90 35 30 107
leaf_count=209 187 73 34 38 56 31 58 50 16 169 90 35 30 107
internal_value=-0.000734797 -0.00637914 -0.000713342 -0.00436019 -0.00176786 -0.0241494 0.000416667 0.0126606 -0.00295455 -0.00434211 0.01776 -0.00657895 -0.000693642 0.00377622
internal_weight=1183 996 756 632 559 240 503 108 395 379 124 341 172 142
internal_count=1183 996 756 632 559 240 503 108 395 379 124 341 172 142
is_linear=0
shrinkage=0.03


Tree=21
num_leaves=15
num_cat=0
split_feature=36 36 14 51 42 35 36 22 41 35 39 29 24 27
split_gain=221.451 112.254 50.8078 35.3549 36.3756 29.2038 18.5889 17.5136 17.0188 15.6152 15.5078 14.7063 23.8056 14.3375
threshold=10.483504653963875 3.2588475577866487 0.16524216524216526 4.8330769242270994 8.1344918668932049 0.81309091020368196 2.4255251634508204 12.05073044536516 7.7634606340831782 0.8752639903989029 3.27265306122449 13.133889695210451 0.8953546884978888 18.500000000000004
decision_type=2 2 2 2 2 2 2 2 2 2 2 2 2 2
left_child=1 6 -3 8 5 -5 -1 11 -4 -7 -11 12 13 -6
right_child=-2 2 3 4 7 9 -8 -9 -10 10 -12 -13 -14 -15
leaf_value=-0.019340170604340675 0.038976094926190932 0.019452331370037792 -0.014043055746949692 0.005029783784105164 -2.1436323065447403e-05 -0.00023506207061747039 -0.019456641786162056 0.028197095493938722 0.0033115845878623111 9.2728411984344467e-06 0.0038296297074238549 0.00015902704785176745 -0.00074002699228116193 4.7405746042306075e-05
leaf_weight=164 181 102 102 130 24 54 132 36 15.999999999999998 92 20 35 97 14.999999999999998
leaf_count=164 181 102 102 130 24 54 132 36 16 92 20 35 97 15
internal_value=-0.000649459 -0.00608824 0.000290055 -0.00294212 0.000535714 0.00727273 -0.0216162 -0.00908654 -0.0176471 -0.00107784 0.00530973 -0.0130814 -0.0175182 0.00225
internal_weight=1200 1019 723 621 503 296 296 207 118 166 112 171 136 39
internal_count=1200 1019 723 621 503 296 296 207 118 166 112 171 136 39
is_linear=0
shrinkage=0.03


Tree=22
num_leaves=15
num_cat=0
split_feature=36 36 14 4 13 14 42 22 8 35 22 43 22 39
split_gain=232.058 94.5236 45.9369 27.9353 25.2992 25.042 32.137 21.5914 14.9118 14.6876 14.601 13.4408 13.0252 12.4851
threshold=10.31206004912112 3.0455181666975997 0.16524216524216526 5.4223331239612564 0.86259875987598778 0.38538546962837916 8.2660003916395386 7.059708006691463 1.096562299177231 0.93772519388421127 7.6052603798408658 1.3709695388645995 4.2338840614326587 3.1918367346938781
decision_type=2 2 2 2 2 2 2 2 2 2 2 2 2 2
left_child=1 11 8 4 5 6 7 -4 -3 -7 -11 -1 -13 -8
right_child=-2 2 3 -5 -6 9 13 -9 -10 10 -12 12 -14 -15
leaf_value=-0.019033091253918281 0.037930701524663747 -0.0014104685923149085 -0.0080418631787622739 0.062201574472996644 0.009226722386820126 -0.0034836278239707744 -2.9669025673677573e-05 6.2517805341555933e-05 0.023144160615763458 -0.0011453754742900718 0.00044681954363945533 -0.0078726068977816484 -0.01874473388026059 -0.0011538583151814153
leaf_weight=158 186 20 23 30 80 185 21 196 80 18 32 44 71 45
leaf_count=158 186 20 23 30 80 185 21 196 80 18 32 44 71 45
internal_value=-0.00148739 -0.0072012 -0.00155951 -0.00456418 -0.00599002 -0.00840691 -0.00241259 0.00313636 0.0172277 -0.0156356 -0.00117647 -0.0222263 -0.0142241 -0.020597
internal_weight=1189 1003 730 630 600 520 285 219 100 235 50 273 115 66
internal_count=1189 1003 730 630 600 520 285 219 100 235 50 273 115 66
is_linear=0
shrinkage=0.03


Tree=23
num_leaves=15
num_cat=0
split_feature=33 51 41 38 44 23 1 33 41 23 0 0 17 9
split_gain=217.995 110.199 47.9646 41.7572 39.0941 24.4757 20.1826 17.9829 12.3668 9.86642 8.31663 18.3465 33.5885 14.6155
threshold=10.098417545053698 4.8330769242270994 7.8301465850147078 0.42640692640692646 1.282923909336759 5.7824595598634216 1.3116246451989506 8.7910331033908893 5.3840853316988442 6.0055598872203833 5.0000000000000009 7.5000000000000009 4.015463917525774 0.84903925676945124
decision_type=2 2 2 2 2 2 2 2 2 2 2 2 2 2
left_child=1 2 4 5 6 -3 -1 9 -5 -7 -8 12 -12 -13
right_child=-2 3 -4 8 -6 7 10 -9 -10 -11 11 13 -14 -15
leaf_value=-0.018182328916863017 0.036692730506389652 0.010840169204799644 0.009001350325744964 0.00771111941448704 0.0044022748415793395 -0.0070740932761753916 -0.018727785274881517 -0.00041462711701354625 0.030340385937765026 3.5349415377169956e-06 0.012324524416130944 -0.01979101246836619 -0.0092582034767202826 0.010807044439026768
leaf_weight=231 183 36 27 45 15.999999999999998 18 87 80 56 292 24 47 36 15.999999999999998
leaf_count=231 183 36 27 45 16 18 87 80 56 292 24 47 36 16
internal_value=-0.002159 -0.00761858 -0.0179381 0.001875 -0.0202402 -0.00224824 -0.0219231 -0.00445013 0.0191176 -0.00115756 -0.0150711 -0.00991935 0.00196721 -0.0210937
internal_weight=1194 1011 484 527 457 426 441 390 101 310 210 123 60 63
internal_count=1194 1011 484 527 457 426 441 390 101 310 210 123 60 63
is_linear=0
shrinkage=0.03


Tree=24
num_leaves=15
num_cat=0
split_feature=36 51 14 49 1 34 5 33 43 30 42 9 34 34
split_gain=214.638 104.496 47.6648 28.3115 27.7638 18.1618 17.7771 17.2771 18.2101 16.1497 13.8858 26.9006 15.1894 12.908
threshold=10.31206004912112 3.8614723551111396 0.16524216524216526 2.5376603156764395 1.16110964736696 0.86648486132194269 5.5791952836427612 8.7910331033908893 0.97712125471966249 0.97498436522826781 7.7376447404344288 0.55133117094857398 11.064010176282803 17.532477484381882
decision_type=2 2 2 2 2 2 2 2 2 2 2 2 2 2
left_child=1 5 -3 4 -4 -1 7 8 9 10 12 -12 -6 -9
right_child=-2 2 3 -5 6 -7 -8 13 -10 -11 11 -13 -14 -15
leaf_value=-0.017725872625864694 0.035591948591197964 0.02066988700354656 -0.0090168907537297293 0.040094702821609568 0.0060887026499520146 -0.012894020479837121 0.07463525359231582 -0.00051445943356185459 -0.013901666544207072 -0.00010014456619576839 -0.025160087351662069 5.166122025366482e-05 2.6683055668278999e-05 0.00023938573317174415
leaf_weight=165 193 84 38 26 63 99 14.999999999999998 60 144 134 26 77 46 19
leaf_count=165 193 84 38 26 63 99 15 60 144 134 26 77 46 19
internal_value=-0.000882353 -0.0064995 -0.000654843 -0.00342065 -0.0047191 -0.0226415 -0.00307692 -0.00394737 -0.00183299 0.00190202 0.00704225 -0.000865385 0.0144545 -0.016875
internal_weight=1189 996 732 648 622 264 584 569 490 346 212 103 109 79
internal_count=1189 996 732 648 622 264 584 569 490 346 212 103 109 79
is_linear=0
shrinkage=0.03


Tree=25
num_leaves=15
num_cat=0
split_feature=33 51 14 50 37 33 14 33 42 14 24 34 9 33
split_gain=206.59 109.487 40.9184 25.282 26.6706 19.4221 19.1769 20.3448 22.2649 22.6887 20.9268 11.9781 11.9497 14.1878
threshold=10.456899167242492 3.8805743843191185 0.18958347623293784 5.768343518699532 1.3709695388645995 6.6702850689571322 0.9948453608247424 3.8509559154271149 8.2510187800329948 0.399654739770538 0.9795904147767639 0.60860323886639689 1.5107578708023099 6.9303719320380699
decision_type=2 2 2 2 2 2 2 2 2 2 2 2 2 2
left_child=1 5 -3 4 -4 -1 7 -6 10 -10 12 -12 13 -9
right_child=-2 2 3 -5 6 -7 -8 8 9 -11 11 -13 -14 -15
leaf_value=-0.017168432441111898 0.034516722863564567 0.021258966606900374 -0.0087099918192037745 0.038574527984123301 -0.017748901720308859 0.0025975794662736482 0.0062321001904803537 -0.0005420961315248361 -0.0006062586932319092 0.00020781394053450252 -0.00055578636421952591 0.013914678604836306 -0.00093828997642604606 4.5666252340134661e-05
leaf_weight=255 179 90 35 21 107 20 47 95 97 53 19 45 31 110
leaf_count=255 179 90 35 21 107 20 47 95 97 53 19 45 31 110
internal_value=-0.00114523 -0.00634503 -0.000399467 -0.00299546 -0.00407812 -0.0225 -0.00257851 -0.00413978 -0.00133038 -0.0107285 0.0033887 0.0184615 -0.000759494 0.0018932
internal_weight=1204 1025 750 660 639 275 604 557 450 150 300 64 236 205
internal_count=1204 1025 750 660 639 275 604 557 450 150 300 64 236 205
is_linear=0
shrinkage=0.03


Tree=26
num_leaves=15
num_cat=0
split_feature=33 1 27 20 49 51 41 11 23 33 41 45 41 0
split_gain=192.973 103.456 40.5755 38.4875 27.9642 27.5047 23.7151 14.8965 14.4361 13.909 18.3534 11.3871 10.1657 19.1837
threshold=8.9701866303755029 1.2428607132407901 10.500000000000002 3.7247817300602528 1.4697596263093093 4.9167334398948528 4.7424035066719936 0.023095172079135924 7.9718225679179238 8.8021370274711508 8.308378565444789 0.88907562519182193 4.7990527567987762 7.5000000000000009
decision_type=2 2 2 2 2 2 2 2 2 2 2 2 2 2
left_child=1 5 -2 4 6 11 -3 8 -5 10 12 -1 -8 -14
right_child=2 3 -4 7 -6 -7 9 -9 -10 -11 -12 -13 13 -15
leaf_value=-0.016622611584321399 -0.0011716505748944697 -0.016754444927357212 0.03338654334149016 0.017418713099801916 0.024030074834518321 0.00029204926988074829 0.0083987709587470556 0.033140748921484567 -0.0027029306995369571 -0.00040527034622514832 0.00056696658707509721 -3.9262663459457144e-05 -3.5669684707203831e-05 -0.020913021489239618
leaf_weight=214 24 58 194 20 28 24 39 73 18 39 23 18 364 38
leaf_count=214 24 58 194 20 28 24 39 73 18 39 23 18 364 38
internal_value=-0.00102128 -0.00683386 0.0243836 -0.00085592 -0.00391525 -0.0231128 -0.00539146 0.0152679 0 -0.00327381 -0.00180645 -0.0262661 -0.00319005 -0.00461538
internal_weight=1174 956 218 700 589 256 561 111 38 503 464 232 441 402
internal_count=1174 956 218 700 589 256 561 111 38 503 464 232 441 402
is_linear=0
shrinkage=0.03


Tree=27
num_leaves=15
num_cat=0
split_feature=41 51 13 34 37 50 42 13 22 35 42 33 10 8
split_gain=183.261 110.555 44.6657 38.7975 38.7705 30.8017 30.6732 23.8383 17.873 18.6951 13.4273 12.8946 13.9294 12.6345
threshold=8.3509947212550362 4.8477079372452536 0.23982979347786218 7.4104166666666673 1.4768798458666146 3.1611329118964844 8.2510187800329948 0.61007337402620965 11.804033877806704 0.93767745198173702 7.811915639724341 6.5691928307833498 0.65305816937553474 1.3709695388645995
decision_type=2 2 2 2 2 2 2 2 2 2 2 2 2 2
left_child=1 4 -3 -2 -1 13 7 11 9 -8 -9 -4 -13 -6
right_child=3 2 6 -5 5 -7 8 10 -10 -11 -12 12 -14 -15
leaf_value=-0.015631633330463093 -0.0032814480459518978 0.047941372991697061 -0.0067833655983739324 0.032384947041245456 0.0022481737379712783 0.020551091778543532 -0.00065344260699633499 0.012080394309657844 0.0080541936487727485 0.00017491277595381492 -0.010620189471341749 0.0011527249149122342 6.8108991247539657e-07 -0.016194432805607308
leaf_weight=201 31 59 27 184 21 20 101 56 41 19 15.999999999999998 28 178 210
leaf_count=201 31 59 27 184 21 20 101 56 41 19 16 28 178 210
internal_value=-0.000704107 -0.00622699 0.00313688 0.0243056 -0.0170861 -0.00916667 0 0.00558824 -0.0105556 -0.0163636 0.0205479 0.000897436 0.00347826 -0.0122845
internal_weight=1192 977 525 215 452 251 466 305 161 120 72 233 206 231
internal_count=1192 977 525 215 452 251 466 305 161 120 72 233 206 231
is_linear=0
shrinkage=0.03


Tree=28
num_leaves=15
num_cat=0
split_feature=41 1 3 44 44 41 11 33 10 37 23 51 41 34
split_gain=201.444 99.6661 48.5881 25.4715 23.6266 20.6565 20.0987 17.4856 18.4652 15.9471 12.6416 23.7509 10.4316 12.9848
threshold=9.7694604973534211 1.2898917983084053 4.3950277462276448 1.1751240091670816 1.5246090113350912 4.7424035066719936 0.023095172079135924 8.8021370274711508 0.24707513701311415 1.8228093691213478 6.813725536336352 5.1779777843268802 8.308378565444789 15.28688452030749
decision_type=2 2 2 2 2 2 2 2 2 2 2 2 2 2
left_child=1 3 4 9 5 -3 -4 8 10 -1 11 -7 13 -10
right_child=-2 2 6 -5 -6 7 -8 -9 12 -11 -12 -13 -14 -15
leaf_value=-0.015343236447494931 0.031290864027592187 -0.014645525769783429 -0.00062593550297265874 0.0011864269055135597 0.023499714762470959 -0.016248296534225309 0.038603504753654261 -0.00058832626153301868 4.7645308126314511e-05 -0.0058267391297418336 -0.02295846946036819 0.0073854771047003965 0.0019586346770973616 -0.00020667483518307161
leaf_weight=241 168 51 34 15.999999999999998 18 125 88 61 239 29 26 14.999999999999998 23 62
leaf_count=241 168 51 34 16 18 125 88 61 239 29 26 15 23 62
internal_value=-0.00195489 -0.00693878 -0.00113055 -0.0219512 -0.00454106 -0.00557214 0.0160976 -0.0038587 -0.00195519 -0.0241328 -0.0100599 -0.00638298 0.00221538 0.000695364
internal_weight=1196 1028 742 286 620 602 122 551 490 270 166 140 324 301
internal_count=1196 1028 742 286 620 602 122 551 490 270 166 140 324 301
is_linear=0
shrinkage=0.03


Tree=29
num_leaves=15
num_cat=0
split_feature=36 36 49 1 3 34 11 14 11 12 22 22 13 13
split_gain=187.056 90.7369 50.9094 48.7641 37.0164 29.431 21.4196 15.2793 16.8858 19.8988 13.6201 24.8049 17.3112 16.7193
threshold=10.071440291782825 2.4255251634508204 1.1276362525516532 1.16110964736696 4.3950277462276448 8.0023332278767079 0.01047522965952803 0.9890650140039331 0.30420275419155102 0.16440070242957763 8.1909113387530521 7.3850640930713398 0.23982979347786218 0.58213275226565508
decision_type=2 2 2 2 2 2 2 2 2 2 2 2 2 2
left_child=1 -1 3 -3 7 -2 -6 8 9 -5 11 -11 -12 -13
right_child=5 2 -4 4 6 -7 -8 -9 -10 10 12 13 -14 -15
leaf_value=-0.01522087265599574 -0.00094128197206601262 -0.011155319328652677 0.021754962686230651 1.9770800097133334e-05 -0.0016447720133579919 0.030552978341520893 0.024655679933575345 0.0053168864059549336 0.014113293078107134 -0.015711723006568219 0.00070468892345150642 -0.00016370190468901813 -0.0008094439992512891 0.0013784643943278582
leaf_weight=165 20 63 45 139 15.999999999999998 173 95 48 20 112 44 71 149 36
leaf_count=165 20 63 45 139 16 173 95 48 20 112 44 71 149 36
internal_value=-0.00145363 -0.00666335 -0.00264601 -0.00442065 -0.00221614 0.0255155 0.0136607 -0.00508065 -0.00645105 -0.00744565 -0.0107506 -0.00559091 -0.0165464 0.00472222
internal_weight=1196 1003 838 793 730 193 111 619 571 551 412 219 193 107
internal_count=1196 1003 838 793 730 193 111 619 571 551 412 219 193 107
is_linear=0
shrinkage=0.03


Tree=30
num_leaves=15
num_cat=0
split_feature=36 36 3 49 1 34 11 41 30 34 23 41 30 41
split_gain=183.747 90.0452 52.6841 43.6285 40.5661 25.0367 22.1514 14.0258 12.0913 11.8113 13.312 12.7406 10.6463 9.81772
threshold=10.071440291782825 2.4082267112915843 4.3950277462276448 1.1276362525516532 1.1901056208558034 8.0023332278767079 0.01047522965952803 4.7424035066719936 0.97726098191214483 4.5896293475501402 7.6057889413868862 4.7990527567987762 0.98076211616722164 8.3385829294489167
decision_type=2 2 2 2 2 2 2 2 2 2 2 2 2 2
left_child=1 -1 3 4 -3 -2 -4 -6 9 11 13 -9 -10 -11
right_child=5 2 6 -5 7 -7 -8 8 12 10 -12 -13 -14 -15
leaf_value=-0.014738060963773145 -0.00090444971522031677 -0.010566799890936346 -0.00081008783766180149 0.015778594755523349 -0.015804409280159758 0.030226875517764526 0.027975320260911259 0.0051573798137762852 -0.0002098341688067279 6.4933826614992909e-05 -0.00025159286300143743 -0.012331952071102464 -0.00015223627751229541 0.0060298926628438981
leaf_weight=174 20 64 17 40 39 172 105 36 32 124 22 198 132 19
leaf_count=174 20 64 17 40 39 172 105 36 32 124 22 198 132 19
internal_value=-0.00100418 -0.00616152 -0.00202654 -0.0051768 -0.00701649 0.0258031 0.0160976 -0.00457711 -0.00335106 -0.000525 0.00560241 -0.00485106 -0.0101818 0.00895833
internal_weight=1194 1002 828 706 666 192 122 602 563 399 165 234 164 143
internal_count=1194 1002 828 706 666 192 122 602 563 399 165 234 164 143
is_linear=0
shrinkage=0.03


Tree=31
num_leaves=15
num_cat=0
split_feature=36 36 49 22 0 8 13 34 41 11 19 23 39 30
split_gain=197.009 90.0501 40.6971 38.0552 35.24 23.2468 22.2031 21.1608 19.6684 15.9669 23.3985 11.9123 12.6299 11.683
threshold=10.071440291782825 3.0455181666975997 1.2887458999186128 6.8156757308164932 5.0000000000000009 2.509811508967204 0.15994277359164985 8.0023332278767079 4.7424035066719936 0.12336888334337869 0.5803225806451614 7.6765526113257794 3.2552945706584526 0.97726098191214483
decision_type=2 2 2 2 2 2 2 2 2 2 2 2 2 2
left_child=1 8 3 -3 5 13 -6 -2 -1 -8 11 12 -11 -5
right_child=7 2 -4 4 6 -7 9 -9 -10 10 -12 -13 -14 -15
leaf_value=-0.014350772097353847 -0.00083799146332669272 -0.016003381292549315 0.024759657119024444 0.00014320533332609297 0.011426084163107659 0.018320510239736829 -0.00081885650081053862 0.028810574709156028 -0.014556687451862454 9.6248282203594264e-05 -0.0048541916588332335 -0.00058733913263754763 -0.00054009812864528987 -0.00012884277499377651
leaf_weight=175 20 81 45 102 40 85 135 182 99 70 25 31 41 73
leaf_count=175 20 81 45 102 40 85 135 182 99 70 25 31 41 73
internal_value=-0.000647303 -0.00610169 -0.000576132 -0.00241228 0.000199005 0.00850575 -0.00612245 0.0263054 -0.0207273 -0.00891089 -0.00267857 0.0020979 0.00669643 0.00221591
internal_weight=1204 1002 728 683 602 260 342 202 274 302 167 142 111 175
internal_count=1204 1002 728 683 602 260 342 202 274 302 167 142 111 175
is_linear=0
shrinkage=0.03


Tree=32
num_leaves=15
num_cat=0
split_feature=36 51 41 13 44 1 13 34 43 33 9 0 0 41
split_gain=180.844 94.7238 45.0291 37.3957 33.0024 27.7324 23.6377 18.2598 14.6967 15.6774 14.3935 13.0694 32.2056 23.7738
threshold=9.9198447302949315 4.8477079372452536 7.8301465850147078 0.23982979347786218 0.92866624821563437 1.4982558360770895 0.68639632195377165 8.0023332278767079 1.5118319590988969 8.7776127829206025 1.5107578708023099 7.5000000000000009 5.0000000000000009 5.0434295699979614
decision_type=2 2 2 2 2 2 2 2 2 2 2 2 2 2
left_child=1 2 4 -3 5 -1 8 -2 9 10 -5 12 -7 -14
right_child=7 3 -4 6 -6 11 -8 -9 -10 -11 -12 -13 13 -15
leaf_value=-0.014112928520309598 -0.0007719390912530621 0.047208357765740575 0.0058637081102535238 4.8732578998151866e-05 0.0034279929742436887 -0.014726163889854024 0.010612410989866834 0.027887281056061888 -0.01368317870328328 -0.00040573774376619906 -0.0008787062462730699 -0.016281466941210607 -0.0044701725593232627 0.012065736912016395
leaf_weight=224 19 51 28 239 25 79 78 166 29 73 37 54 23 37
leaf_count=224 19 51 28 239 25 79 78 166 29 73 37 54 23 37
internal_value=-0.000825451 -0.0059816 -0.0156688 0.00301181 -0.0180135 -0.0200239 0.000262582 0.0262903 -0.0028496 -0.00111429 0.00216606 -0.0115979 -0.00664286 0.00983607
internal_weight=1162 977 470 507 442 417 456 185 378 349 276 193 139 60
internal_count=1162 977 470 507 442 417 456 185 378 349 276 193 139 60
is_linear=0
shrinkage=0.03


Tree=33
num_leaves=15
num_cat=0
split_feature=36 36 13 13 26 1 41 42 36 22 21 9 39 10
split_gain=188.443 87.6819 36.68 26.678 23.9267 20.8871 18.6524 15.6371 15.6622 15.6268 13.8631 16.5106 18.2407 11.7572
threshold=9.9198447302949315 3.2857822155436245 0.23982979347786218 0.91238157614159088 6.0716112531969317 1.1901056208558034 4.7424035066719936 8.2660003916395386 7.9844925405177447 8.9954392532151015 2.2831979052176901 1.505561001706567 3.1918367346938781 0.65756582073947356
decision_type=2 2 2 2 2 2 2 2 2 2 2 2 2 2
left_child=1 6 9 5 -2 -4 -1 8 -7 -3 11 12 -9 -10
right_child=4 2 3 -5 -6 7 -8 10 13 -11 -12 -13 -14 -15
leaf_value=-0.013560949583706848 -0.00084461803475692542 0.0017416059542041385 -0.0076813052774274537 0.0098520989344974656 0.02727381526186172 -0.00013068728869843207 -0.012948511813177743 6.057243752110475e-05 0.00090382071012739369 0.032597004629923251 -0.0024610665454365796 0.0001276592536117571 -0.0004757220583272137 1.1190605743404136e-05
leaf_weight=194 14.999999999999998 55 35 84 181 241 109 20 27 62 68 22 26 58
leaf_count=194 15 55 35 84 181 241 109 20 27 62 68 22 26 58
internal_value=-0.000325543 -0.0055988 0.000257511 -0.00283505 0.0264975 -0.00548193 -0.0190461 -0.0037581 -0.000183486 0.0155085 -0.0122628 -0.0026087 -0.012766 0.010814
internal_weight=1197 1001 698 581 196 497 303 462 326 117 136 68 46 85
internal_count=1197 1001 698 581 196 497 303 462 326 117 136 68 46 85
is_linear=0
shrinkage=0.03


Tree=34
num_leaves=15
num_cat=0
split_feature=41 41 3 49 22 14 44 11 5 42 11 27 42 23
split_gain=171.468 95.8291 38.3558 28.8085 29.1733 24.8538 20.7794 20.7185 16.7728 14.3683 12.7201 13.1326 16.7136 10.9599
threshold=9.7694604973534211 4.7424035066719936 4.3950277462276448 1.1276362525516532 6.8156757308164932 0.9148606811145511 0.92866624821563437 0.01047522965952803 2.9929841091020246 7.0570005260746829 0.30420275419155102 6.5000000000000009 7.4848298600045071 7.6057889413868862
decision_type=2 2 2 2 2 2 2 2 2 2 2 2 2 2
left_child=1 6 3 4 -3 9 8 -4 -1 -6 11 12 -11 -13
right_child=-2 2 7 -5 5 -7 -8 -9 -10 10 -12 13 -14 -15
leaf_value=-0.013282712177189104 0.02605626637331129 -0.014117619339532194 -0.0010869596971105676 0.015658739293687027 0.00014007131808318655 0.005182970831349709 0.00042097277442680766 0.022647585097766654 0.00056953292724870239 0.0051721388488237419 0.01201905333042909 2.5850551754658111e-06 -0.01207929973495182 -0.00049745139072313147
leaf_weight=188 166 110 17 31 76 61 15.999999999999998 114 18 17 20 193 98 61
leaf_count=188 166 110 17 31 76 61 16 114 18 17 20 193 98 61
internal_value=0.00020219 -0.00440744 0.000450563 -0.00247006 -0.00386185 -0.000910816 -0.0217937 0.0152273 -0.0243478 -0.00328326 -0.00561538 -0.00689189 -0.0152586 -0.00305882
internal_weight=1186 1020 798 667 636 526 222 131 206 465 389 369 115 254
internal_count=1186 1020 798 667 636 526 222 131 206 465 389 369 115 254
is_linear=0
shrinkage=0.03


Tree=35
num_leaves=15
num_cat=0
split_feature=33 41 1 4 19 33 13 45 9 49 13 42 11 11
split_gain=178.939 85.7982 47.2021 30.228 29.575 22.5196 18.7065 16.2958 15.0341 14.8941 11.9173 10.125 9.20307 14.7014
threshold=11.109590924836466 4.7424035066719936 1.096562299177231 3.6386379528959143 0.16059399877526029 5.9664518498261154 0.99950908951445894 1.0000000180025095e-35 0.52136927895353902 1.2887458999186128 0.60480161261192922 8.2993294544433525 0.28754050401478998 0.10240863413145983
decision_type=2 2 2 2 2 2 2 2 2 2 2 2 2 2
left_child=1 3 -3 7 5 9 -6 -1 11 10 -4 -7 13 -12
right_child=-2 2 4 -5 6 8 -8 -9 -10 -11 12 -13 -14 -15
leaf_value=-0.01288423081187343 0.025428744603730603 -0.0074229156758689428 -0.0055609885255776198 0.038632312768069721 -8.2943127748114626e-05 0.019734985656584148 0.01122755774791767 0.00015822344377301677 0.021463296369049575 0.016966626396197712 0.0045019557704476165 -0.0082102539168509795 0.022599723769288538 -0.0053744961730399273
leaf_weight=196 161 46 49 18 459 15.000000000000002 25 18 98 19 32 14.999999999999998 19 28
leaf_count=196 161 46 49 18 459 15 25 18 98 19 32 15 19 28
internal_value=-0.000250209 -0.00482659 -0.000186104 -0.0208584 0.00161842 0.00945652 -0.00284536 -0.024 0.0186047 0.00141892 -0.00232558 0 0.004875 -0.000983607
internal_weight=1198 1037 805 232 759 275 484 214 128 147 128 30 79 60
internal_count=1198 1037 805 232 759 275 484 214 128 147 128 30 79 60
is_linear=0
shrinkage=0.03


Tree=36
num_leaves=15
num_cat=0
split_feature=51 36 41 44 51 37 23 24 0 11 23 31 10 0
split_gain=174.623 87.3245 52.2047 41.4878 35.8312 25.8642 18.2328 14.6934 13.457 15.626 13.4083 14.3795 12.7688 11.2804
threshold=4.8477079372452536 11.666792008332669 7.8301465850147078 0.92866624821563437 5.7066960221829115 1.4982558360770895 7.6765526113257794 0.68402619778236717 5.0000000000000009 0.023095172079135924 5.7824595598634216 5.5000000000000009 0.7149021608433469 5.0000000000000009
decision_type=2 2 2 2 2 2 2 2 2 2 2 2 2 2
left_child=2 4 3 5 6 -1 7 -2 -6 -10 -9 -12 -13 -7
right_child=1 -3 -4 -5 8 13 -8 10 9 -11 11 12 -14 -15
leaf_value=-0.012434642946355216 0.00083015760497068497 0.024712195074609162 0.014436146434924241 0.002083890655756677 0.027279177213636246 -0.013368019444850155 -0.00065955745273903015 0.0050194629771914724 -0.0060601053260998169 0.018835004823704139 -0.006583918674905917 2.9431036682200371e-05 -9.7294137671302127e-05 -0.009364004978606684
leaf_weight=200 30 143 41 31 64 84 47 37 18 59 59 181 74 140
leaf_count=200 30 143 41 31 64 84 47 37 18 59 59 181 74 140
internal_value=-0.000595533 0.00892006 -0.0142455 -0.0171711 0.00363158 -0.0196235 -0.000699301 0.00149215 0.0166901 0.00807692 -0.000255682 -0.00228571 0.000820312 -0.0125333
internal_weight=1208 712 496 455 569 424 428 381 141 77 351 314 255 224
internal_count=1208 712 496 455 569 424 428 381 141 77 351 314 255 224
is_linear=0
shrinkage=0.03


Tree=37
num_leaves=15
num_cat=0
split_feature=41 51 13 44 41 13 42 9 9 35 0 0 10 14
split_gain=179.511 96.5044 48.1605 37.9481 33.1042 22.8859 22.0248 20.2797 18.1905 17.4682 15.8885 34.9376 46.2184 14.284
threshold=9.7694604973534211 4.8477079372452536 0.23982979347786218 0.92866624821563437 4.6949166756878062 0.72508214676889382 8.2660003916395386 1.5107578708023099 1.4199840699904331 0.93766016947403052 7.5000000000000009 5.0000000000000009 0.34666502192982462 0.22122142627912439
decision_type=2 2 2 2 2 2 2 2 2 2 2 2 2 2
left_child=1 3 -3 4 -1 6 7 13 10 -8 11 -6 -13 -4
right_child=-2 2 5 -5 8 -7 9 -9 -10 -11 -12 12 -14 -15
leaf_value=-0.012072626642946095 0.023929694864918492 0.039919529197187477 0.01729082025138853 0.002757536172883269 -0.013613462567566639 0.013176173418275667 -0.00052554130210891831 -0.00093801073586443403 0.005307620412206302 0.00012481830988798735 -0.014265886179338771 0.0056402007400886186 -0.0066602169356767974 3.5809207922812277e-05
leaf_weight=198 165 64 21 30 84 67 109 34 22 32 69 58 31 220
leaf_count=198 165 64 21 30 84 67 109 34 22 32 69 58 31 220
internal_value=-0.00059751 -0.00522115 0.00344891 -0.0148479 -0.0169762 0.00018595 -0.00244604 0.0025 -0.00996226 -0.0120423 -0.0123457 -0.00741379 0.00566667 0.00557851
internal_weight=1204 1039 547 492 462 483 416 275 264 141 242 173 89 241
internal_count=1204 1039 547 492 462 483 416 275 264 141 242 173 89 241
is_linear=0
shrinkage=0.03


Tree=38
num_leaves=15
num_cat=0
split_feature=36 51 3 49 24 9 20 11 23 36 23 51 23 38
split_gain=162.353 88.6398 34.6085 31.5672 30.9046 28.0124 15.1017 14.8382 15.8589 12.8998 11.9633 27.6914 14.6389 12.8421
threshold=10.071440291782825 3.6255179244219415 4.8130212227821483 1.7139863568041047 0.51201575138356759 1.0588711877855792 2.2955545738830918 0.023095172079135924 8.0316081706497595 1.9707557163172018 6.813725536336352 5.0874535511725005 6.6284455141170353 0.062558586426696677
decision_type=2 2 2 2 2 2 2 2 2 2 2 2 2 2
left_child=1 9 3 5 -2 10 -7 8 -4 -1 11 12 13 -3
right_child=4 2 7 -5 -6 6 -8 -9 -10 -11 -12 -13 -14 -15
leaf_value=-0.011666304941760281 -0.0006691377101743168 -0.01235459156013701 0.016547239003304882 0.018360086681370697 0.023680725680347889 0.00021423072428423284 -9.6903592344910196e-06 0.037805168982362608 -0.0051118341650779765 -0.011508906170537988 -0.01846799721123521 0.0059475378628277382 0.00058270520489504764 -0.0069892026131460408
leaf_weight=99 15.999999999999998 96 15.999999999999998 38 189 79 298 52 20 114 49 30 14.999999999999998 110
leaf_count=99 16 96 16 38 189 79 298 52 20 114 49 30 15 110
internal_value=0.000908347 -0.0040118 0.000559701 -0.00163408 0.0251942 -0.00314159 0.00230159 0.0182022 0.00324324 -0.0211682 -0.00996678 -0.0072619 -0.0109459 -0.0130435
internal_weight=1221 1016 803 715 205 677 377 88 36 213 300 251 221 206
internal_count=1221 1016 803 715 205 677 377 88 36 213 300 251 221 206
is_linear=0
shrinkage=0.03


Tree=39
num_leaves=15
num_cat=0
split_feature=36 36 13 41 22 49 13 33 12 22 19 22 51 22
split_gain=168.422 102.879 44.3188 21.7099 19.6378 16.3718 15.0342 13.0603 14.7086 16.434 19.5039 21.8687 13.2715 20.7086
threshold=3.2857822155436245 11.719320851026611 0.23982979347786218 4.5085692598918206 8.9954392532151015 1.2887458999186128 0.99010962715339057 10.280837340614992 0.16440070242957763 8.3028619946749433 0.56139405025512679 7.4764739699645792 5.7066960221829115 9.2254929791610447
decision_type=2 2 2 2 2 2 2 2 2 2 2 2 2 2
left_child=3 2 4 -1 5 -2 7 8 9 10 -4 -12 13 -10
right_child=1 -3 6 -5 -6 -7 -8 -9 12 -11 11 -13 -14 -15
leaf_value=-0.011316315793507472 -0.0014123761384887616 0.022531279938379833 -0.00084948802305625289 -0.011009755350108464 0.031816355541813994 0.01947533595353948 0.010177678189137163 -0.002995493987102553 -5.816941579512624e-05 5.9071372645928543e-05 0.00028465232080519012 -0.0023927343883268135 0.0043223408683652305 -0.00050851160446587548
leaf_weight=157 35 148 23 154 91 18 38 15.999999999999998 192 80 47 25 76 105
leaf_count=157 35 148 23 154 91 18 38 16 192 80 47 25 76 105
internal_value=0.000422886 0.00703911 0.00248996 -0.0185577 0.0173793 0.00277778 -0.00109453 -0.00233628 -0.00153005 0.005625 -0.0028125 0.00493151 -0.00489305 -0.00775168
internal_weight=1205 894 746 311 144 53 602 564 548 175 95 72 373 297
internal_count=1205 894 746 311 144 53 602 564 548 175 95 72 373 297
is_linear=0
shrinkage=0.03


Tree=40
num_leaves=15
num_cat=0
split_feature=36 36 14 13 36 13 51 42 9 33 7 38 22 13
split_gain=154.478 93.0308 35.3802 29.1679 22.7956 20.5449 15.842 19.7909 17.1449 15.8202 18.3996 14.3572 11.2918 9.72441
threshold=11.719320851026611 3.2588475577866487 0.16524216524216526 0.14687222616184184 1.9707557163172018 0.99010962715339057 4.8827845818492541 8.1344918668932049 0.55133117094857398 7.2131677657086266 2.7002707215061332 0.26212121212121214 7.4086689617469021 0.65685499878963938
decision_type=2 2 2 2 2 2 2 2 2 2 2 2 2 2
left_child=1 4 12 -4 -1 6 -5 9 -9 10 -8 -6 -3 -12
right_child=-2 2 3 5 11 -7 7 8 -10 -11 13 -13 -14 -15
leaf_value=-0.010937188634880166 0.022243510828863691 0.00026964165839913289 0.040380755859874558 -0.0061789523175623069 -0.0094240539697651605 0.017517531077288848 -0.0046977333809839301 -0.010872455708578357 -3.6112179385237027e-05 0.00056547281502591082 8.9719386105285838e-06 -0.011215190230554442 0.01512694117083011 0.00792960501889323
leaf_weight=99 142 26 38 125 129 44 23 45 145 49 140 80 90 24
leaf_count=99 142 26 38 125 129 44 23 45 145 49 140 80 90 24
internal_value=0.000525 -0.003431 0.00228 -0.000520505 -0.0172816 -0.00216443 -0.00375 -0.000983607 -0.00816754 0.00481013 0.000797872 -0.0115714 0.0174359 0.00436364
internal_weight=1199 1057 749 633 308 595 551 426 190 236 187 209 116 164
internal_count=1199 1057 749 633 308 595 551 426 190 236 187 209 116 164
is_linear=0
shrinkage=0.03


Tree=41
num_leaves=15
num_cat=0
split_feature=23 41 1 49 44 3 14 11 33 11 33 10 36 11
split_gain=155.305 84.5904 37.7603 31.2819 30.842 23.7188 18.251 17.1633 15.1009 23.1923 17.9214 14.8244 9.36427 8.63916
threshold=8.7153954372895139 4.6949166756878062 1.096562299177231 1.1276362525516532 0.92866624821563437 4.5205065469975949 0.9862196531791908 0.023095172079135924 6.4986470826013125 0.15006349914350778 8.7910331033908893 0.7194572039045003 8.128756392421062 0.31045977616033699
decision_type=2 2 2 2 2 2 2 2 2 2 2 2 2 2
left_child=1 4 -3 5 -1 6 8 -2 13 10 11 -10 -7 -4
right_child=7 2 3 -5 -6 12 -8 -9 9 -11 -12 -13 -14 -15
leaf_value=-0.010720911472215924 -0.00098332709562551357 -0.0059276023795077747 -0.010328321658193482 0.018882986625181317 0.0013939393804110198 0.006195319655223421 0.0063914496277316223 0.021684352171478249 3.107904013500695e-05 0.00075912326929124328 -0.00044472506768301168 -8.3112209709368387e-05 0.022254898528592103 0.010379961656333281
leaf_weight=193 15.999999999999998 49 220 40 20 38 57 169 191 53 67 27 36 17
leaf_count=193 16 49 220 40 20 38 57 169 191 53 67 27 36 17
internal_value=0.000778894 -0.00386521 0.000640704 0.00232932 -0.0206075 0.000848656 -0.00104265 0.0259677 -0.00265625 0.00141593 -0.00199301 0.00219178 0.0168 -0.00844538
internal_weight=1193 1008 795 746 213 706 632 185 575 338 285 218 74 237
internal_count=1193 1008 795 746 213 706 632 185 575 338 285 218 74 237
is_linear=0
shrinkage=0.03


Tree=42
num_leaves=15
num_cat=0
split_feature=23 51 50 24 5 24 11 13 28 51 44 35 11 42
split_gain=157.521 91.0789 34.0991 31.4728 22.2514 20.9805 16.7367 14.8736 19.3075 19.4304 14.5105 14.2111 16.2993 12.5401
threshold=8.7508208985030702 3.6255179244219415 4.7157812826024301 0.51201575138356759 3.8560548144083815 0.74094405194939228 0.031222113744892432 0.99734229953454145 8.5000000000000018 5.082334690444136 0.38907562519182187 0.048046733905698656 0.28754050401478998 7.559964235332135
decision_type=2 2 2 2 2 2 2 2 2 2 2 2 2 2
left_child=1 10 3 -3 5 -5 -2 8 -7 -10 -1 12 13 -6
right_child=6 2 -4 4 11 7 -8 -9 9 -11 -12 -13 -14 -15
leaf_value=-0.010443011072322038 -0.0032419332941170604 -0.0057545575808657656 0.0181453206682009 0.00052371402503930374 0.0077717509928017557 -0.010009850475748538 0.021385455631907632 0.0070486037220430777 0.0035315391198356351 -2.4070125667391971e-05 0.0013478289219476503 0.021405499444428433 0.025484748418854248 -0.0095025849798225683
leaf_weight=206 15.999999999999998 120 41 23 14.999999999999998 154 166 50 38 272 20 44 23 23
leaf_count=206 16 120 41 23 15 154 166 50 38 272 20 44 23 23
internal_value=-7.42574e-05 -0.00463107 0.00011194 -0.00133683 0.00130638 -0.001171 0.0255738 -0.0024466 -0.00412903 0.000192926 -0.0214097 0.0138679 0.00435484 -0.00769231
internal_weight=1211 1029 803 762 642 537 182 514 464 310 226 105 61 38
internal_count=1211 1029 803 762 642 537 182 514 464 310 226 105 61 38
is_linear=0
shrinkage=0.03


Tree=43
num_leaves=15
num_cat=0
split_feature=23 51 3 44 24 43 35 42 22 24 24 35 11 30
split_gain=156.955 90.6119 38.3088 28.6509 18.6402 18.5161 16.7147 16.5208 29.8008 18.0723 14.9544 14.8304 13.2061 12.6425
threshold=8.9154440326887432 3.6255179244219415 4.397225841105258 1.5246090113350912 0.52927805055464638 0.92866624821563437 0.048046733905698656 9.9130813529215018 9.4477049506566804 0.98794281127831052 0.79009653235218502 0.054866107922135095 0.28571449453167602 0.97726098191214483
decision_type=2 2 2 2 2 2 2 2 2 2 2 2 2 2
left_child=1 -1 3 4 -3 7 12 8 9 10 -6 -4 -7 -12
right_child=-2 2 11 -5 5 6 -8 -9 -10 -11 13 -13 -14 -15
leaf_value=-0.010008211307359714 0.020334965952818571 -0.0038286506868459771 0.0075385984630177011 0.017943313764604826 0.0005318648386199048 -0.011221449512654646 0.010077701156434095 0.037153587190645904 -0.00053892367432807446 0.0080982502041278704 3.4610520157235537e-05 0.021182243265665004 0.0086297978323664846 -5.7522411151794681e-05
leaf_weight=224 175 136 57 25 17 103 15.999999999999998 27 40 23 176 48 15.999999999999998 130
leaf_count=224 175 136 57 25 17 103 16 27 40 23 176 48 16 130
internal_value=0.000222405 -0.00421559 0.000441718 -0.00207042 -0.00324088 -0.000765027 -0.0103676 0.0023913 0.000775194 0.00363112 0.00175926 0.0172642 -0.01425 0.00019544
internal_weight=1213 1038 814 709 684 548 135 413 386 346 323 105 119 306
internal_count=1213 1038 814 709 684 548 135 413 386 346 323 105 119 306
is_linear=0
shrinkage=0.03


Tree=44
num_leaves=15
num_cat=0
split_feature=23 51 3 8 10 34 35 1 23 1 0 23 12 23
split_gain=129.908 75.2308 36.9627 31.3755 23.1119 13.7548 13.4918 13.4839 13.3152 12.8448 13.0914 11.6985 11.0336 13.1473
threshold=8.9154440326887432 3.6255179244219415 4.3950277462276448 1.3323209877780628 0.035262819712788142 0.63071663712332249 0.14683807090386461 1.2428607132407901 8.3265946332991572 0.97712125471966249 5.0000000000000009 8.1195973312747807 0.16440070242957763 6.4380652979264861
decision_type=2 2 2 2 2 2 2 2 2 2 2 2 2 2
left_child=1 5 3 -3 -2 -1 11 -5 12 -7 -11 -4 13 -9
right_child=4 2 6 7 -6 9 -8 8 -10 10 -12 -13 -14 -15
leaf_value=-0.009673844587260472 -0.0014328437067638654 0.014395027137231477 0.0088569239493655662 -0.0046844701068574513 0.020132362404989626 -0.010777981320882413 0.022652736247521756 -0.00015277872424436257 -0.00034044251925912538 -0.012978641910616401 0.0043051419883676735 -0.0089443906187144408 -0.00029316016239343712 3.7551767835267698e-05
leaf_weight=131 17 39 42 97 147 31 43 52 27 22 30 15.999999999999998 420 67
leaf_count=131 17 39 42 97 147 31 43 52 27 22 30 16 420 67
internal_value=-0.000329949 -0.00433202 -0.00011194 -0.00256046 0.0243636 -0.020093 0.0167647 -0.00411145 -0.00232804 -0.0103571 -0.00113208 0.00711864 -0.00127778 0.00675
internal_weight=1181 1017 803 702 164 214 101 663 566 83 52 58 539 119
internal_count=1181 1017 803 702 164 214 101 663 566 83 52 58 539 119
is_linear=0
shrinkage=0.03


Tree=45
num_leaves=15
num_cat=0
split_feature=33 33 38 24 13 23 42 35 14 37 4 35 35 24
split_gain=165.071 87.702 39.7538 30.9525 26.0749 15.7326 12.3343 22.393 18.3845 17.07 14.5428 14.0106 14.9475 11.1995
threshold=11.249279267944731 4.1832374179867147 0.092556629506641383 0.52927805055464638 0.24105477096253067 6.078920715003524 8.2510187800329948 0.93767745198173702 0.39963803615080051 2.2089848211073693 3.0798105127852198 0.87526124273825778 0.87530859085551838 0.79009653235218502
decision_type=2 2 2 2 2 2 2 2 2 2 2 2 2 2
left_child=1 2 -1 -3 5 -5 8 10 9 13 -8 -12 -13 -6
right_child=-2 3 -4 4 6 -7 7 -9 -10 -11 11 12 -14 -15
leaf_value=-0.0061692573721011893 0.019178238086642419 -0.0019060374220088933 -0.0095754411688549999 0.00099617061313512492 0.00059654029914249171 0.028732878338924545 0.0045345198124417769 0.0002911847755778263 -0.0008974626941455696 0.013089366053510134 -0.0011640461434419774 4.7044064071243285e-05 -0.00038921469059191469 1.5102600395786868e-05
leaf_weight=172 143 69 231 43 15.999999999999998 65 21 23 62 40 66 24 23 176
leaf_count=172 143 69 231 43 16 65 21 23 62 40 66 24 23 176
internal_value=-0.000714894 -0.00491279 -0.0158168 0.00209857 0.00444643 0.0176147 0.00126106 -0.00550633 0.00488136 0.00875536 -0.0102222 -0.0144737 -0.001875 0.00497409
internal_weight=1174 1031 403 628 559 108 451 157 294 232 134 113 47 192
internal_count=1174 1031 403 628 559 108 451 157 294 232 134 113 47 192
is_linear=0
shrinkage=0.03


Tree=46
num_leaves=15
num_cat=0
split_feature=33 41 49 24 45 22 14 24 42 35 11 33 12 9
split_gain=155.544 91.5485 31.522 34.1931 30.1134 19.0326 17.151 17.3756 19.6417 30.3549 23.459 16.9143 13.1755 12.3181
threshold=11.249279267944731 4.7424035066719936 1.1276362525516532 0.57647292835825981 1.0000000180025095e-35 6.8156757308164932 0.16524216524216526 0.8953546884978888 7.4848298600045071 0.93772519388421127 0.11785755399002791 7.8273093922605232 0.68423790532339179 1.5128467566594119
decision_type=2 2 2 2 2 2 2 2 2 2 2 2 2 2
left_child=1 4 3 -3 -1 -5 11 -8 10 -10 -9 12 -7 -12
right_child=-2 2 -4 5 -6 6 7 8 9 -11 13 -13 -14 -15
leaf_value=-0.0092933367157946607 0.01872107980207537 -0.0050776481420547036 0.017598886877701524 -0.0048753596522801363 0.00053368736135962964 -0.0016308335532420862 8.555651872626968e-05 0.0021559112550809589 -0.00044932121861505415 0.0082668381126393565 5.7611984081055062e-05 0.018984756977011095 0.016683908850083033 -0.00078295651730597824
leaf_weight=204 149 148 37 34 18 28 89 63 210 22 102 47 21 25
leaf_count=204 149 148 37 34 18 28 89 63 210 22 102 47 21 25
internal_value=0.00042571 -0.00366063 0.000943168 -0.000341772 -0.0207175 0.00266355 0.00389803 0.00169922 -0.000851064 -0.00669528 0.00628272 0.0154639 0.003 -0.00117187
internal_weight=1197 1048 826 789 222 641 607 511 422 232 190 96 49 127
internal_count=1197 1048 826 789 222 641 607 511 422 232 190 96 49 127
is_linear=0
shrinkage=0.03


Tree=47
num_leaves=15
num_cat=0
split_feature=41 51 3 49 43 12 13 41 42 41 0 0 21 22
split_gain=149.452 90.3199 54.376 26.4829 18.8569 21.0703 14.6672 11.4763 11.1549 11.1279 13.7028 37.4413 14.9397 11.4113
threshold=9.9322867326161823 3.6255179244219415 4.3950277462276448 1.4697596263093093 0.38907562519182187 0.61852212485123892 0.24105477096253067 4.5085692598918206 8.2993294544433525 4.8130668977087838 7.5000000000000009 5.0000000000000009 2.6856753422752484 7.8237666532490957
decision_type=2 2 2 2 2 2 2 2 2 2 2 2 2 2
left_child=1 7 3 4 5 -3 -4 -1 -8 -6 11 13 -13 -11
right_child=-2 2 6 -5 9 -7 8 -9 -10 10 -12 12 -14 -15
leaf_value=-0.0088630120291607675 0.018399093842797046 -3.0239373707312555e-05 0.037136942409141255 0.010020100748242586 -0.010480145992080223 0.0084516657020747496 0.013942486154547795 -0.0088045398364923286 -0.0002216963951545614 -0.01291457959051661 -0.013287643116206687 0.014483532271274586 -0.0032125191893542081 0.0086282196285619329
leaf_weight=108 150 415 67 38 58 42 41 91 38 38 43 41 14.999999999999998 17
leaf_count=108 150 415 67 38 58 42 41 91 38 38 43 41 15 17
internal_value=0.000698254 -0.00330484 0.000948478 -0.0025 -0.00389552 -0.000458515 0.017551 -0.02145 0.008625 -0.0112676 -0.00696774 -0.00133929 0.0157895 -0.01875
internal_weight=1202 1052 853 707 669 457 146 199 79 212 154 111 56 55
internal_count=1202 1052 853 707 669 457 146 199 79 212 154 111 56 55
is_linear=0
shrinkage=0.03


Tree=48
num_leaves=15
num_cat=0
split_feature=51 33 37 13 33 42 18 24 9 12 12 21 49 9
split_gain=162.942 76.2872 40.5203 35.1698 20.5006 20.137 14.5198 14.4158 15.3545 13.973 21.7429 17.0312 13.1321 11.831
threshold=4.8477079372452536 11.249279267944731 1.8027602617187346 0.23982979347786218 8.0033745492250272 8.2510187800329948 1.5909217939723865 0.71855760357011933 1.5128467566594119 0.16440070242957763 0.62212635117690296 2.1515784565504661 0.88907562519182193 1.5270955813430931
decision_type=2 2 2 2 2 2 2 2 2 2 2 2 2 2
left_child=2 3 12 -2 13 6 7 -5 -9 11 -11 -7 -1 -4
right_child=1 -3 4 5 -6 9 -8 8 -10 10 -12 -13 -14 -15
leaf_value=-0.008711194479893547 0.029401984123181273 0.017266673115296945 -0.007855017514021824 0.00077670669962384828 0.012599922590506716 -0.00013936288255272488 0.011373876030139599 2.6657587191053487e-05 -0.00083743854786563321 -0.00040856040078194098 0.0098007560780252034 6.8810217654253765e-05 -7.815117358785262e-05 0.0082316748481797014
leaf_weight=233 63 148 185 26 25 17 58 195 26 107 40 31 33 15.999999999999998
leaf_count=233 63 148 185 26 25 17 58 195 26 107 40 31 33 16
internal_value=0.000722591 0.00990169 -0.0125355 0.00484043 -0.00317181 0.00215569 0.00696078 0.00375 0.00121622 -0.00535714 -0.00993243 0.00857143 -0.0204494 -0.00638614
internal_weight=1203 711 492 563 226 500 305 247 221 195 147 48 266 201
internal_count=1203 711 492 563 226 500 305 247 221 195 147 48 266 201
is_linear=0
shrinkage=0.03


Tree=49
num_leaves=15
num_cat=0
split_feature=36 36 3 44 1 41 11 23 33 10 11 9 29 23
split_gain=154.351 95.8974 40.4324 27.804 20.5001 18.5711 17.0239 12.663 18.5357 17.9472 13.3927 10.8872 10.7072 12.1227
threshold=11.859382927076071 3.0455181666975997 4.9302395498221623 0.62763625255165312 1.096562299177231 4.7424035066719936 0.3162352583225852 7.6765526113257794 7.0214366648750888 0.69544786396199865 0.12336888334337869 1.5260179253300257 12.469583333333334 6.5735770391047712
decision_type=2 2 2 2 2 2 2 2 2 2 2 2 2 2
left_child=1 5 3 4 -3 -1 7 8 12 -10 -11 -12 13 -6
right_child=-2 2 -4 -5 6 -7 -8 -9 9 10 11 -13 -14 -15
leaf_value=-0.0083516844667724088 0.016450668771447408 -0.0046936997640280621 0.022373572038784609 0.015033650775823696 -4.8760933216605013e-05 -0.0095777853653918974 0.016532393487829956 -0.00043080387342814275 0.00012870137435038397 -0.00031950113571363123 0.00015695070454203373 -0.00022965961638502728 -0.00084415281240578872 -0.015910114925104291
leaf_weight=190 134 49 88 29 250 97 23 79 121 38 28 23 20 33
leaf_count=190 134 49 88 29 250 97 23 79 121 38 28 23 20 33
internal_value=-0.000448878 -0.00426567 0.00118926 -0.0012536 -0.00252632 -0.0190625 -0.00102273 -0.00202361 -0.000291829 0.00654028 -0.00366667 0.00634615 -0.00503289 -0.00348592
internal_weight=1202 1068 781 693 664 287 615 592 513 210 89 51 303 283
internal_count=1202 1068 781 693 664 287 615 592 513 210 89 51 303 283
is_linear=0
shrinkage=0.03


Tree=50
num_leaves=15
num_cat=0
split_feature=41 36 3 50 22 36 44 23 19 33 23 9 42 0
split_gain=152.195 90.5883 30.2277 24.451 22.298 20.1323 20.0036 17.2345 19.3818 13.7427 14.8355 12.5586 12.1673 15.5105
threshold=9.9322867326161823 3.2857822155436245 4.9302395498221623 4.2760624914277674 6.8156757308164932 1.9707557163172018 0.38907562519182187 7.3568058977612854 0.58860398860398877 7.7802513451009361 6.6037393483696887 0.69389797782785878 8.3509947212550362 7.5000000000000009
decision_type=2 2 2 2 2 2 2 2 2 2 2 2 2 2
left_child=1 5 3 4 -3 -1 12 8 9 10 -6 -9 -7 -14
right_child=-2 2 -4 -5 7 6 -8 11 -10 -11 -12 -13 13 -15
leaf_value=-0.0081236341435642363 0.016790185607870635 -0.011251924067333805 0.02210599946651777 0.024760871991194849 0.00012272729572503888 -0.0089628345736938626 0.0016451285864560981 -0.01717308126611275 -0.0026487965203039095 0.00028103180957175512 -0.001476371365496245 -3.3299348864982422e-05 0.0085421795229031639 -0.0088581226358860968
leaf_weight=102 146 67 93 27 253 135 23 29 24 60 29 163 18 30
leaf_count=102 146 67 93 27 253 135 23 29 24 60 29 163 18 30
internal_value=-2.5e-05 -0.00401328 0.00164879 -0.000643185 -0.00186901 -0.0176699 -0.0121739 0.000107335 0.00392371 0.00577259 0.0029682 -0.00715026 -0.0154891 -0.00244898
internal_weight=1199 1053 745 652 625 308 206 558 366 342 282 192 183 48
internal_count=1199 1053 745 652 625 308 206 558 366 342 282 192 183 48
is_linear=0
shrinkage=0.03


Tree=51
num_leaves=15
num_cat=0
split_feature=41 51 41 13 49 42 13 41 9 0 0 38 11 7
split_gain=141.938 86.3668 33.8332 32.2746 27.2368 19.214 25.9281 19.7838 18.7219 14.8111 38.1569 40.3883 14.0825 13.2476
threshold=9.8909795216782701 4.8326238472370076 4.5085692598918206 0.23982979347786218 0.88907562519182193 7.9342845548604641 0.61007337402620965 7.7634606340831782 0.55133117094857398 5.0000000000000009 7.5000000000000009 0.1855820105820106 0.11822477706924511 2.7002707215061332
decision_type=2 2 2 2 2 2 2 2 2 2 2 2 2 2
left_child=1 2 -1 -3 9 6 7 13 -7 -4 11 -11 -10 -5
right_child=-2 3 4 5 -6 8 -8 -9 12 10 -12 -13 -14 -15
leaf_value=-0.0078761939718465599 0.015865913242378044 0.028870579746884308 -0.0095350278819201339 -0.0014523239875195576 0.007275228415269337 -0.012205142657427755 0.0081639428214287952 0.00054139137931126838 0.00010769148739106171 0.0073833744585645022 -0.0097741555236966083 -0.0046853042516153695 -3.1766206147835205e-05 1.8656350481767725e-05
leaf_weight=152 144 65 108 31 29 50 64 20 38 67 76 38 168 138
leaf_count=152 144 65 108 31 29 50 64 20 38 67 76 38 168 138
internal_value=-0.000504626 -0.00436364 -0.0138854 0.00344348 -0.00827586 0.000882353 0.00673228 0.00110526 -0.00490272 -0.011069 -0.00576923 0.0059434 -0.000869565 -0.00229412
internal_weight=1188 1044 470 574 318 509 253 189 256 289 181 105 206 169
internal_count=1188 1044 470 574 318 509 253 189 256 289 181 105 206 169
is_linear=0
shrinkage=0.03


Tree=52
num_leaves=15
num_cat=0
split_feature=41 51 51 49 24 24 42 41 9 13 19 11 30 36
split_gain=147.186 83.2661 38.6774 23.739 19.7384 22.9 16.1648 15.8307 15.5183 13.6852 18.9642 17.8475 13.2945 8.72369
threshold=9.9595661181828223 3.5898821166413839 5.7066960221829115 1.4697596263093093 0.57647292835825981 0.71122222222222231 7.8655206237700037 4.5085692598918206 0.55133117094857398 0.99950908951445894 0.56139405025512679 0.28571449453167602 0.057983193277310933 4.532628469702459
decision_type=2 2 2 2 2 2 2 2 2 2 2 2 2 2
left_child=1 7 3 4 -3 -6 -4 -1 12 10 11 13 -8 -7
right_child=-2 2 6 -5 5 9 8 -9 -10 -11 -12 -13 -14 -15
leaf_value=-0.0076933381549757962 0.016237345808714495 -0.0043412740928578985 0.022237891208077312 0.0078893733771037613 0.00069793098384029605 -0.0092115752043022241 0.014928093912733698 -0.0073133074515018487 0.019633527761235139 0.0054846077025348591 1.3052142350672944e-05 0.0065066165100658409 -0.013418263712181546 -0.0002592939943692586
leaf_weight=110 132 132 60 36 28 93 17 92 36 51 204 29 21 167
leaf_count=110 132 132 60 36 28 93 17 92 36 51 204 29 21 167
internal_value=0 -0.00367688 0.000342857 -0.00234818 -0.00357447 -0.00115183 0.0151111 -0.0209852 0.0056 -0.00253211 -0.00406883 -0.009 -0.00769231 -0.0114943
internal_weight=1208 1076 874 740 704 572 134 202 74 544 493 289 38 260
internal_count=1208 1076 874 740 704 572 134 202 74 544 493 289 38 260
is_linear=0
shrinkage=0.03


Tree=53
num_leaves=15
num_cat=0
split_feature=36 51 24 10 3 22 44 0 13 44 39 0 43 10
split_gain=154.352 74.813 26.9178 24.6606 21.3526 19.2946 17.2412 18.6035 34.2424 16.9921 14.2849 23.7224 28.4082 26.5631
threshold=9.9198447302949315 3.5672325215467526 0.71448570814528278 0.72580819578827549 4.9302395498221623 11.118458523046968 1.5246090113350912 7.5000000000000009 0.86259875987598778 0.38907562519182187 3.239243498817967 5.0000000000000009 1.5118319590988969 0.49386026817219481
decision_type=2 2 2 2 2 2 2 2 2 2 2 2 2 2
left_child=1 9 -2 4 6 -6 7 10 -9 -1 11 12 -3 -13
right_child=2 3 -4 -5 5 -7 -8 8 -10 -11 -12 13 -14 -15
leaf_value=-0.0075417151069744597 -7.6641944544759695e-05 4.8078095595528654e-05 0.015750225434453063 0.0045185486593414016 0.021822796077996656 -0.001362602406518285 0.013607193566281876 -0.0096667065123407937 0.021859143022850185 0.00056898435952768662 -0.00039314429465572728 0.014793439897382193 -0.011536344168666397 7.6230437039648268e-06
leaf_weight=181 33 102 166 62 34 28 17 74 20 21 271 45 40 100
leaf_count=181 33 102 166 62 34 28 17 74 20 21 271 45 40 100
internal_value=-0.000200837 -0.00503012 0.02385 -0.000869018 -0.00241803 0.0142857 -0.00398507 -0.00477795 -0.0170526 -0.0212808 -0.00268336 0.00197917 -0.00671329 0.0104795
internal_weight=1194 995 199 793 731 62 669 652 94 202 558 287 142 145
internal_count=1194 995 199 793 731 62 669 652 94 202 558 287 142 145
is_linear=0
shrinkage=0.03


Tree=54
num_leaves=15
num_cat=0
split_feature=51 33 41 13 49 51 23 22 9 0 0 38 34 42
split_gain=160.851 72.8968 44.3866 27.9594 27.4433 21.0367 16.691 11.0583 10.3782 12.8217 17.7213 49.8574 20.8083 9.74564
threshold=4.8330769242270994 11.312070097803856 7.7634606340831782 0.23982979347786218 0.38907562519182187 3.582049969738287 5.7824595598634216 2.2763645187053942 1.4022504059196819 7.5000000000000009 5.0000000000000009 0.092556629506641383 1.8135867079722356 8.2510187800329948
decision_type=2 2 2 2 2 2 2 2 2 2 2 2 2 2
left_child=2 3 4 -2 5 -1 -5 -6 9 10 12 -12 -7 -8
right_child=1 -3 -4 6 7 8 13 -9 -10 -11 11 -13 -14 -15
leaf_value=-0.0073176073541332031 0.026300392554019007 0.014825544723131507 0.0049439483248074848 0.0052524504642516012 -0.0011209478409784977 -0.0099700453471209729 3.0701420498894795e-05 0.0035049823477137725 0.0020161244419484286 -0.0093524074788150207 0.016037566671405719 -0.0047662684280133198 0.0017645143154044068 -0.00024025100839591528
leaf_weight=183 64 125 45 52 14.999999999999998 62 256 27 15.999999999999998 65 32 37 18 201
leaf_count=183 64 125 45 52 15 62 256 27 16 65 32 37 18 201
internal_value=-0.000200167 0.00909871 -0.0131737 0.00454704 -0.0159868 -0.0183333 0.00217647 0.00697674 -0.0122078 -0.0139535 -0.009 0.00214286 -0.0185185 0.000327511
internal_weight=1198 698 500 573 455 413 509 42 230 214 149 69 80 457
internal_count=1198 698 500 573 455 413 509 42 230 214 149 69 80 457
is_linear=0
shrinkage=0.03


Tree=55
num_leaves=15
num_cat=0
split_feature=41 51 13 41 13 0 0 39 9 35 42 51 30 11
split_gain=144.438 89.9991 39.7809 22.6334 17.3343 13.9264 27.7783 22.2778 12.406 13.3275 16.3243 16.3879 15.6055 12.7222
threshold=9.9322867326161823 4.2640618391804219 0.23982979347786218 4.5477204932788604 0.9801282051282052 5.0000000000000009 7.5000000000000009 3.41958041958042 1.5163035870772088 0.50065704464983696 7.4848298600045071 4.8326238472370076 0.87339743589743601 0.16655338498125374
decision_type=2 2 2 2 2 2 2 2 2 2 2 2 2 2
left_child=1 3 -3 -1 8 -5 7 -7 9 10 11 -4 -11 -12
right_child=-2 2 4 5 -6 6 -8 -9 -10 12 13 -13 -14 -15
leaf_value=-0.0069803888319122012 0.014422746011823912 0.021180343013011985 -0.008564470841480069 -0.0084470379479717646 0.013321222155258581 0.0065132902838729969 -0.0086464802115696921 -0.0027800164517500191 -0.00042255094386496329 0.00011080920403884752 -0.0047562020499846086 0.0050868681490490947 5.9212888911486238e-06 0.00059735968429337706
leaf_weight=170 136 87 40 70 64 45 42 19 56 30 83 41 258 32
leaf_count=170 136 87 40 70 64 45 42 19 56 30 83 41 258 32
internal_value=-0.00048552 -0.00430636 0.00195087 -0.0167723 -0.000793388 -0.00915254 -0.00224299 0.0101538 -0.00255083 -0.000989691 -0.00700508 0.00329268 0.00311419 -0.0142241
internal_weight=1173 1037 691 346 604 176 106 64 540 484 196 81 288 115
internal_count=1173 1037 691 346 604 176 106 64 540 484 196 81 288 115
is_linear=0
shrinkage=0.03


Tree=56
num_leaves=15
num_cat=0
split_feature=36 36 13 44 41 22 0 0 43 3 35 13 22 38
split_gain=136.351 82.8394 33.521 26.9323 18.3379 15.5608 13.1967 22.4883 11.8512 11.0549 9.21086 22.0911 18.0891 14.7653
threshold=11.905798447481221 3.2588475577866487 0.23982979347786218 0.92866624821563437 4.5477204932788604 8.9954392532151015 5.0000000000000009 7.5000000000000009 1.5438907089047713 2.4116164437062735 0.56301667475902761 0.6392913092296576 8.9173002295824677 0.13369565217391308
decision_type=2 2 2 2 2 2 2 2 2 2 2 2 2 2
left_child=1 3 5 4 -1 9 -6 8 -8 -3 11 -4 -13 -12
right_child=-2 2 10 -5 6 -7 7 -9 -10 -11 13 12 -14 -15
leaf_value=-0.0068073466715359255 0.013438394033843459 -0.0042211946505369604 -0.0042095285796436288 0.00058807633871651619 -0.0086809982747440839 0.020919365636317303 -0.00034913411253770341 -0.0085347800059654404 0.014762861920603549 0.0028135626922935631 -2.0694087223657176e-05 0.0048913145738311613 -0.0034254669819199571 0.00021468823701375884
leaf_weight=184 118 21 158 21 38 87 14.999999999999998 28 21 29 249 52 79 95
leaf_count=184 118 21 158 21 38 87 15 28 21 29 249 52 79 95
internal_value=-0.000727425 -0.00409091 0.00116732 -0.0172403 -0.0196516 0.0145652 -0.00932039 -0.000923077 0.0145946 0.00117647 -0.00175079 -0.00568966 0.00340909 0.00156522
internal_weight=1195 1077 770 307 286 137 102 64 36 50 633 289 131 344
internal_count=1195 1077 770 307 286 137 102 64 36 50 633 289 131 344
is_linear=0
shrinkage=0.03


Tree=57
num_leaves=15
num_cat=0
split_feature=36 41 49 34 49 1 38 41 5 43 0 0 34 38
split_gain=142.313 83.4189 28.4497 26.6667 24.3028 19.4326 15.8233 16.507 15.3307 10.7809 28.7464 66.1049 13.2996 13.9774
threshold=9.9198447302949315 4.7424035066719936 2.1237411303385278 10.027450799223876 1.1276362525516532 1.0602869656029252 0.57736044713160861 5.0122067185829877 2.9929841091020246 1.2172844520170996 5.0000000000000009 7.5000000000000009 15.28688452030749 0.162280701754386
decision_type=2 2 2 2 2 2 2 2 2 2 2 2 2 2
left_child=1 2 8 -2 5 -3 9 -8 -1 12 -11 -12 13 -7
right_child=3 4 -4 -5 -6 6 7 -9 -10 10 11 -13 -14 -15
leaf_value=-0.0065788070464361881 3.2372199378387641e-05 -0.0078686687679487537 0.00055505292738253491 0.013595605743940821 0.012367851706702248 6.0730052263609777e-05 -0.0055591670576474557 0.010864836116040832 0.0030805666221617009 -0.0099995451440150571 0.0078977814796405161 -0.012696016462743528 -0.00012582148171595752 -0.00082216404493382794
leaf_weight=184 45 20 18 161 37 280 20 72 21 61 60 36 109 89
leaf_count=184 45 20 18 161 37 280 20 72 21 61 60 36 109 89
internal_value=0.00111203 -0.00354167 -0.0196875 0.0237681 0.00107006 -0.000120321 0.000700549 0.0122581 -0.0228641 -0.000990566 -0.00778481 0.00247423 0.00125261 0.00397297
internal_weight=1213 1007 223 206 784 747 727 92 205 635 157 96 478 369
internal_count=1213 1007 223 206 784 747 727 92 205 635 157 96 478 369
is_linear=0
shrinkage=0.03


Tree=58
num_leaves=15
num_cat=0
split_feature=41 41 4 49 22 3 10 23 0 0 10 11 43 16
split_gain=143.579 93.1699 36.7572 29.2833 27.9242 18.2359 17.3766 13.4673 12.726 33.8748 11.6412 10.3563 18.8499 9.41539
threshold=9.9595661181828223 4.7424035066719936 3.1998300261182071 0.38907562519182187 6.9126929697943771 4.8130212227821483 0.08469668337111104 8.1195973312747807 5.0000000000000009 7.5000000000000009 0.62318569669247015 0.3162352583225852 1.7481880270062005 0.064537419651056027
decision_type=2 2 2 2 2 2 2 2 2 2 2 2 2 2
left_child=1 2 -1 4 8 11 7 -7 10 -10 -3 12 13 -6
right_child=-2 3 -4 -5 5 6 -8 -9 9 -11 -12 -13 -14 -15
leaf_value=-0.0063941005138259278 0.013215625392820106 -0.0096332068420346539 0.014449635761764286 0.013740362963609531 1.316399759512421e-05 0.01033508891278756 0.020010551010482096 -0.003043130946051493 0.010993176628182338 -0.0097606033782802887 -7.3174203441651317e-05 0.0099637195904986736 -0.0076037744843436362 0.0031848052895714785
leaf_weight=206 135 49 24 46 465 20 44 27 31 24 15.999999999999998 24 82 14.999999999999998
leaf_count=206 135 49 24 46 465 20 44 27 31 24 16 24 82 15
internal_value=0.000297767 -0.00337989 -0.0202597 0.00124408 -0.000112782 0.00225664 0.0146739 0.001875 -0.0133884 -0.00267857 -0.0222727 0.000306644 -0.00053286 0.00174636
internal_weight=1208 1073 230 843 797 677 91 47 120 55 65 586 562 480
internal_count=1208 1073 230 843 797 677 91 47 120 55 65 586 562 480
is_linear=0
shrinkage=0.03


Tree=59
num_leaves=15
num_cat=0
split_feature=23 36 44 49 34 37 22 14 22 35 30 42 33 39
split_gain=161.611 76.9318 29.4467 25.0696 21.4926 17.1698 15.3848 14.3936 11.6064 9.6078 15.3781 10.5648 13.9105 11.5818
threshold=9.011880266079844 3.2857822155436245 0.92866624821563437 1.9667436439243531 22.02784192485915 1.6898340170168271 6.4004695900463355 0.1487724622873971 8.9173002295824677 0.048046733905698656 0.87339743589743601 7.4848298600045071 4.8439392495915685 5.7281105990783425
decision_type=2 2 2 2 2 2 2 2 2 2 2 2 2 2
left_child=1 2 5 4 6 -1 -3 8 -8 11 -11 12 -9 -13
right_child=-2 3 -4 -5 -6 -7 7 9 -10 10 -12 13 -14 -15
leaf_value=-0.0062115981661447113 0.012856214030785264 -0.010254182743179229 0.0006609838593688303 0.023472351680902601 0.018730609946670668 -0.0068089865367277321 -0.00036849435996025412 -0.0011431984969550401 0.0094734919829601201 0.00039176977057200717 -1.7540865911709335e-05 -0.0002045883008505056 0.0055905267941924446 -0.0091962804756648784
leaf_weight=173 161 55 24 30 28 115 19 29 53 44 331 52 20 76
leaf_count=173 161 55 24 30 28 115 19 29 53 44 331 52 20 76
internal_value=-0.000297275 -0.0046 -0.0170607 0.000691057 -0.000466102 -0.0197232 -0.00154412 -0.000192 0.0123288 -0.00184448 0.00087766 -0.00758427 0.0042 -0.012093
internal_weight=1210 1049 312 737 707 288 679 624 72 552 375 177 49 128
internal_count=1210 1049 312 737 707 288 679 624 72 552 375 177 49 128
is_linear=0
shrinkage=0.03


Tree=60
num_leaves=15
num_cat=0
split_feature=36 41 4 34 21 45 1 45 10 0 0 39 43 30
split_gain=137.192 68.9951 26.9493 25.5097 22.1981 21.0953 17.627 15.3397 11.5914 25.1252 14.0157 40.5356 30.3252 9.78636
threshold=10.071440291782825 4.6949166756878062 3.1998300261182071 10.027450799223876 4.3393096500892225 1.0000000180025095e-35 0.97712125471966249 0.88907562519182193 0.081765835163988151 7.5000000000000009 5.0000000000000009 6.7960526315789478 1.5118319590988969 0.97915762049500665
decision_type=2 2 2 2 2 2 2 2 2 2 2 2 2 2
left_child=1 2 5 -2 6 -1 -3 8 9 10 12 -12 -8 -10
right_child=3 4 -4 -5 -6 -7 7 -9 13 -11 11 -13 -14 -15
leaf_value=-0.0061813422688517155 2.2652486988886665e-05 -0.0075362995583837279 0.023931651507113728 0.012405582388914439 0.017504310035147765 0.00032403787138299013 0.0027246141716502593 0.010020860720918713 4.365648629117036e-05 -0.010436373890713467 0.014018130519355767 -0.016385165960276917 -0.0095959303563524622 -7.4615682082774799e-05
leaf_weight=169 38 20 21 153 59 17 20 28 358 39 37 24 38 162
leaf_count=169 38 20 21 153 59 17 20 28 358 39 37 24 38 162
internal_value=0.000380068 -0.00410876 -0.0194712 0.0235938 -3.81679e-05 -0.0231016 -0.00148556 -0.000678925 -0.00159057 -0.00867925 -0.00175 0.00822581 -0.0122034 0.000575816
internal_weight=1183 992 207 191 785 186 726 706 678 158 119 61 58 520
internal_count=1183 992 207 191 785 186 726 706 678 158 119 61 58 520
is_linear=0
shrinkage=0.03


Tree=61
num_leaves=15
num_cat=0
split_feature=33 51 3 49 9 44 11 0 34 24 17 10 38 0
split_gain=136.765 80.2521 35.6319 27.0952 21.9571 17.9619 15.4353 12.7311 11.0396 11.4303 18.2459 13.292 10.6707 38.3043
threshold=11.312070097803856 3.5898821166413839 4.9302395498221623 1.7139863568041047 0.87898212520604768 0.38907562519182187 0.011656289620856445 7.5000000000000009 22.02784192485915 0.89751769553963379 3.192417061611375 0.43822069943289227 0.10963901689708143 5.0000000000000009
decision_type=2 2 2 2 2 2 2 2 2 2 2 2 2 2
left_child=1 5 3 4 7 -1 -4 12 9 10 -6 -11 13 -3
right_child=-2 2 6 -5 8 -7 -8 -9 -10 11 -12 -13 -14 -15
leaf_value=-0.0059107365001452956 0.012039616184489432 -0.0078669344938409515 -0.0019104789525492838 0.0097202348992911532 1.7598421184233936e-06 0.0022139217482422722 0.023167275954354392 -0.0074552064295444129 0.012367861072606481 0.011647206742013217 0.00017216852127201809 -0.00019432083782472965 -0.0058382744669421604 0.0074549905457040868
leaf_weight=175 130 42 14.999999999999998 34 130 20 76 62 19 34 40 272 107 41
leaf_count=175 130 42 15 34 130 20 76 62 19 34 40 272 107 41
internal_value=-7.51252e-05 -0.0036236 0.000274914 -0.00180307 -0.00300802 -0.0209694 0.0179348 -0.0101976 0.000665323 -0.000251572 0.00596491 -0.00371336 -0.00628272 0.00178571
internal_weight=1197 1067 872 781 747 195 91 252 495 476 170 306 190 83
internal_count=1197 1067 872 781 747 195 91 252 495 476 170 306 190 83
is_linear=0
shrinkage=0.03


Tree=62
num_leaves=15
num_cat=0
split_feature=36 36 3 49 9 0 41 23 0 39 22 27 10 51
split_gain=141.552 64.0166 41.8243 20.9813 25.8843 17.079 12.2513 13.3449 37.457 40.7414 11.9154 9.65541 8.04469 7.82284
threshold=11.905798447481221 2.0354251267137875 4.9668634785589907 0.88907562519182193 0.81504435746410309 7.5000000000000009 4.6949166756878062 6.813725536336352 5.0000000000000009 7.1306818181818192 11.878741663199113 1.5000000000000002 0.029060350337545299 5.6558642125003997
decision_type=2 2 2 2 2 2 2 2 2 2 2 2 2 2
left_child=1 -1 3 4 5 6 -3 8 9 -8 13 -10 -4 -6
right_child=-2 2 12 -5 10 -7 7 -9 11 -11 -12 -13 -14 -15
leaf_value=-0.0055598236258364332 0.011663532498225382 -0.0060934150191681831 0.0060059063601588334 0.0044554144405830791 -8.946544337129491e-06 -0.0074824844148904824 -0.0088995584110020086 -0.013395074688056313 0.011636474930427753 0.0032347787798815671 0.021407329800043933 0.00021329881650215438 0.021887530617918403 -0.00075802457586584041
leaf_weight=109 122 49 22 42 477 67 53 43 34 24 35 20 62 23
leaf_count=109 122 49 22 42 477 67 53 43 34 24 35 20 62 23
internal_value=-0.000710059 -0.00424128 -0.00173319 -0.00369816 -0.00475787 -0.0119588 -0.00790179 -0.00411429 0.000681818 -0.0126923 -0.000839552 0.0196364 0.0183529 -0.00203593
internal_weight=1182 1060 951 867 825 290 223 174 131 77 535 54 84 500
internal_count=1182 1060 951 867 825 290 223 174 131 77 535 54 84 500
is_linear=0
shrinkage=0.03


Tree=63
num_leaves=15
num_cat=0
split_feature=23 51 32 34 44 51 44 42 10 0 0 35 29 35
split_gain=151.798 70.1653 27.6054 21.8815 21.2958 14.4477 13.6362 13.5511 12.1676 16.9675 33.8624 11.7521 21.1786 12.8037
threshold=9.0987848704314498 4.198627839172695 2.5000000000000004 22.997422877804002 1.7391389159598025 6.2014002617700674 0.38907562519182187 8.2993294544433525 0.09149256252181602 5.0000000000000009 7.5000000000000009 0.56301667475902761 12.469583333333334 0.81272026578833889
decision_type=2 2 2 2 2 2 2 2 2 2 2 2 2 2
left_child=1 2 6 4 5 11 8 -7 9 -1 -11 -3 13 -13
right_child=-2 3 -4 -5 -6 7 -8 -9 -10 10 -12 12 -14 -15
leaf_value=-0.0068612011501823543 0.011370821948312185 -0.0019636340998365484 7.0729265023762857e-05 0.018060642875950703 0.020116613036748561 0.012660493184662187 0.00022154484842253484 -0.0055221944605020092 -0.0056422579722532288 0.013591523129860348 -0.0069461026294874708 0.00020367485928747707 -0.000172809427790791 1.3204071069784495e-05
leaf_weight=29 152 255 72 23 21 38 22 19 186 26 20 41 100 203
leaf_count=29 152 255 72 23 21 38 22 19 186 26 20 41 100 203
internal_value=-0.000869205 -0.00491477 -0.0157584 0.000599144 -0.00039823 -0.00136986 -0.0199648 0.012931 -0.0218702 -0.0114474 0 -0.00275 0.000869565 0.00563265
internal_weight=1207 1055 355 700 677 656 283 57 261 75 46 599 344 244
internal_count=1207 1055 355 700 677 656 283 57 261 75 46 599 344 244
is_linear=0
shrinkage=0.03


Tree=64
num_leaves=15
num_cat=0
split_feature=36 36 21 41 35 44 11 0 0 10 22 23 12 22
split_gain=146.314 64.2329 29.7338 24.7896 22.342 20.3589 12.7385 12.5087 22.385 16.1372 10.0489 8.67856 10.2297 12.3091
threshold=10.071440291782825 3.2857822155436245 4.2930425871136508 4.5085692598918206 0.6338167331458372 1.7391389159598025 0.012987991822596067 5.0000000000000009 7.5000000000000009 0.085552561804924779 6.4004695900463355 5.2483818730868839 0.16440070242957763 8.4866833676390669
decision_type=2 2 2 2 2 2 2 2 2 2 2 2 2 2
left_child=1 3 5 -1 -2 10 -4 -5 9 -9 -3 -12 -13 -14
right_child=4 2 6 7 -6 -7 -8 8 -10 -11 11 12 13 -15
leaf_value=-0.0053301139859654257 1.6078267667155589e-05 -0.009461478095672481 -0.0019050127277492079 -0.0063157115561894971 0.011008962026038351 0.019550481957303256 0.030829728721149776 0.011628435210505089 -0.0055927598031208069 -0.0012666340567970035 0.0015653139120260441 1.2511631902326625e-05 2.3051574009232412e-05 -0.00038403737032805972
leaf_weight=144 34 57 18 51 153 18 51 27 45 29 73 167 117 202
leaf_count=144 34 57 18 51 153 18 51 27 45 29 73 167 117 202
internal_value=-0.000505476 -0.00507 -0.000127841 -0.0167677 0.0237766 -0.00217323 0.0184286 -0.00823529 -0.00205882 0.0105263 -0.00311183 -0.001875 -0.00332649 -0.00646875
internal_weight=1186 999 703 296 187 634 69 152 101 56 616 559 486 319
internal_count=1186 999 703 296 187 634 69 152 101 56 616 559 486 319
is_linear=0
shrinkage=0.03


Tree=65
num_leaves=15
num_cat=0
split_feature=36 36 13 45 43 23 51 22 4 43 0 0 5 22
split_gain=136.019 75.8808 33.0115 26.8983 16.5301 13.2277 14.7747 12.0713 11.8844 11.4704 16.7972 35.9874 10.9651 10.3985
threshold=11.963278905197322 3.2588475577866487 0.23824856493112348 1.0000000180025095e-35 0.38907562519182187 8.7153954372895139 4.8326238472370076 9.6308950881399564 5.4544134760004503 1.5438907089047713 5.0000000000000009 7.5000000000000009 2.779862366807365 7.059708006691463
decision_type=2 2 2 2 2 2 2 2 2 2 2 2 2 2
left_child=1 3 7 4 -1 6 -4 -3 -7 -6 -11 -12 -8 -14
right_child=-2 2 5 -5 9 8 12 -9 -10 10 11 -13 13 -15
leaf_value=0.0051242028603830725 0.010284530033543335 0.00076312692119689073 -0.0036824735891575616 0.00047883554425862563 -0.0052491118158380081 -0.00060979847514249115 0.0052508635829479934 0.02220001418332157 0.002313437450842355 -0.0076781446090777262 0.013232193536043683 -0.0065699367565092226 -0.0030517303942287047 1.4154292550511148e-05
leaf_weight=19 122 62 106 27 194 35 20 71 14.999999999999998 27 25 20 17 454
leaf_count=19 122 62 106 27 194 35 20 71 15 27 25 20 17 454
internal_value=-0.000641975 -0.00400732 0.00099872 -0.0164856 -0.0191958 -0.00180556 -0.000551839 0.0145522 -0.0164706 -0.0211236 -0.0106849 0.000652174 0.00164634 0.000699153
internal_weight=1214 1092 780 312 285 647 597 133 50 266 72 45 491 471
internal_count=1214 1092 780 312 285 647 597 133 50 266 72 45 491 471
is_linear=0
shrinkage=0.03


Tree=66
num_leaves=15
num_cat=0
split_feature=23 41 45 44 35 19 13 0 42 0 0 39 39 34
split_gain=144.369 70.398 30.8479 19.03 24.9297 28.7635 13.8161 13.4992 15.8764 12.9714 12.3197 45.5107 28.8864 11.0497
threshold=9.0987848704314498 4.6949166756878062 1.0000000180025095e-35 1.282923909336759 0.062498164847895117 0.12214102415606742 0.68173059437380235 5.0000000000000009 10.157174693333596 7.5000000000000009 5.0000000000000009 2.7678571428571432 3.41958041958042 0.30763505159841553
decision_type=2 2 2 2 2 2 2 2 2 2 2 2 2 2
left_child=1 2 -1 4 6 -6 9 -8 -9 10 12 -12 -3 -13
right_child=-2 3 -4 -5 5 -7 7 8 -10 -11 11 13 -14 -15
leaf_value=-0.005074056248724609 0.010377320550460012 -0.0081438533267337437 0.00067025032607344597 0.0096697211122563319 0.0057385403117742959 -1.0162845288024802e-05 0.0066146990755880913 -0.0056542639017550782 0.023016825567503649 -0.0063882569650709599 0.011877562220335614 0.0032601398900134527 0.001192578429952969 -0.008172228848425207
leaf_weight=200 142 51 24 22 100 351 34 42 23 74 40 18 40 40
leaf_count=200 142 51 24 22 100 351 34 42 23 74 40 18 40 40
internal_value=-0.00102329 -0.00483962 -0.0197333 -0.000825359 -0.00158477 0.00311947 -0.00743802 0.0021 -0.00590909 -0.0110227 -0.00678947 0.000606061 -0.0146739 -0.0162712
internal_weight=1201 1059 224 835 813 451 362 99 65 263 189 98 91 58
internal_count=1201 1059 224 835 813 451 362 99 65 263 189 98 91 58
is_linear=0
shrinkage=0.03


Tree=67
num_leaves=15
num_cat=0
split_feature=23 41 49 49 43 34 12 42 18 8 35 5 35 34
split_gain=143.362 81.6911 23.6771 18.8636 17.1771 16.211 15.7467 16.0984 26.8907 19.1016 16.6589 22.7355 12.9292 14.1779
threshold=9.0987848704314498 4.6949166756878062 1.5998775886267376 1.5998775886267376 0.38907562519182187 1.8135867079722356 0.61852212485123892 8.2510187800329948 1.5909217939723865 2.1598652471651127 0.87526124273825778 3.0670683049004062 0.50065704464983696 10.027450799223876
decision_type=2 2 2 2 2 2 2 2 2 2 2 2 2 2
left_child=1 3 4 -1 6 -6 7 8 12 10 11 -9 -3 -14
right_child=-2 2 -4 -5 5 -7 -8 9 -10 -11 -12 -13 13 -15
leaf_value=-0.0048414575816754131 0.010162982459367352 -0.0036780130610853785 0.013685930140160079 0.00072939002274075178 -0.0055859803137325911 0.0037707087687908658 0.017731838732232177 0.00015637087515321779 0.0056146151159484643 -0.0011854639583405923 3.2481993277073685e-05 -0.00033609352391985144 8.629640049087152e-05 -2.0436640367348936e-05
leaf_weight=191 142 42 30 17 197 48 49 37 57 45 46 53 78 158
leaf_count=191 142 42 30 17 197 48 49 37 57 45 46 53 78 158
internal_value=-0.000906801 -0.00474738 -0.000570749 -0.0215311 -0.00155364 -0.00817073 0.00132509 -0.000232108 0.00366071 -0.00741758 -0.00175182 -0.00923077 -0.000215054 0.00253165
internal_weight=1190 1048 840 208 810 245 565 516 335 181 136 90 278 236
internal_count=1190 1048 840 208 810 245 565 516 335 181 136 90 278 236
is_linear=0
shrinkage=0.03


Tree=68
num_leaves=15
num_cat=0
split_feature=23 51 49 11 34 35 38 23 11 19 10 42 9 35
split_gain=140.36 69.5457 26.1625 20.1092 18.4056 16.4889 25.0687 13.9692 12.4057 11.8581 11.0433 9.87474 17.1258 10.4118
threshold=9.0987848704314498 3.8614723551111396 1.9667436439243531 0.31045977616033699 0.60860323886639689 0.56301667475902761 0.13430171277997369 7.6816088775227742 0.16655338498125374 0.33094048165549128 0.49770642201834864 8.3385829294489167 1.5128467566594119 0.87521373970593896
decision_type=2 2 2 2 2 2 2 2 2 2 2 2 2 2
left_child=1 4 3 5 -1 9 7 11 -8 -3 -6 12 13 -7
right_child=-2 2 -4 -5 10 6 8 -9 -10 -11 -12 -13 -14 -15
leaf_value=-0.0046375631930673511 0.011065770111517116 -0.0053699418731007354 0.019870789775276586 0.015720282808386814 -0.00023773091697314565 -3.1631495446281517e-05 0.0021605840465818002 -0.0002294700069571154 -0.0018442102227616685 -0.00015328110508622484 -0.0054578813266672006 7.0163280037189861e-05 -0.00068649831578749816 5.0779162440773292e-05
leaf_weight=157 143 185 37 35 80 55 72 42 23 136 26 31 35 132
leaf_count=157 143 185 37 35 80 55 72 42 23 136 26 31 35 132
internal_value=-0.000478992 -0.00429799 0.000191327 -0.00104418 -0.0176136 -0.00214888 0.00199488 -0.00233108 0.0153125 -0.00717391 -0.00785047 0.000354331 -0.00188341 0.00175532
internal_weight=1189 1046 783 746 263 711 390 295 95 321 106 253 222 187
internal_count=1189 1046 783 746 263 711 390 295 95 321 106 253 222 187
is_linear=0
shrinkage=0.03


Tree=69
num_leaves=15
num_cat=0
split_feature=23 41 5 46 46 22 13 42 37 22 11 42 42 0
split_gain=142.611 66.9091 20.92 16.1964 14.8118 13.1896 11.3184 14.9574 16.8896 17.3773 14.3032 11.3855 11.9937 10.7347
threshold=9.0987848704314498 4.6949166756878062 4.7815294091008909 1.0000000180025095e-35 1.0395906230238128 6.8156757308164932 0.58236805168855987 8.0774379228624138 2.0809833081820379 12.308079802382094 0.14671125738299692 7.1218100449778339 7.8655206237700037 5.0000000000000009
decision_type=2 2 2 2 2 2 2 2 2 2 2 2 2 2
left_child=1 3 4 -1 5 13 10 -8 -9 -10 11 -7 -13 -3
right_child=-2 2 -4 -5 -6 6 7 8 9 -11 -12 12 -14 -15
leaf_value=-0.0046022402816281406 0.010938621217384861 -0.0071759229379692504 0.016821654812200555 0.00025670549705652428 0.0073584336965498683 5.9963534634351745e-05 0.0004798255512684768 0.00035643294318328631 -0.010979171070238084 0.015347036163813312 0.00038299053039031136 -0.001338981327596997 -5.2623513945742051e-05 -0.0013477270421986772
leaf_weight=204 146 66 48 22 26 84 93 64 42 14.999999999999998 64 71 199 58
leaf_count=204 146 66 48 22 26 84 93 64 42 15 64 71 199 58
internal_value=-0.00074813 -0.00459792 -0.000649819 -0.0190308 -0.00183908 -0.00261559 -0.000853081 0.00474419 -0.00221311 -0.0139655 -0.00372315 -0.00608451 -0.00907749 -0.01152
internal_weight=1202 1056 830 226 782 756 632 214 121 57 418 354 270 124
internal_count=1202 1056 830 226 782 756 632 214 121 57 418 354 270 124
is_linear=0
shrinkage=0.03


Tree=70
num_leaves=15
num_cat=0
split_feature=23 36 50 22 13 19 23 5 0 0 10 23 21 12
split_gain=150.934 72.6772 21.8885 18.3455 16.6336 14.0367 12.1866 19.3911 10.6978 10.7068 19.4433 10.0581 9.18158 8.44324
threshold=9.0987848704314498 3.3115357000197809 4.4650928568396884 6.4004695900463355 0.86259875987598778 0.96875000000000011 8.7153954372895139 4.7815294091008909 5.0000000000000009 7.5000000000000009 0.43303571428571436 4.3362364345606936 2.1345968608309827 0.39821606666023229
decision_type=2 2 2 2 2 2 2 2 2 2 2 2 2 2
left_child=1 4 3 -3 5 -1 7 11 -7 10 -10 -5 -6 -2
right_child=13 2 -4 6 12 8 -8 -9 9 -11 -12 -13 -14 -15
leaf_value=-0.0045620209881479202 0.0097113753902352586 -0.0090195026411085677 0.018420005421491071 0.0052484279321510759 0.0024738595853021272 -0.0047983595158436997 -0.00031979781920030593 0.01937804841003906 0.013741605004531515 -0.0045850356550675882 -0.0045744388725140793 -1.1976903009891516e-05 -0.0053274689462900126 0.020537858383234714
leaf_weight=192 134 45 30 38 19 35 46 26 24 22 15.999999999999998 549 18 14.999999999999998
leaf_count=192 134 45 30 38 19 35 46 26 24 22 16 549 18 15
internal_value=-0.000768595 -0.00475024 0.000489796 -0.000595745 -0.0165138 -0.018931 0.000681818 0.00180782 -0.0094898 -0.00190476 0.00731707 0.000663265 0.00236842 0.0274
internal_weight=1209 1060 734 704 326 289 659 613 97 62 40 587 37 149
internal_count=1209 1060 734 704 326 289 659 613 97 62 40 587 37 149
is_linear=0
shrinkage=0.03


Tree=71
num_leaves=15
num_cat=0
split_feature=41 51 13 41 14 42 22 42 9 18 9 39 9 45
split_gain=136.936 85.6025 26.7248 24.4606 13.9276 13.9573 11.5932 11.8447 30.3166 20.3096 11.8549 11.6379 11.3679 10.0893
threshold=10.00252343253158 4.6281211975894552 0.14687222616184184 4.7424035066719936 0.16524216524216526 6.6086456498027877 6.9126929697943771 7.5274397748180384 0.87898212520604768 1.3890756251918221 1.5128467566594119 3.175109443402127 1.0720585701993983 1.0000000180025095e-35
decision_type=2 2 2 2 2 2 2 2 2 2 2 2 2 2
left_child=1 3 -3 13 -4 -6 -7 9 -9 10 11 -8 -10 -1
right_child=-2 2 4 -5 5 6 7 8 12 -11 -12 -13 -14 -15
leaf_value=-0.004250374422181011 0.009241981941562262 0.030030992792433417 0.01144042762915364 -0.0033368164137347208 0.0029862947510487575 -0.0042892743805680866 -0.00025783671465906739 -0.010390289395868233 0.00084512329617189824 0.0061166291206365114 -0.0006115905995203835 7.5673189394580563e-05 -1.6936583784271096e-05 0.00011840474941431977
leaf_weight=170 126 43 49 234 24 17 49 74 28 54 27 73 220 15.999999999999998
leaf_count=170 126 43 49 234 24 17 49 74 28 54 27 73 220 16
internal_value=-0.000647303 -0.00411492 0.00264036 -0.0146793 0.00102273 -0.00031746 -0.00132597 -0.000513308 -0.00408669 0.00514706 -0.0006 0.00341463 0.000963855 -0.0227807
internal_weight=1204 1078 658 420 615 566 542 525 322 203 149 122 248 186
internal_count=1204 1078 658 420 615 566 542 525 322 203 149 122 248 186
is_linear=0
shrinkage=0.03


Tree=72
num_leaves=15
num_cat=0
split_feature=41 36 21 49 41 0 0 10 35 4 11 34 45 22
split_gain=141.292 79.9552 37.1117 24.7087 14.92 16.5155 13.1362 13.7845 11.8479 11.615 10.1648 9.42542 7.7695 7.17398
threshold=10.00252343253158 3.2857822155436245 4.2930425871136508 1.9667436439243531 4.5477204932788604 5.0000000000000009 7.5000000000000009 0.083266615137743541 0.87523571315396642 4.036598366791325 0.023095172079135924 12.063836837294334 1.0000000180025095e-35 6.513061371605235
decision_type=2 2 2 2 2 2 2 2 2 2 2 2 2 2
left_child=1 4 3 8 12 -6 7 -7 9 11 -4 13 -1 -3
right_child=-2 2 10 -5 5 6 -8 -9 -10 -11 -12 -13 -14 -15
leaf_value=-0.004155423045865244 0.0091015973974847113 -0.0080795163799890612 0.0031724693531559709 0.017777816416314873 -0.0052754512784841633 0.012548827426559555 -0.0053138483759273686 -0.0019240066938398935 2.5820713058967158e-05 -0.00034198881138105928 0.025216307246091176 0.00010459736490310512 -2.8069212388802111e-05 -4.8911401268513229e-05
leaf_weight=169 125 58 25 26 42 25 30 20 236 60 58 19 14.999999999999998 293
leaf_count=169 125 58 25 26 42 25 30 20 236 60 58 19 15 293
internal_value=-0.00077371 -0.00428969 0.000811856 -0.00147186 -0.0173841 -0.00889831 -0.000394737 0.00978261 -0.0026087 -0.00556845 0.0196429 -0.00355795 -0.0227027 -0.0046875
internal_weight=1201 1076 775 692 301 117 75 45 666 430 83 370 184 351
internal_count=1201 1076 775 692 301 117 75 45 666 430 83 370 184 351
is_linear=0
shrinkage=0.03


Tree=73
num_leaves=15
num_cat=0
split_feature=23 36 49 34 36 30 38 44 0 0 43 12 0 12
split_gain=141.078 62.567 23.526 19.2249 12.6645 14.206 10.4011 13.3334 10.3982 23.0017 11.9572 10.0452 9.43973 19.309
threshold=9.1757943328304119 3.3115357000197809 1.9667436439243531 22.02784192485915 6.362127480360777 0.97726098191214483 0.092556629506641383 0.38907562519182187 5.0000000000000009 7.5000000000000009 2.0399341675875871 0.63373015873015881 5.0000000000000009 0.16437033861934022
decision_type=2 2 2 2 2 2 2 2 2 2 2 2 2 2
left_child=1 6 3 4 11 12 8 -8 -1 10 -10 -3 13 -6
right_child=-2 2 -4 -5 5 -7 7 -9 9 -11 -12 -13 -14 -15
leaf_value=-0.004765280996466989 0.0096493876885270901 -0.0075007853143336757 0.024858834443263731 0.016094888035641644 -0.00024513261358457492 -5.1215176871561847e-05 -0.0042786208645895947 0.00025861650262424635 -6.5623983668061236e-05 -0.00501584319241535 0.01194246613422394 0.00053422976156660025 -1.2899814076228199e-06 0.00039385852266300963
leaf_weight=41 136 155 26 27 29 215 171 21 30 37 18 61 143 76
leaf_count=41 136 155 26 27 29 215 171 21 30 37 18 61 143 76
internal_value=-0.00192081 -0.00565176 -0.000818554 -0.00186704 -0.00286765 -6.46552e-05 -0.0167398 -0.0211399 -0.00992126 -0.00383721 0.00979592 -0.00884793 0.00481928 0.0116038
internal_weight=1186 1050 732 706 679 463 318 192 126 85 48 216 248 105
internal_count=1186 1050 732 706 679 463 318 192 126 85 48 216 248 105
is_linear=0
shrinkage=0.03


Tree=74
num_leaves=15
num_cat=0
split_feature=36 36 5 49 24 4 41 0 0 39 43 23 36 22
split_gain=121.973 73.2788 36.66 18.4824 12.3881 13.8642 12.0669 9.78545 18.9981 18.0239 8.76233 9.1724 7.95903 8.21134
threshold=12.07046485435753 3.3115357000197809 4.6940597548944867 2.3119036551835941 0.41586089338484333 4.1243469996111468 4.3993928995441633 7.5000000000000009 5.0000000000000009 2.8697033898305091 1.4547780146205878 4.8147967681297787 11.761308736416122 11.157560635475615
decision_type=2 2 2 2 2 2 2 2 2 2 2 2 2 2
left_child=1 6 3 4 -3 10 -1 8 -8 -10 12 -12 13 -6
right_child=-2 2 -4 -5 5 -7 7 -9 9 -11 11 -13 -14 -15
leaf_value=-0.0039482478583015542 0.0079834214253792137 -0.0029489520983523964 0.018020867336111357 0.018836817813029715 1.7675727515744367e-05 -0.00033077629749909184 -0.0045763524924106354 -0.0049140483044623753 0.0069585166073594783 -0.000844846269702206 0.0058457142346738733 -0.00719648316211546 -0.00013352687435978615 0.018171571097451867
leaf_weight=139 108 85 73 18 362 86 57 47 40 22 21 58 20 27
leaf_count=139 108 85 73 18 362 86 57 47 40 22 21 58 20 27
internal_value=-0.000489691 -0.00360795 0.00143808 -0.000752212 -0.00159091 0 -0.0159804 -0.0104192 -0.00575 0.00571429 0.00196319 -0.007125 0.00373171 0.00469231
internal_weight=1163 1055 750 677 659 574 305 166 119 62 488 79 409 389
internal_count=1163 1055 750 677 659 574 305 166 119 62 488 79 409 389
is_linear=0
shrinkage=0.03


Tree=75
num_leaves=15
num_cat=0
split_feature=41 41 49 4 4 24 0 0 38 13 42 9 33 34
split_gain=133.587 64.4929 24.8103 18.5549 18.3044 12.1209 15.4701 28.757 27.4986 9.12567 13.0038 22.8892 19.9084 16.6001
threshold=10.00252343253158 4.7424035066719936 1.5998775886267376 3.6386379528959143 5.8595772583424255 0.57647292835825981 5.0000000000000009 7.5000000000000009 0.24487779669260704 0.0077071204391404016 7.8655206237700037 0.55133117094857398 7.5792241202967334 15.441478292070327
decision_type=2 2 2 2 2 2 2 2 2 2 2 2 2 2
left_child=1 3 4 -1 5 6 -3 8 -8 -7 12 -12 13 -11
right_child=-2 2 -4 -5 -6 9 7 -9 -10 10 11 -13 -14 -15
leaf_value=-0.0037831791346117269 0.0084310864271185653 -0.0069826439991543011 0.01613738668136367 0.01525240551848194 0.032181571077394229 -0.0023180243535363271 0.013863499553471567 -0.0022332811333010526 -0.0018620433155593175 0.00010880955741763231 -0.012622820413096576 3.1639586388487738e-06 0.0057509357915361868 -0.0005105809475617173
leaf_weight=215 117 34 31 14.999999999999998 17 74 34 65 17 193 52 261 43 53
leaf_count=215 117 34 31 15 17 74 34 65 17 193 52 261 43 53
internal_value=-0.00110475 -0.00434389 -0.000617143 -0.0184416 -0.00159953 -0.00224909 -0.00993377 -0.00461538 0.0121154 -0.000531758 0.000696517 -0.00353503 0.00527586 0.00194332
internal_weight=1221 1104 874 230 843 826 150 116 51 676 602 313 289 246
internal_count=1221 1104 874 230 843 826 150 116 51 676 602 313 289 246
is_linear=0
shrinkage=0.03


Tree=76
num_leaves=15
num_cat=0
split_feature=23 41 49 49 34 24 0 0 38 20 17 12 19 30
split_gain=128.134 53.2604 25.8409 20.0841 18.634 12.4064 9.57377 17.8461 33.7242 11.185 11.1908 8.32812 8.327 7.60858
threshold=9.1757943328304119 4.5477204932788604 0.88907562519182193 1.1276362525516532 20.98840434743121 0.57647292835825981 5.0000000000000009 7.5000000000000009 0.25378787878787884 2.130321853367513 2.5492063492063495 0.3893476360064318 0.58263027295285374 0.97915762049500665
decision_type=2 2 2 2 2 2 2 2 2 2 2 2 2 2
left_child=1 2 -1 4 5 6 -3 8 -8 -9 -11 -2 13 -7
right_child=11 3 -4 -5 -6 12 7 9 -10 10 -12 -13 -14 -15
leaf_value=-0.0037732763464477423 0.0088674708222963392 -0.0073141594462341796 0.00048280081733291719 0.0087428936482169921 0.014321682247064505 1.1105380025123179e-05 0.012974847561286704 -0.0080998664322274316 -0.0018561837338666605 9.631901319860025e-05 -0.00045086161514482857 0.013392944725866907 0.00015809410540551508 -0.00010605081113517766
leaf_weight=173 120 30 25 36 30 461 27 30 15.999999999999998 23 18 14.999999999999998 18 154
leaf_count=173 120 30 25 36 30 461 27 30 16 23 18 15 18 154
internal_value=-0.000254885 -0.00382917 -0.0177889 -0.000533175 -0.00152228 -0.00242931 -0.0103448 -0.00626087 0.00886364 -0.0154167 -0.005 0.0271324 -0.000615142 -0.00121753
internal_weight=1176 1041 198 843 807 777 144 114 43 71 41 135 633 615
internal_count=1176 1041 198 843 807 777 144 114 43 71 41 135 633 615
is_linear=0
shrinkage=0.03


Tree=77
num_leaves=15
num_cat=0
split_feature=36 36 49 44 5 38 35 17 24 0 0 41 11 41
split_gain=124.154 58.2586 24.9448 20.3275 20.0405 18.591 16.642 15.9711 15.6203 13.82 23.5683 11.7522 11.5855 11.059
threshold=12.07046485435753 3.3115357000197809 1.4697596263093093 0.38907562519182187 5.5135576755011533 0.092556629506641383 0.81321741511500567 13.410294168252255 0.89751769553963379 5.0000000000000009 7.5000000000000009 4.8905167942863743 0.31045977616033699 7.1344629766724639
decision_type=2 2 2 2 2 2 2 2 2 2 2 2 2 2
left_child=1 3 4 5 6 9 12 8 -8 -1 11 -11 -3 -10
right_child=-2 2 -4 -5 -6 -7 7 -9 13 10 -12 -13 -14 -15
leaf_value=-0.0044879218573551085 0.0073083716129411736 -0.00042649385410294669 0.015390978271476249 0.00039614391092012991 0.024309875788638975 -0.0037211623823856809 0.00010072994518644406 0.010876459924671549 3.2641830276518844e-05 -0.00027408644880931756 -0.0045180811085557765 0.010615429974901112 0.017705382472949296 -0.00025589890289445805
leaf_weight=40 110 369 33 36 23 176 39 28 110 18 36 23 26 126
leaf_count=40 110 369 33 36 23 176 39 28 110 18 36 23 26 126
internal_value=-0.00103015 -0.00412362 0.000476821 -0.0146364 -0.000706371 -0.0172449 -0.0016309 0.00365132 0.00141304 -0.00788136 -0.000384615 0.015 -0.00568182 -0.00151899
internal_weight=1193 1083 754 329 721 293 698 303 275 117 77 41 395 236
internal_count=1193 1083 754 329 721 293 698 303 275 117 77 41 395 236
is_linear=0
shrinkage=0.03


Tree=78
num_leaves=15
num_cat=0
split_feature=33 1 3 43 49 23 42 44 36 0 0 19 38 38
split_gain=121.779 58.0952 24.0739 16.4381 27.0099 16.1439 17.6332 13.3972 12.8501 11.8123 27.1145 48.9231 13.6479 10.8621
threshold=11.410973230262803 1.0602869656029252 4.9668634785589907 0.53959062302381255 1.1276362525516532 8.6687451213584747 9.8179155038493597 0.62763625255165312 7.4834613140959823 5.0000000000000009 7.5000000000000009 0.33200231399827868 0.063751571009635535 0.88165266106442586
decision_type=2 2 2 2 2 2 2 2 2 2 2 2 2 2
left_child=1 7 3 5 8 6 -3 -1 9 -5 11 12 -11 -12
right_child=-2 2 -4 4 -6 -7 -8 -9 -10 10 13 -13 -14 -15
leaf_value=-0.0037078933579607286 0.0076025346090689361 9.7929637160737437e-06 0.014164423713329207 -0.0042733969763810026 0.005327947730151876 -0.00028076951980177231 0.025879595836898486 0.00016095111127136601 0.0040078060769527246 0.0020887716316930157 -0.0054223265052984505 0.012588882483402229 -0.0043632002216237526 -0.0010458373032582525
leaf_weight=114 114 455 78 106 35 36 29 15.999999999999998 23 15.999999999999998 59 39 48 21
leaf_count=114 114 455 78 106 35 36 29 16 23 16 59 39 48 21
internal_value=-0.00012605 -0.00326208 -0.000665962 -0.00210829 -0.00715517 0.00126679 0.00272165 -0.0219847 -0.00996805 -0.0116897 -0.00701087 0.00317308 -0.0129231 -0.02
internal_weight=1189 1075 945 867 347 520 484 130 312 289 183 103 64 80
internal_count=1189 1075 945 867 347 520 484 130 312 289 183 103 64 80
is_linear=0
shrinkage=0.03


Tree=79
num_leaves=15
num_cat=0
split_feature=23 36 49 34 49 23 20 1 0 0 41 22 10 35
split_gain=128.899 56.9884 21.6757 15.4029 13.9928 13.8491 21.7749 12.4429 14.741 19.8465 14.3749 10.5086 10.3773 9.55
threshold=9.1757943328304119 3.3115357000197809 1.9667436439243531 20.98840434743121 0.38907562519182187 8.5356866802570881 4.5803657245460654 1.3116246451989506 5.0000000000000009 7.5000000000000009 4.8905167942863743 6.8156757308164932 0.10299250654632572 0.7501043841336118
decision_type=2 2 2 2 2 2 2 2 2 2 2 2 2 2
left_child=1 4 3 5 7 6 11 -1 -9 10 -10 -3 -11 -7
right_child=-2 2 -4 -5 -6 13 -8 8 9 12 -12 -13 -14 -15
leaf_value=-0.003508368071218031 0.0083059504226035089 -0.0060652975370253321 0.02590246062051128 0.014875510931796279 0.00016576030350580028 -0.00097941903537261958 0.013851627505174668 -0.0042785997667651827 -0.00022647064545077949 -0.0048834628067656862 0.011722493546289304 -2.4477299904124284e-07 0.00043440422960642653 1.7461025117126992e-06
leaf_weight=140 125 69 26 28 27 37 25 50 28 27 20 527 14.999999999999998 19
leaf_count=140 125 69 26 28 27 37 25 50 28 27 20 527 15 19
internal_value=-0.000798969 -0.00427334 0.000286885 -0.00072238 -0.0150974 -0.00163717 -0.000337621 -0.0170819 -0.0106383 -0.0032967 0.00979592 -0.00150754 -0.0181395 -0.0157895
internal_weight=1163 1038 731 705 307 677 621 280 140 90 48 596 42 56
internal_count=1163 1038 731 705 307 677 621 280 140 90 48 596 42 56
is_linear=0
shrinkage=0.03


Tree=80
num_leaves=15
num_cat=0
split_feature=41 51 13 44 28 16 20 42 22 19 0 0 1 41
split_gain=121.881 65.1788 20.8621 19.898 15.0176 10.244 9.98095 9.07911 11.5399 10.3813 10.1238 23.1255 10.3401 9.10816
threshold=10.025402177809672 4.198627839172695 0.23824856493112348 0.92866624821563437 4.5000000000000009 0.015625727047558411 4.4566253253555566 8.0117355340274514 10.456775963751449 0.96875000000000011 7.5000000000000009 5.0000000000000009 1.3116246451989506 5.0434295699979614
decision_type=2 2 2 2 2 2 2 2 2 2 2 2 2 2
left_child=1 3 6 4 7 -4 -3 9 13 -1 11 -11 -13 -9
right_child=-2 2 5 -5 -6 -7 -8 8 -10 10 -12 12 -14 -15
leaf_value=-0.003433764136938518 0.0081639744398326365 0.0038875792378341156 5.1499000059574898e-06 0.0009604949247125704 0.0001480115312710384 -0.0065822035151026333 0.026197115275910322 -0.0007618167951370774 -0.0042040227656850839 -0.0036667982430830756 -0.0042771636401105441 -0.0028734445831151657 0.012010544959891041 0.004456118740282536
leaf_weight=142 112 49 608 20 35 24 43 30 17 32 24 15.000000000000002 15.999999999999998 15.999999999999998
leaf_count=142 112 49 608 20 35 24 43 30 17 32 24 15 16 16
internal_value=-0.000430743 -0.0035541 0.00157241 -0.0142241 -0.0160061 -0.000379147 0.0148387 -0.0182253 -0.00796875 -0.021 -0.0126136 -0.00609375 0.0121875 0
internal_weight=1183 1071 724 347 327 632 92 292 63 229 87 63 31 46
internal_count=1183 1071 724 347 327 632 92 292 63 229 87 63 31 46
is_linear=0
shrinkage=0.03


Tree=81
num_leaves=15
num_cat=0
split_feature=33 33 49 43 20 22 42 11 38 0 0 41 23 22
split_gain=120.432 43.8731 29.8575 21.9218 16.6313 11.5768 12.866 10.138 14.3147 23.409 48.6376 17.252 9.83954 12.3291
threshold=11.376468255165749 5.1241951702552653 0.38907562519182187 0.38907562519182187 3.6671406932439377 10.913463336230757 8.7281667507216216 0.29915680457598753 0.15037593984962408 5.0000000000000009 7.5000000000000009 4.8905167942863743 8.5897070306477588 11.118458523046968
decision_type=2 2 2 2 2 2 2 2 2 2 2 2 2 2
left_child=1 2 3 -1 12 -6 -7 8 9 -5 11 -11 13 -3
right_child=-2 4 -4 7 5 6 -8 -9 -10 10 -12 -13 -14 -15
leaf_value=0.00018213299747408206 0.0062325429748108794 1.0973786808854413e-06 0.0012476751209147302 -0.0045484659363641267 0.0098437134860819703 -0.0049164035565449323 0.01732016783031964 0.0056399304984975527 -0.0034322650080771144 -0.00031646537201719227 -0.004174769278497666 0.010412293504110498 -0.00024929223250625966 0.0092987138499568533
leaf_weight=88 126 420 59 61 50 37 26 18 177 23 46 36 31 21
leaf_count=88 126 420 59 61 50 37 26 18 177 23 46 36 31 21
internal_value=0.000221311 -0.00298903 -0.00943026 -0.0120667 0.00261092 0.0128947 0.00421875 -0.0153315 -0.0164826 -0.0100599 -0.00141509 0.0165 0.00012685 0.00128959
internal_weight=1219 1093 508 449 585 113 63 361 343 166 105 59 472 441
internal_count=1219 1093 508 449 585 113 63 361 343 166 105 59 472 441
is_linear=0
shrinkage=0.03


Tree=82
num_leaves=15
num_cat=0
split_feature=41 36 49 34 4 44 43 23 34 21 12 23 19 23
split_gain=105.64 52.181 25.4732 19.1925 13.5459 12.0542 14.2938 9.84121 23.0312 12.4915 11.943 17.3163 24.8665 15.2921
threshold=10.046856452189283 3.3855915634697009 1.9667436439243531 22.02784192485915 5.7706156338527927 0.38907562519182187 0.38907562519182187 8.3265946332991572 12.251384920446444 4.3393096500892225 0.16440070242957763 6.670481565136904 0.56139405025512679 6.3837634311932323
decision_type=2 2 2 2 2 2 2 2 2 2 2 2 2 2
left_child=1 5 3 4 7 6 -1 9 -9 10 11 12 -3 -14
right_child=-2 2 -4 -5 -6 -7 -8 8 -10 -11 -12 -13 13 -15
leaf_value=0.0020111297690087308 0.0076759349182936093 -0.0017286870587809862 0.023050946135777284 0.014493461337569208 0.040088115736315856 0.00027248962893433034 -0.0030444182496999249 -0.00040741994266951684 0.0013165446898216148 0.005405324485833707 -0.00021019514806534662 4.780566235282668e-05 0.00027594289227445278 -0.00022032443699994796
leaf_weight=29 104 24 28 27 17 31 265 74 15.999999999999998 23 395 81 38 28
leaf_count=29 104 24 28 27 17 31 265 74 16 23 395 81 38 28
internal_value=-0.000152413 -0.00295265 0.00139628 0.000290055 -0.000688666 -0.0129755 -0.0148475 -0.00136765 -0.0105495 5.08475e-05 -0.000846561 0.00575581 -0.0032967 0.00626866
internal_weight=1180 1076 751 723 696 325 294 679 90 589 566 171 90 66
internal_count=1180 1076 751 723 696 325 294 679 90 589 566 171 90 66
is_linear=0
shrinkage=0.03


Tree=83
num_leaves=15
num_cat=0
split_feature=36 51 13 49 36 13 38 0 0 35 0 51 17 17
split_gain=102.436 48.2822 26.1157 20.7934 22.1123 15.0892 13.693 20.38 35.8726 13.0891 16.652 18.8297 15.6563 14.4942
threshold=11.988898024681113 4.2947476022129409 0.14687222616184184 0.38907562519182187 6.362127480360777 0.99010962715339057 0.15037593984962408 5.0000000000000009 7.5000000000000009 0.56357392874583079 5.0000000000000009 5.2419840604772423 13.410294168252255 2.2192192192192199
decision_type=2 2 2 2 2 2 2 2 2 2 2 2 2 2
left_child=1 3 -3 4 6 9 7 -1 -9 10 11 -4 -11 -12
right_child=-2 2 5 -5 -6 -7 -8 8 -10 12 13 -13 -14 -15
leaf_value=-0.0041636550147702081 0.0058456691254597628 0.018186405349978424 -0.0069552250495071976 0.00069815026862083687 0.0017831891780887784 0.010781401246299093 -0.0031940920932438987 0.0042314395733646249 -0.0038778897677027089 5.5902438562754891e-06 0.00019184454969632696 0.0063219404650974214 0.014399639898951173 -0.004237436986092304
leaf_weight=68 111 62 27 38 36 58 150 51 40 341 42 41 18 122
leaf_count=68 111 62 27 38 36 58 150 51 40 341 42 41 18 122
internal_value=-0.000273632 -0.00306849 0.00155899 -0.0116406 -0.0139595 -0.000230769 -0.0165484 -0.0103125 -0.000978261 -0.0016723 -0.0072103 0.00521739 0.00191667 -0.0123636
internal_weight=1205 1094 711 383 345 649 309 159 91 591 232 68 359 164
internal_count=1205 1094 711 383 345 649 309 159 91 591 232 68 359 164
is_linear=0
shrinkage=0.03


Tree=84
num_leaves=15
num_cat=0
split_feature=33 36 49 34 46 9 4 24 19 12 22 22 12 8
split_gain=117.909 52.7396 25.6668 17.7009 15.8013 13.5065 11.8199 11.1317 14.5849 9.93497 10.4695 16.5123 13.7391 13.6075
threshold=11.439782460346821 3.3051361058640354 1.9667436439243531 22.02784192485915 1.0000000180025095e-35 0.84903925676945124 5.7706156338527927 0.52927805055464638 0.56503845354396187 0.64119671030547176 9.2254929791610447 7.6052603798408658 0.16439024901861413 2.0433578319724419
decision_type=2 2 2 2 2 2 2 2 2 2 2 2 2 2
left_child=1 4 3 6 5 -1 7 -3 9 10 11 12 -9 -12
right_child=-2 2 -4 -5 -6 -7 -8 8 -10 -11 13 -13 -14 -15
leaf_value=-0.002934257613603929 0.0071536071285544884 -0.0015790251235569407 0.021986166171491295 0.014125826653897104 0.00028690989389819094 0.005021642272909208 0.029528020300121142 -0.00063507908461555543 3.0321584202454841e-05 0.0051595902713964577 6.4368285046678689e-05 9.7938021725281347e-05 -2.8553079745702314e-06 -0.00073335582791509866
leaf_weight=265 114 101 31 28 22 23 14.999999999999998 28 214 78 24 89 47 144
leaf_count=265 114 101 31 28 22 23 15 28 214 78 24 89 47 144
internal_value=-0.000220588 -0.00321622 0.0008625 -0.00023407 -0.0136977 -0.0155709 -0.0011336 -0.00169421 -0.000192 -0.00350365 -0.00576577 -0.000363636 -0.0106579 -0.0110059
internal_weight=1223 1109 799 768 310 288 740 725 624 410 332 164 75 168
internal_count=1223 1109 799 768 310 288 740 725 624 410 332 164 75 168
is_linear=0
shrinkage=0.03


Tree=85
num_leaves=15
num_cat=0
split_feature=41 51 13 49 38 0 42 9 33 11 13 0 10 51
split_gain=107.213 42.61 21.5855 15.1613 15.672 20.7128 12.9961 19.2628 16.2114 13.8216 12.507 11.9257 17.9918 10.6876
threshold=10.046856452189283 4.198627839172695 0.14687222616184184 0.38907562519182187 0.15037593984962408 5.0000000000000009 7.9342845548604641 0.70999140122324633 8.1530719750151448 0.11822477706924511 0.5814485434104486 7.5000000000000009 0.17743861607142861 4.8214473207832977
decision_type=2 2 2 2 2 2 2 2 2 2 2 2 2 2
left_child=1 3 -3 4 5 -1 8 -8 13 -9 -11 12 -7 -4
right_child=-2 2 6 -5 -6 11 7 9 -10 10 -12 -13 -14 -15
leaf_value=-0.0032038694171375596 0.0071323969135076749 0.011476322465016005 -0.0033072393374657233 0.00047108822890307666 -0.002920280548299195 0.0041925241145718039 -0.011237703047966551 0.00010421900200575206 0.0025177855435917908 1.5044376822611616e-05 -0.00014431923454518269 -0.003173442535779598 -0.00097613682240458937 4.3639178072876757e-05
leaf_weight=69 100 70 62 32 160 43 57 57 37 77 149 33 22 235
leaf_count=69 100 70 62 32 160 43 57 57 37 77 149 33 22 235
internal_value=-0.00107143 -0.00377717 0.000322148 -0.01225 -0.0141768 -0.00767857 -0.00133333 -0.00545455 0.00286567 -0.00221831 -0.00555066 0.00121212 0.00863636 0.000503356
internal_weight=1203 1103 744 359 327 167 674 340 334 283 226 98 65 297
internal_count=1203 1103 744 359 327 167 674 340 334 283 226 98 65 297
is_linear=0
shrinkage=0.03


Tree=86
num_leaves=15
num_cat=0
split_feature=41 51 13 41 5 0 23 33 3 42 50 0 22 0
split_gain=110.04 42.7817 23.2556 22.462 12.0425 11.2988 9.4506 13.5079 9.06184 8.09863 11.6295 11.144 10.8573 20.2156
threshold=10.046856452189283 5.2945389697047212 0.58066302282677651 4.5085692598918206 3.4190306167634583 5.0000000000000009 8.3265946332991572 8.1530719750151448 3.7556188132309392 8.6311765752725034 3.83697218166215 7.5000000000000009 8.4011899779120007 5.0000000000000009
decision_type=2 2 2 2 2 2 2 2 2 2 2 2 2 2
left_child=1 3 -3 -1 -4 -6 7 9 -9 10 11 12 13 -5
right_child=-2 2 4 6 5 -7 -8 8 -10 -11 -12 -13 -14 -15
leaf_value=-0.0026595904263371317 0.0067906481449116459 0.0079648390850878097 1.4299304364757681e-05 -0.0025144247898664582 0.00014164253739110537 -0.00070836867862131053 -0.00024251288836227403 0.00066328189049980426 -2.3851206266957689e-05 0.002303648005482474 0.0028484106574536497 -0.0046149127551527716 -0.0050162086458342935 0.0039222106339020547
leaf_weight=163 111 112 191 157 56 66 30 26 28 64 28 38 53 61
leaf_count=163 111 112 191 157 56 66 30 26 28 64 28 38 53 61
internal_value=-0.000708861 -0.00365922 0.00373239 -0.00850539 -0.000477707 -0.00780488 -0.00524691 -0.00414474 0.00981818 -0.00604478 -0.00789941 -0.00958065 -0.00738971 -0.00438356
internal_weight=1184 1073 425 648 313 122 485 455 54 401 337 309 271 218
internal_count=1184 1073 425 648 313 122 485 455 54 401 337 309 271 218
is_linear=0
shrinkage=0.03


Tree=87
num_leaves=15
num_cat=0
split_feature=41 51 3 49 10 23 51 0 38 0 10 10 21 0
split_gain=116.904 51.1199 24.6869 18.4725 12.2635 15.2318 10.8667 10.7429 20.3413 21.257 10.5599 10.1365 10.0937 8.46734
threshold=10.046856452189283 4.198627839172695 4.9668634785589907 0.38907562519182187 0.16903647611676811 6.670481565136904 5.1779777843268802 5.0000000000000009 0.092556629506641383 7.5000000000000009 0.43913184994510662 0.51174531858688899 1.2299753176115782 5.0000000000000009
decision_type=2 2 2 2 2 2 2 2 2 2 2 2 2 2
left_child=1 3 4 7 5 6 13 -1 9 12 -6 -12 -9 -3
right_child=-2 2 -4 -5 10 -7 -8 8 -10 -11 11 -13 -14 -15
leaf_value=-0.0028449501128063937 0.0065213075629452794 -0.008310432402253853 0.012371525766384905 0.00080333507353699102 0.007793175803776111 -0.010974333283112427 0.0046250609872953369 0.0060984269423165899 -0.0028638991537173731 -0.0036901459128192869 -0.0063648840928799385 2.4160625006786063e-06 -0.00022984378622062596 0.0031043633620045428
leaf_weight=125 110 15.999999999999998 86 35 57 59 21 25 120 28 18 446 21 28
leaf_count=125 110 16 86 35 57 59 21 25 120 28 18 446 21 28
internal_value=-0.000677258 -0.00367403 0.000860656 -0.0130141 -0.00116099 -0.0096 0.000454545 -0.0152812 -0.0107692 0.0016 0.000862069 -0.000645161 0.0140426 -0.008
internal_weight=1195 1085 731 354 645 124 65 319 194 74 521 464 46 44
internal_count=1195 1085 731 354 645 124 65 319 194 74 521 464 46 44
is_linear=0
shrinkage=0.03


Tree=88
num_leaves=15
num_cat=0
split_feature=23 51 5 35 49 13 35 44 38 1 19 22 23 22
split_gain=98.9689 42.0627 18.3878 15.2001 17.6958 20.8568 9.30516 8.56326 7.85419 7.05112 10.7097 20.4227 11.8301 9.9007
threshold=9.243862511686606 3.6255179244219415 4.9470478355063108 0.62589352311219082 1.7139863568041047 0.63692477931872704 0.81272026578833889 0.38907562519182187 0.12734848484848488 1.9055863475332775 0.56139405025512679 7.6052603798408658 6.6037393483696887 7.5716159822295825
decision_type=2 2 2 2 2 2 2 2 2 2 2 2 2 2
left_child=1 7 3 4 5 -3 -5 8 -1 10 11 -8 -13 -12
right_child=-2 2 -4 6 -6 -7 9 -9 -10 -11 13 12 -14 -15
leaf_value=-0.002018919416436029 0.0064282217036716726 -0.0031807583317663745 0.014501028300451184 0.00043970537377409358 0.0045980335767276982 0.00026642635935691049 -0.0014307490687978785 0.0010860972034605076 -0.0026983939934064108 0.0070242924384702121 5.9183829870639302e-05 0.00083447148403793965 -8.1374044120116615e-05 -2.870510159333761e-06
leaf_weight=80 108 230 38 55 41 163 35 17 110 21 92 14.999999999999998 72 114
leaf_count=80 108 230 38 55 41 163 35 17 110 21 92 15 72 114
internal_value=-0.000276846 -0.00301661 -0.00013683 -0.00107271 -0.00496552 -0.00692893 0.00311111 -0.0151442 -0.0169634 0.00128571 0.000182371 -0.00682927 0.00102273 0.00434783
internal_weight=1191 1083 876 838 434 393 404 207 190 349 328 122 87 206
internal_count=1191 1083 876 838 434 393 404 207 190 349 328 122 87 206
is_linear=0
shrinkage=0.03


Tree=89
num_leaves=15
num_cat=0
split_feature=36 36 13 51 43 40 0 10 0 10 22 42 18 14
split_gain=99.7233 43.7911 23.3374 14.5532 13.2108 11.6291 10.6539 10.0423 9.35968 8.61119 8.05185 7.76347 19.5859 13.8585
threshold=12.134099553247635 3.3855915634697009 0.14687222616184184 2.997035777525753 0.87409401350310023 0.65051499783199074 5.0000000000000009 0.75289206917113904 7.5000000000000009 0.10299250654632572 9.6308950881399564 8.2510187800329948 1.6180165735588183 0.38413116264732317
decision_type=2 2 2 2 2 2 2 2 2 2 2 2 2 2
left_child=1 3 10 -1 11 6 -5 -6 9 -8 -3 12 -4 -13
right_child=-2 2 4 5 7 -7 8 -9 -10 -11 -12 13 -14 -15
leaf_value=-0.0026306223120831718 0.0053707596121928746 0.00071763975202366389 1.0961447989889516e-05 -0.0029241445892568101 -0.0059527630551988626 -0.0025120556622781499 0.011497196632019256 0.0010737959841017797 -0.0025044397446930466 0.0003525777549911993 0.01778296790738107 -0.00028883799614500379 0.0045983141739301282 2.6115412569231999e-05
leaf_weight=57 100 44 285 44 111 159 19 17 32 26 53 113 44 105
leaf_count=57 100 44 285 44 111 159 19 17 32 26 53 113 44 105
internal_value=-2.47934e-05 -0.00262162 0.00131953 -0.0116272 -0.00066568 -0.00875445 -0.00172131 -0.00930233 0.005 0.0136957 0.015 0.00136861 0.00427273 -0.0030137
internal_weight=1209 1109 772 337 675 280 121 128 77 45 97 547 329 218
internal_count=1209 1109 772 337 675 280 121 128 77 45 97 547 329 218
is_linear=0
shrinkage=0.03


Tree=90
num_leaves=15
num_cat=0
split_feature=33 36 46 43 3 12 31 24 38 0 0 41 19 22
split_gain=93.8811 39.6328 24.4927 16.2606 15.962 13.0413 14.1523 14.9304 8.77203 10.3662 27.9708 11.1982 8.29719 13.0562
threshold=11.458594844791632 3.3855915634697009 1.0000000180025095e-35 0.38907562519182187 6.0205783047701278 0.59340312690995856 1.0000000180025095e-35 0.99750470413268555 0.15037593984962408 5.0000000000000009 7.5000000000000009 4.9644399210870516 0.56503845354396187 7.2598879377940539
decision_type=2 2 2 2 2 2 2 2 2 2 2 2 2 2
left_child=1 2 3 -1 5 6 -3 12 9 -5 11 -11 -8 -14
right_child=-2 4 -4 8 -6 -7 7 -9 -10 10 -12 -13 13 -15
leaf_value=0.0052518115314150321 0.0063960172101796293 -0.0025553905224869034 0.00057826411863243503 -0.0033199395814534349 0.037284525038669795 0.006075951884468531 -6.0599179027885365e-05 0.007462202682604664 -0.0026002244052395606 -5.1845238394581659e-05 -0.0031169882986484851 0.0083554497221406225 0.00034241571333606409 1.2849009322534188e-05
leaf_weight=30 100 209 25 47 22 105 204 25 154 23 41 21 26 185
leaf_count=30 100 209 25 47 22 105 204 25 154 23 41 21 26 185
internal_value=0.000221675 -0.00228086 -0.0107895 -0.0130599 0.00146718 0.000715232 -0.000876923 0.00217687 -0.0152613 -0.00947368 -0.00313953 0.0133333 0.000793269 0.00495283
internal_weight=1217 1117 341 316 776 754 649 440 286 132 85 44 415 211
internal_count=1217 1117 341 316 776 754 649 440 286 132 85 44 415 211
is_linear=0
shrinkage=0.03


Tree=91
num_leaves=15
num_cat=0
split_feature=23 33 45 14 34 22 16 42 39 10 4 42 34 24
split_gain=85.2897 37.5511 28.7253 26.8108 13.8455 11.7048 12.6397 11.0901 18.0331 9.69977 7.94247 7.86667 6.89365 9.83832
threshold=9.2690769083121776 4.44132951928023 1.0000000180025095e-35 0.9948453608247424 22.02784192485915 6.4004695900463355 0.27615451957954623 7.1218100449778339 3.1815803244374679 0.42238015607580831 4.2561816225246227 8.2993294544433525 11.098837926051877 0.91932952438093174
decision_type=2 2 2 2 2 2 2 2 2 2 2 2 2 2
left_child=1 2 3 9 5 -3 7 8 12 -1 -9 -12 13 -7
right_child=-2 4 -4 -5 -6 6 -8 10 -10 -11 11 -13 -14 -15
leaf_value=-0.0025717015987099887 0.0059887052420767566 -0.0074252049064583688 0.00069200934693797774 0.0053398491533579156 0.012591890686712383 -0.00099570132658428987 0.0073329793988622513 7.3972092916774197e-06 0.00017275661417971155 -0.0024473366336055812 -0.00043585284589750192 -0.0066600470488792484 -0.00031309185883550861 0.0001230923279941319
leaf_weight=265 107 26 45 40 28 22 23 374 73 95 29 24 22 27
leaf_count=265 107 26 45 40 28 22 23 374 73 95 29 24 22 27
internal_value=0.000399667 -0.00211152 -0.00881166 -0.0113716 0.00249615 0.00154589 0.00242017 0.00152098 0.00868966 -0.0139612 -0.000911215 -0.0116667 -0.00208333 0.0042
internal_weight=1200 1093 445 400 648 620 594 571 144 360 427 53 71 49
internal_count=1200 1093 445 400 648 620 594 571 144 360 427 53 71 49
is_linear=0
shrinkage=0.03


Tree=92
num_leaves=15
num_cat=0
split_feature=36 36 45 5 12 1 24 39 11 38 0 9 0 43
split_gain=87.4873 41.3814 24.9449 18.5685 15.8026 14.3958 11.7225 9.43299 8.62562 13.1455 8.71443 30.2718 19.9241 41.1797
threshold=12.152672509020409 5.5957521299062227 1.0000000180025095e-35 5.5135576755011533 0.61852212485123892 1.3116246451989506 0.41586089338484333 2.8697033898305091 0.28932843927025892 0.42144660894660901 7.5000000000000009 0.9207631571419963 5.0000000000000009 1.0000000180025095e-35
decision_type=2 2 2 2 2 2 2 2 2 2 2 2 2 2
left_child=1 2 5 4 6 -1 -3 -8 9 10 12 -12 -7 -14
right_child=-2 3 -4 -5 -6 8 7 -9 -10 -11 11 -13 13 -15
leaf_value=-0.0023576068327474686 0.005428549490240484 -0.0013270146385249858 0.00080786363623282286 0.019197971995879321 0.012959181245716413 -0.0030098246986334852 0.0023155396560210922 1.0649010324305097e-05 0.01012906306072783 -0.006783373431755297 -0.0064722159697224568 0.055033894746096546 -0.019015730487074261 0.0092169761615899272
leaf_weight=177 95 32 48 28 33 86 22 458 25 40 42 14.999999999999998 32 55
leaf_count=177 95 32 48 28 33 86 22 458 25 40 42 15 32 55
internal_value=0.000353238 -0.00205667 -0.00817658 0.00350174 0.00225275 -0.0102748 0.000935673 0.00212058 -0.00618243 -0.00774908 -0.00493506 -0.015 -0.00155172 0.00852273
internal_weight=1188 1093 520 573 545 472 512 480 295 270 230 57 173 87
internal_count=1188 1093 520 573 545 472 512 480 295 270 230 57 173 87
is_linear=0
shrinkage=0.03


Tree=93
num_leaves=15
num_cat=0
split_feature=41 51 13 49 16 51 42 9 18 11 12 9 24 22
split_gain=100.786 40.4038 19.8533 14.0964 12.2824 9.05471 8.91372 19.3205 15.5213 18.7237 13.1965 10.605 13.3534 8.10948
threshold=10.046856452189283 4.198627839172695 0.21969627129285277 0.88907562519182193 0.015625727047558411 2.9331460330366199 7.559964235332135 0.52956854400107478 1.5909217939723865 0.16655338498125374 0.16376051869223343 1.5128467566594119 0.91443794486195895 8.1175568754792504
decision_type=2 2 2 2 2 2 2 2 2 2 2 2 2 2
left_child=1 3 -3 5 6 -1 8 -8 9 10 -4 12 -12 -9
right_child=-2 2 4 -5 -6 -7 7 13 -10 -11 11 -13 -14 -15
leaf_value=-0.0022837163862365405 0.0056050389375401008 0.008941925773634651 0.00065450194158991502 0.00056837256832521787 -0.0058214739530676168 -0.0020635611552748765 -0.011474747491945393 -0.0023395341483097971 0.0052764578945145562 -0.0030610556692429536 -0.0022659879236066206 -0.00076780372802247559 6.052013314004012e-05 9.1208120878460973e-06
leaf_weight=48 117 80 25 31 23 282 46 14.999999999999998 49 23 32 24 122 301
leaf_count=48 117 80 25 31 23 282 46 15 49 23 32 24 122 301
internal_value=0.000344545 -0.00247731 0.00153846 -0.0106906 -0.000181543 -0.0125076 0.000611285 -0.00247934 0.00467391 0.00132159 0.00426471 0.00134078 0.00425806 0.000189274
internal_weight=1218 1101 740 361 660 330 637 362 275 226 203 178 154 316
internal_count=1218 1101 740 361 660 330 637 362 275 226 203 178 154 316
is_linear=0
shrinkage=0.03


Tree=94
num_leaves=15
num_cat=0
split_feature=41 3 3 49 23 42 10 38 34 31 9 38 0 0
split_gain=101.805 38.6715 17.2047 17.0057 12.801 10.2906 17.6273 11.1366 10.7458 9.87925 12.9415 11.6649 17.5546 19.3988
threshold=10.046856452189283 3.4959547314566923 6.0205783047701278 0.88907562519182193 5.2979624000158223 8.3746913477797111 0.69578640030695593 0.19153225806451615 5.2870870396726568 1.0000000180025095e-35 0.93193779369345464 0.15037593984962408 5.0000000000000009 7.5000000000000009
decision_type=2 2 2 2 2 2 2 2 2 2 2 2 2 2
left_child=1 3 4 9 -3 -6 7 -7 -9 11 -11 12 -1 -14
right_child=-2 2 -4 -5 5 6 -8 8 -10 10 -12 -13 13 -15
leaf_value=-0.0029297205577760166 0.0054625475689897085 0.021706119641359514 0.032142616138445386 0.00062996198039309739 1.7338563228613822e-05 -0.00038644032792310099 0.00085099025977652509 -0.0015123327749470862 0.0065920026380063799 0.0010175696822246408 -0.00056622318984439696 -0.0023068273561247864 0.0043224028331000702 -0.0029182452381561791
leaf_weight=72 114 22 25 53 389 68 17 44 14.999999999999998 20 31 190 68 60
leaf_count=72 114 22 25 53 389 68 17 44 15 20 31 190 68 60
internal_value=0.000302775 -0.00256744 0.00268503 -0.00872727 0.00156475 0.000617978 -0.0062069 -0.0100781 -0.0005 -0.0106561 0.00173077 -0.0122762 -0.00716418 -0.000465116
internal_weight=1188 1074 580 494 555 533 144 127 59 441 51 390 200 128
internal_count=1188 1074 580 494 555 533 144 127 59 441 51 390 200 128
is_linear=0
shrinkage=0.03


Tree=95
num_leaves=15
num_cat=0
split_feature=36 36 49 24 43 10 0 0 19 10 38 10 14 42
split_gain=85.1486 35.9237 25.4065 17.4719 17.3418 13.8397 11.2552 21.8852 34.9075 12.9922 12.2476 12.1719 10.4092 9.65051
threshold=12.173635436150924 6.3096865418297599 1.5998775886267376 0.99921033306831752 0.38907562519182187 0.43913184994510662 5.0000000000000009 7.5000000000000009 0.33200231399827868 0.10299250654632572 0.54166666666666685 0.059436365003828907 0.23733549607292023 9.9130813529215018
decision_type=2 2 2 2 2 2 2 2 2 2 2 2 2 2
left_child=1 2 4 -3 13 6 9 8 11 -6 -9 -8 -11 -1
right_child=-2 3 -4 -5 5 -7 7 10 -10 12 -12 -13 -14 -15
leaf_value=-0.0013985602648557082 0.0054120606339549265 9.7993831466058888e-06 0.0023697279879211033 0.012222357276988113 -0.005419702569201732 -0.0022216919897506907 0.0017598898012107325 -0.0035417518728530638 0.0095608419189390833 0.00069097563207101589 0.0010879628926893058 -0.0028811761442894168 -0.0019666721498985927 0.051116952601297901
leaf_weight=97 86 505 47 33 50 98 14.999999999999998 69 42 19 21 48 43 19
leaf_count=97 86 505 47 33 50 98 15 69 42 19 21 48 43 19
internal_value=-0.00030176 -0.00254743 -0.00780316 0.00300557 -0.00971264 -0.0126355 -0.00944805 -0.00505102 0.00424528 -0.0169912 -0.0158242 -0.00984375 -0.00761905 0.000512821
internal_weight=1192 1106 568 538 521 405 307 195 105 112 90 63 62 116
internal_count=1192 1106 568 538 521 405 307 195 105 112 90 63 62 116
is_linear=0
shrinkage=0.03


Tree=96
num_leaves=15
num_cat=0
split_feature=23 36 4 28 44 22 23 51 21 14 42 36 11 23
split_gain=83.5322 34.3408 11.1404 11.4142 11.296 17.006 10.2966 9.7777 9.10604 12.6586 9.05902 12.1064 14.5603 11.4547
threshold=9.2859729523225152 3.3115357000197809 5.6708367670338955 26.500000000000004 2.1266690026630539 6.4004695900463355 4.4450208973424754 2.997035777525753 1.2113300883185547 0.70762711864406791 7.1218100449778339 8.4577226049427896 0.28754050401478998 6.6037393483696887
decision_type=2 2 2 2 2 2 2 2 2 2 2 2 2 2
left_child=1 7 3 4 5 -3 -7 -1 -9 -10 -8 12 13 -12
right_child=-2 2 -4 -5 -6 6 10 8 9 -11 11 -13 -14 -15
leaf_value=-0.0020048818300652783 0.005229124483652709 -0.0062094052981495756 0.017339235313345931 0.012011990220672855 0.011305181581203213 0.0034853204861473096 4.9292287550704861e-05 -0.00052672899172389481 -0.0019994192109013221 -0.00049047427999440892 -0.00025290419074158022 9.2417772606845359e-06 0.013864585782361266 -0.0071055849917738322
leaf_weight=53 102 56 15.999999999999998 28 14.999999999999998 35 149 107 102 44 119 258 28 86
leaf_count=53 102 56 16 28 15 35 149 107 102 44 119 258 28 86
internal_value=-0.000200167 -0.00262534 0.00068268 0.000154839 -0.000562249 -0.00110656 0.000221893 -0.0111401 -0.00862205 -0.0134694 -0.000655226 -0.00262195 -0.0075641 -0.0103398
internal_weight=1198 1096 790 774 746 731 675 306 253 146 640 491 233 205
internal_count=1198 1096 790 774 746 731 675 306 253 146 640 491 233 205
is_linear=0
shrinkage=0.03


Tree=97
num_leaves=15
num_cat=0
split_feature=23 51 13 51 33 44 0 9 18 19 19 8 37 17
split_gain=87.4459 31.63 17.1111 15.5478 11.8713 12.0311 11.5898 15.9773 15.1239 14.8698 10.3082 9.99144 8.70516 8.52593
threshold=9.2859729523225152 4.8214473207832977 0.14687222616184184 2.997035777525753 8.1530719750151448 0.92866624821563437 5.0000000000000009 0.6762427529172409 1.1300356939925376 0.56139405025512679 0.0034625005608650786 2.1598652471651127 1.9242485090451835 12.124813638294411
decision_type=2 2 2 2 2 2 2 2 2 2 2 2 2 2
left_child=1 3 -3 -1 5 10 8 -8 9 11 -5 -4 -11 -10
right_child=-2 2 6 4 -6 -7 7 -9 13 12 -12 -13 -14 -15
leaf_value=-0.0020163570356064209 0.0052477745070777003 0.032078474081274698 -0.0012021089145235408 0.00068604823286060317 0.0088444058528483194 0.00042467999923087238 -0.0096785499832831197 2.3065728859272828e-06 0.0047052246770367982 5.9628862907967756e-05 -0.0020441460788480892 0.00038233921831481055 -0.00011410658853951039 0.0035892600380659275
leaf_weight=63 114 31 33 47 19 27 54 284 30 86 319 21 14.999999999999998 48
leaf_count=63 114 31 33 47 19 27 54 284 30 86 319 21 15 48
internal_value=0.000176174 -0.00247681 0.00208955 -0.0082563 -0.00610169 -0.0072335 0.000891608 -0.00265487 0.00602564 0.000576923 -0.00866485 -0.012 0.00735294 0.0167089
internal_weight=1191 1077 602 475 412 393 571 338 233 155 366 54 101 78
internal_count=1191 1077 602 475 412 393 571 338 233 155 366 54 101 78
is_linear=0
shrinkage=0.03


Tree=98
num_leaves=15
num_cat=0
split_feature=41 49 36 18 13 18 22 19 42 41 0 0 29 36
split_gain=89.1916 31.6255 36.9842 17.2572 14.545 10.635 8.4032 8.23477 10.8072 9.63309 16.3893 36.0207 7.48034 9.67742
threshold=10.07218036330573 1.5998775886267376 6.362127480360777 2.105506845301913 0.6081452944413871 1.6901056208558032 9.0105853565586589 0.33094048165549128 4.2628988016448686 4.9644399210870516 5.0000000000000009 7.5000000000000009 13.41346153846154 9.6723630868748547
decision_type=2 2 2 2 2 2 2 2 2 2 2 2 2 2
left_child=1 2 4 12 7 -6 -7 -1 -9 -10 -11 -12 -4 -14
right_child=-2 -3 3 -5 5 6 -8 8 9 10 11 -13 13 -15
leaf_value=-0.0023305119869493577 0.0048374912161707863 0.0044010083794587852 1.2837797829976515e-05 0.011294594103726453 -0.0019162418913823364 0.0044332516255767927 -0.0006478759455992866 -0.0019781840916814775 0.00074005431648610401 -0.0053450940587415931 0.010692963332135121 -0.0060709536275933892 -0.00038838473005919471 2.0900479552414807e-05
leaf_weight=186 107 48 413 20 113 22 59 19 55 29 27 25 59 17
leaf_count=186 107 48 413 20 113 22 59 19 55 29 27 25 59 17
internal_value=-0.000175 -0.00274474 -0.00384689 0.00194118 -0.00934701 -0.00276923 0.0054878 -0.0130702 -0.00788462 -0.00481752 -0.0113415 -0.00113208 0.000795918 -0.00779221
internal_weight=1199 1092 1044 509 535 194 81 341 155 136 81 52 489 76
internal_count=1199 1092 1044 509 535 194 81 341 155 136 81 52 489 76
is_linear=0
shrinkage=0.03


Tree=99
num_leaves=15
num_cat=0
split_feature=36 33 49 13 38 0 0 3 17 14 23 42 8 10
split_gain=85.2869 38.6094 16.5192 18.0329 12.9216 16.6831 41.2068 12.3597 11.7611 11.3212 8.71068 15.2048 9.79601 8.60279
threshold=12.152672509020409 5.3760699782657495 0.38907562519182187 0.92401960784313741 0.15037593984962408 7.5000000000000009 5.0000000000000009 6.0205783047701278 3.9963768115942035 0.50930185715166798 8.7153954372895139 9.7694604973534211 2.0968961151398995 0.69544786396199865
decision_type=2 2 2 2 2 2 2 2 2 2 2 2 2 2
left_child=1 2 3 4 5 6 -1 10 -8 -4 11 12 -3 -14
right_child=-2 7 9 -5 -6 -7 8 -9 -10 -11 -12 -13 13 -15
leaf_value=-0.0028892961860330899 0.0043118718851116932 -0.0007826661421967573 0.0042734500721068776 0.0017692283014707133 -0.0022716674736364033 -0.0028278593701819375 0.00955462444674938 0.023932811098611798 0.0001851081983805547 -0.00012848812039427669 -0.00014422596976087387 0.014423596731643562 5.7077882671855429e-05 -4.4037904935928518e-05
leaf_weight=76 89 72 32 74 204 49 33 23 35 19 69 27 253 127
leaf_count=76 89 72 32 74 204 49 33 23 35 19 69 27 253 127
internal_value=-0.000405748 -0.00271481 -0.00860421 -0.0103602 -0.0128894 -0.00726804 -0.00206897 0.00267483 0.0147826 0.0075 0.00174863 0.0031875 0.0018543 0.00377953
internal_weight=1182 1093 522 471 397 193 144 571 68 51 548 479 452 380
internal_count=1182 1093 522 471 397 193 144 571 68 51 548 479 452 380
is_linear=0
shrinkage=0.03


Tree=100
num_leaves=15
num_cat=0
split_feature=23 1 34 49 36 23 42 8 13 39 42 42 42 14
split_gain=79.9538 34.9172 19.225 14.202 14.2738 8.25356 10.8443 14.7582 7.75204 12.7897 8.9296 12.0651 7.31067 19.353
threshold=9.243862511686606 1.0602869656029252 20.98840434743121 1.1276362525516532 4.5205065469975949 8.5356866802570881 9.6585361225665896 2.0968961151398995 0.86259875987598778 2.9921875000000004 9.6585361225665896 8.6889498293263916 8.0774379228624138 0.37642368759177686
decision_type=2 2 2 2 2 2 2 2 2 2 2 2 2 2
left_child=1 -1 3 4 8 6 7 -6 9 10 11 -3 13 -9
right_child=-2 2 -4 -5 5 -7 -8 12 -10 -11 -12 -13 -14 -15
leaf_value=-0.0018283707775786917 0.0044936090589416449 -0.0014899669877261712 0.01073781740297357 0.0066374735830598726 -0.00093578945519451752 -0.00013989919066804911 0.012284193711663276 0.0030411654780797617 0.00044853927043243103 -0.0032814247106370091 -0.0021384061673172636 0.0024274859676816267 -2.2629282234751801e-05 1.6811915335345208e-05
leaf_weight=129 121 112 23 43 76 73 27 62 83 50 18 18 157 196
leaf_count=129 121 112 23 43 76 73 27 62 83 50 18 18 157 196
internal_value=0.000353238 -0.00227528 -0.000255591 -0.000949782 -0.00178694 0.000861486 0.00219653 0.00115854 -0.00734043 -0.0105528 -0.00604027 -0.00320611 0.00338942 0.00648649
internal_weight=1188 1067 938 915 872 591 518 491 281 198 148 130 415 258
internal_count=1188 1067 938 915 872 591 518 491 281 198 148 130 415 258
is_linear=0
shrinkage=0.03


Tree=101
num_leaves=15
num_cat=0
split_feature=23 33 13 50 24 38 23 10 22 29 33 8 13 24
split_gain=87.4895 32.6608 15.1155 16.6502 13.6855 13.6058 9.2657 25.1961 9.13552 10.7234 10.1749 10.2024 8.29511 7.36918
threshold=9.2859729523225152 5.5947895371610992 0.86259875987598778 3.1611329118964844 0.99942213424906978 0.15037593984962408 8.1709688440659622 0.69578640030695593 9.5394804728547111 12.837551020408165 6.3450677387092895 2.1020871330367603 0.58089619231634593 0.68402619778236717
decision_type=2 2 2 2 2 2 2 2 2 2 2 2 2 2
left_child=1 2 3 5 6 -1 8 12 9 10 -3 -12 -8 -13
right_child=-2 4 -4 -5 -6 -7 7 -9 -10 -11 11 13 -14 -15
leaf_value=-0.001515792248310393 0.0046240033094512301 0.0026348568744218401 0.00051485177278235003 0.0016439749111429268 0.013603979582004266 -0.0020867887895332205 0.00010862563800267955 0.00079417415566180422 0.0016420700004233602 -0.00021397468322285424 -0.0019375748376714796 0.00037397672719226115 -0.00035973943670886019 1.0354376632734917e-05
leaf_weight=192 103 21 106 40 30 194 26 17 67 82 26 21 58 216
leaf_count=192 103 21 106 40 30 194 26 17 67 82 26 21 58 216
internal_value=-0.000625 -0.00311759 -0.00844278 -0.0109602 0.0019115 -0.0128682 0.000785047 -0.00735294 0.00269585 0.000817439 0.00357895 0.00193182 -0.0141176 0.00390756
internal_weight=1199 1096 532 426 564 386 534 101 433 366 284 263 84 237
internal_count=1199 1096 532 426 564 386 534 101 433 366 284 263 84 237
is_linear=0
shrinkage=0.03


Tree=102
num_leaves=15
num_cat=0
split_feature=36 36 13 22 23 34 43 50 14 10 15 0 0 38
split_gain=85.3297 38.035 22.2412 13.5418 11.7859 18.8442 10.4267 13.1361 11.1499 9.64329 14.0301 14.7735 30.3983 36.1789
threshold=12.181235323574375 5.20100379593943 0.14687222616184184 9.6308950881399564 8.3265946332991572 13.69258668609365 0.38907562519182187 3.1611329118964844 0.50930185715166798 0.43913184994510662 0.0035353694411826911 5.0000000000000009 7.5000000000000009 0.10199052739375321
decision_type=2 2 2 2 2 2 2 2 2 2 2 2 2 2
left_child=1 6 3 -3 -4 -6 -1 9 -9 10 11 -8 13 -13
right_child=-2 2 4 -5 5 -7 7 8 -10 -11 -12 12 -14 -15
leaf_value=0.00012865936973936121 0.004289481952080538 -1.0664687264316241e-05 1.1376217863121596e-05 0.019284212846821774 -0.0003391986060395602 0.0011773686274290983 -0.0029627037792756272 0.0031328690763842725 -0.00022209031370740151 -0.0019203749336970527 0.0024084534721154358 0.0068773318235775573 -0.0023582982836297026 -0.0025481717794009328
leaf_weight=85 87 32 435 57 88 14.999999999999998 90 37 21 86 29 41 71 40
leaf_count=85 87 32 435 57 88 15 90 37 21 86 29 41 71 40
internal_value=-0.000839506 -0.00305851 0.00186306 0.0156667 -0.000445269 -0.00951923 -0.00922156 -0.0111779 0.0020339 -0.013324 -0.0104779 -0.0128395 -0.00705882 0.0054878
internal_weight=1214 1127 627 89 538 103 500 415 58 357 271 242 152 81
internal_count=1214 1127 627 89 538 103 500 415 58 357 271 242 152 81
is_linear=0
shrinkage=0.03


Tree=103
num_leaves=15
num_cat=0
split_feature=36 33 13 13 10 22 49 12 24 24 42 12 31 9
split_gain=91.5 33.3312 26.5947 17.2749 13.5125 13.4365 12.2918 11.9518 10.6663 12.6779 14.0507 13.0717 15.1559 12.0787
threshold=12.181235323574375 5.3760699782657495 0.86259875987598778 0.14687222616184184 0.40376984126984133 9.6308950881399564 0.88907562519182193 0.60731035127055322 0.52927805055464638 0.89751769553963379 7.4848298600045071 0.16452903818999928 2.5000000000000004 1.5128467566594119
decision_type=2 2 2 2 2 2 2 2 2 2 2 2 2 2
left_child=1 2 4 5 6 -3 -1 8 -5 11 13 12 -10 -11
right_child=-2 3 -4 7 -6 -7 -8 -9 9 10 -12 -13 -14 -15
leaf_value=-0.0019022189673272071 0.0060974346566803556 -0.00061170551737402322 0.0019656149590222805 -0.00084561894499279866 -0.0018209497465312761 0.017632697940903514 0.0030854463275466963 0.018994573556045696 0.00056189431721611889 4.2308631436308448e-05 -0.00026124012001509599 0.00072224625214343694 -6.8017953322391244e-06 -0.00062001201011859127
leaf_weight=277 88 30 95 41 116 49 21 14.999999999999998 15.999999999999998 145 130 28 94 30
leaf_count=277 88 30 95 41 116 49 21 15 16 145 130 28 94 30
internal_value=-0.00160714 -0.00399816 -0.00958824 0.000932642 -0.0128675 0.013875 -0.00943144 -0.00114 -0.00197938 -0.000608108 -0.00401961 0.00690647 0.00216216 0.00153409
internal_weight=1175 1087 509 578 414 79 298 499 484 443 305 138 110 175
internal_count=1175 1087 509 578 414 79 298 499 484 443 305 138 110 175
is_linear=0
shrinkage=0.03


Tree=104
num_leaves=15
num_cat=0
split_feature=33 36 13 24 44 5 28 42 24 39 19 17 23 23
split_gain=82.4904 39.043 15.4891 15.1713 13.3932 12.323 10.069 11.4619 12.8045 11.4124 15.5294 9.96799 8.55082 18.4012
threshold=11.476489950255978 5.6425845827043606 0.91728353692590459 0.57647292835825981 0.38907562519182187 5.5449741411904823 49.000000000000007 7.1344629766724639 0.68402619778236717 3.175109443402127 0.5803225806451614 2.2192192192192199 6.792616846095977 5.5792316181851573
decision_type=2 2 2 2 2 2 2 2 2 2 2 2 2 2
left_child=1 2 4 11 12 6 7 9 -9 10 -5 -3 13 -1
right_child=-2 3 -4 5 -6 -7 -8 8 -10 -11 -12 -13 -14 -15
leaf_value=-0.001705363375150688 0.0040757750828612901 0.00019475893605978232 0.0018058718696702561 -0.00017594059724961822 0.00035058706928224381 0.029291181274891408 0.0083546612368470101 0.00028117008811957942 -3.3293668857481419e-05 9.2429608251612942e-05 0.00043018887940970177 -0.00087489439860860964 -0.010373547218371746 0.00032155087666962511
leaf_weight=292 92 19 84 48 41 21 17 22 327 76 15.999999999999998 34 49 53
leaf_count=292 92 19 84 48 41 21 17 22 327 76 16 34 49 53
internal_value=-0.00067953 -0.00297273 -0.00894231 0.00237522 -0.0112156 0.00392045 0.00295858 0.00214286 -0.000771429 0.0093617 0 -0.0127778 -0.0129114 -0.011185
internal_weight=1191 1099 519 580 435 527 506 489 349 140 64 53 394 345
internal_count=1191 1099 519 580 435 527 506 489 349 140 64 53 394 345
is_linear=0
shrinkage=0.03


Tree=105
num_leaves=15
num_cat=0
split_feature=36 36 5 14 49 12 22 28 22 42 39 22 42 14
split_gain=96.0563 30.6562 19.0197 18.5461 14.8845 14.0849 15.9166 15.8498 14.6698 11.1701 10.1838 10.8844 12.2051 9.57227
threshold=12.181235323574375 3.8103401501743535 5.5449741411904823 0.75758774453394728 2.5376603156764395 0.61852212485123892 10.913463336230757 20.500000000000004 6.4004695900463355 7.1344629766724639 3.1918367346938781 7.6052603798408658 7.8655206237700037 0.39963803615080051
decision_type=2 2 2 2 2 2 2 2 2 2 2 2 2 2
left_child=1 3 4 -1 5 6 8 -8 -3 -10 -11 -12 13 -13
right_child=-2 2 -4 -5 -6 -7 7 -9 9 10 11 12 -14 -15
leaf_value=-0.0015574950723819512 0.0038195380070569704 -0.0066537637925836229 0.022345936233224756 0.0011967285642536804 0.035760355727775091 0.0080081647708643358 -0.00029318640469452759 0.0016418259658839739 7.7664961708114464e-05 2.3514081109998752e-05 -0.0010675838885219929 0.0021444816650054111 -0.00023178684880531319 -0.00048945472544786373
leaf_weight=330 90 29 23 58 18 63 101 15.999999999999998 151 113 18 38 113 23
leaf_count=330 90 29 23 58 18 63 101 16 151 113 18 38 113 23
internal_value=-0.00126582 -0.00372603 0 -0.0104884 -0.000921053 -0.00166667 -0.00308458 -0.0129661 -0.000679012 0.000656455 -0.00264706 -0.00683938 -0.00445714 0.00629032
internal_weight=1184 1094 706 388 683 665 602 117 485 456 305 192 174 61
internal_count=1184 1094 706 388 683 665 602 117 485 456 305 192 174 61
is_linear=0
shrinkage=0.03


Tree=106
num_leaves=15
num_cat=0
split_feature=36 36 13 13 22 10 12 0 11 19 0 38 38 22
split_gain=81.6405 27.3125 18.1344 13.3801 13.1515 10.2565 9.75715 9.60063 13.8855 12.1654 20.7276 15.282 12.7943 8.11374
threshold=12.181235323574375 5.20100379593943 0.14687222616184184 0.99311079582980388 9.6308950881399564 0.43913184994510662 0.60731035127055322 7.5000000000000009 0.19407834990869791 0.33200231399827868 5.0000000000000009 0.073905723905723919 0.12384453781512607 11.878741663199113
decision_type=2 2 2 2 2 2 2 2 2 2 2 2 2 2
left_child=1 3 4 5 -3 7 13 9 -9 -1 11 -11 -12 -4
right_child=-2 2 6 -5 -6 -7 -8 8 -10 10 12 -13 -14 -15
leaf_value=-0.0014253310431823429 0.0040135274970332447 -0.00060398071418581189 -1.2866085277307704e-05 0.004874262991783649 0.014907471757649402 -0.0015083404102710883 0.011136387612674143 -0.0021486926566998215 0.0022244825839225213 -0.0039552520368225999 0.0093293000095360998 0.00097529972476035677 -0.0020697248363236707 -0.00053084455948660737
leaf_weight=153 79 30 487 39 53 117 19 72 17 30 37 17 17 29
leaf_count=153 79 30 487 39 53 117 19 72 17 30 37 17 17 29
internal_value=-0.00115288 -0.00324687 0.000969305 -0.00846 0.0139286 -0.00989154 -0.00106343 -0.00723837 -0.0156667 -0.00423529 0.00382353 -0.010625 0.0163636 -0.00185687
internal_weight=1196 1117 618 499 83 460 535 343 89 254 101 47 54 516
internal_count=1196 1117 618 499 83 460 535 343 89 254 101 47 54 516
is_linear=0
shrinkage=0.03


Tree=107
num_leaves=15
num_cat=0
split_feature=36 36 5 14 49 23 10 4 42 19 29 21 23 36
split_gain=92.1679 21.5358 17.341 14.3032 14.2471 13.5253 25.0198 11.6766 10.9981 9.58344 10.4739 9.02581 13.4017 15.7614
threshold=12.181235323574375 3.8103401501743535 5.5449741411904823 0.66797158234074649 2.5376603156764395 8.3265946332991572 0.69578640030695593 1.2988475929627563 9.8179155038493597 0.32930884904569119 0.3636363636363637 1.616396116057135 5.7824595598634216 7.1910983972391582
decision_type=2 2 2 2 2 2 2 2 2 2 2 2 2 2
left_child=1 3 4 9 5 8 -7 -5 11 -1 -11 -3 -13 -14
right_child=-2 2 -4 7 -6 6 -8 -9 -10 10 -12 12 13 -15
leaf_value=-0.0015002531485963533 0.0038931216721222483 -0.0033372370491934864 0.027447179568472806 -0.0021383250602051308 0.028462091218849139 -0.00038884801572770962 0.00066549049825229459 0.0019054772535536677 0.01328398986083237 6.3105557678471151e-05 -0.0018225223315313016 0.0015279880796193472 -0.0039811756092109126 1.1633635515035933e-05
leaf_weight=151 89 68 22 23 18 90 17 71 31 78 64 64 68 367
leaf_count=151 89 68 22 23 18 90 17 71 31 78 64 64 68 367
internal_value=-0.000220949 -0.00254192 0.000442359 -0.0082732 -0.000372928 -0.00106232 -0.0108333 0.00189474 0.000701169 -0.0115306 -0.00587413 -0.000264085 0.00114 -0.000756881
internal_weight=1221 1132 745 387 723 705 107 94 598 293 142 567 499 435
internal_count=1221 1132 745 387 723 705 107 94 598 293 142 567 499 435
is_linear=0
shrinkage=0.03


Tree=108
num_leaves=15
num_cat=0
split_feature=36 36 5 16 23 42 8 42 12 22 51 33 23 51
split_gain=74.764 36.9566 17.6689 11.1028 9.54155 17.0695 11.1359 15.4216 10.6411 19.0649 8.37077 7.19036 18.7637 12.7135
threshold=12.181235323574375 3.3115357000197809 5.5135576755011533 0.29443268775339054 9.1890559500451783 9.9130813529215018 2.0968961151398995 8.2406764806618025 0.16440070242957763 9.8983193761396713 2.997035777525753 7.2010785859385829 6.6037393483696887 5.5522034161713236
decision_type=2 2 2 2 2 2 2 2 2 2 2 2 2 2
left_child=1 10 3 4 5 6 -3 11 9 -9 -1 12 13 -8
right_child=-2 2 -4 -5 -6 -7 7 8 -10 -11 -12 -13 -14 -15
leaf_value=-0.0014563395026465985 0.0035038155860454934 -0.0010934108397426456 0.020290787830379416 0.0033486891533391168 -0.00031001406750299495 0.0010767239236706104 6.2387960535487116e-06 8.2885415650135733e-05 -0.00031795859930447309 -0.00021378212339496881 -0.0012816107368536205 5.2876487751553522e-05 -0.0042155333452527409 0.0010525926509240501
leaf_weight=60 77 119 29 24 30 75 184 23 122 28 266 108 24 33
leaf_count=60 77 119 29 24 30 75 184 23 122 28 266 108 24 33
internal_value=-0.00109726 -0.00306394 0.0004125 -0.000466926 -0.0011245 -0.00041841 -0.00200935 -0.000114723 -0.00741379 0.00403846 -0.0115596 0.00351429 0.000619835 0.00344037
internal_weight=1202 1125 799 770 746 716 641 522 173 51 326 349 241 217
internal_count=1202 1125 799 770 746 716 641 522 173 51 326 349 241 217
is_linear=0
shrinkage=0.03


Tree=109
num_leaves=15
num_cat=0
split_feature=41 36 38 49 11 5 24 11 16 30 38 36 17 24
split_gain=74.7277 31.8136 15.7364 24.0584 18.84 12.4959 10.2922 10.6577 8.23826 10.3112 13.7382 8.67002 7.30586 7.25283
threshold=10.105509426281191 5.6425845827043606 0.10199052739375321 0.38907562519182187 0.28932843927025892 5.5449741411904823 0.52927805055464638 0.1619838273109325 0.29443268775339054 0.62000000000000011 0.19345238095238099 7.1910983972391582 4.0869514650960612 0.96155295117400674
decision_type=2 2 2 2 2 2 2 2 2 2 2 2 2 2
left_child=1 2 -1 4 -4 6 7 -3 9 -8 11 -11 13 -13
right_child=-2 5 3 -5 -6 -7 8 -9 -10 10 -12 12 -14 -15
leaf_value=-0.00016327611530495223 0.0055388321151682261 -0.00081651369039850567 -0.0016448695505260824 0.000696992139065335 0.0069750177799935307 0.020243805106820761 -0.0013593224851303114 4.0596180715223583e-05 0.035465685528684232 -0.0024991206599841594 0.0031845073169691962 1.1872348975681124e-05 -6.7662691661771738e-05 7.5138377340064059e-05
leaf_weight=206 87 22 246 26 32 27 67 24 14.999999999999998 17 62 265 55 38
leaf_count=206 87 22 246 26 32 27 67 24 15 17 62 265 55 38
internal_value=0.000327731 -0.0017951 -0.00727984 -0.0116066 -0.0141935 0.00293423 0.00196113 -0.0114894 0.00317308 0.00249505 0.00417808 0.00199468 0.00300836 0.00483553
internal_weight=1189 1102 510 304 278 592 565 46 519 504 437 375 358 303
internal_count=1189 1102 510 304 278 592 565 46 519 504 437 375 358 303
is_linear=0
shrinkage=0.03


Tree=110
num_leaves=15
num_cat=0
split_feature=36 36 13 38 0 44 13 0 39 38 22 40 29 12
split_gain=63.8454 27.5544 20.0152 16.0811 15.8914 14.8326 14.7456 14.2691 19.3299 18.1659 14.0561 8.74794 8.12012 7.94352
threshold=12.204832159142589 5.3123367756404916 0.86259875987598778 0.28388278388278393 7.5000000000000009 0.38907562519182187 0.14687222616184184 5.0000000000000009 3.6656862745098047 0.081013584117032397 9.6308950881399564 0.81162464519895028 0.187061095505618 0.61852212485123892
decision_type=2 2 2 2 2 2 2 2 2 2 2 2 2 2
left_child=1 2 3 4 7 -5 10 8 12 -9 -3 -11 -1 -8
right_child=-2 6 -4 5 -6 -7 13 9 -10 11 -12 -13 -14 -15
leaf_value=-0.00096554134008545675 0.0053617666542766515 -0.00016123377597498378 0.00085112314551715677 -0.0018790042793641758 -0.0018914029270965744 0.00044768991288666234 -1.2889170985832531e-05 0.0063932034420845288 0.0027224683400106663 0.0020219922072560337 0.016074294989268406 -0.0051404549651871629 -0.0049136735147741022 0.011207253353068772
leaf_weight=44 69 35 102 137 62 14.999999999999998 526 50 14.999999999999998 17 46 24 36 18
leaf_count=44 69 35 102 137 62 15 526 50 15 17 46 24 36 18
internal_value=-0.000802005 -0.0025266 -0.00775348 -0.0107731 -0.0060241 -0.0184314 0.00167732 -0.00160428 -0.0096875 0.00684783 0.0135366 -0.00785714 -0.0155556 -0.000110092
internal_weight=1196 1127 502 400 248 152 625 186 95 91 81 41 80 544
internal_count=1196 1127 502 400 248 152 625 186 95 91 81 41 80 544
is_linear=0
shrinkage=0.03


Tree=111
num_leaves=15
num_cat=0
split_feature=36 36 49 4 28 9 11 42 24 28 11 34 23 42
split_gain=74.6186 26.149 14.7051 13.1158 12.3109 10.5319 9.6296 7.20034 17.477 12.1662 12.3779 10.668 11.2414 9.71302
threshold=12.204832159142589 3.8103401501743535 2.5376603156764395 5.7706156338527927 49.000000000000007 0.46601803052222862 0.1652028151460149 6.9027814505613252 0.92409607623032985 12.500000000000002 0.1619838273109325 11.098837926051877 6.4380652979264861 7.4848298600045071
decision_type=2 2 2 2 2 2 2 2 2 2 2 2 2 2
left_child=1 5 3 4 7 -1 -7 8 -3 10 13 -11 -13 -9
right_child=-2 2 -4 -5 -6 6 -8 9 -10 11 -12 12 -14 -15
leaf_value=-0.0012244961995061554 0.0033701522220006461 -7.7251185742337671e-05 0.032930624991430055 0.0092523036108734889 0.0062228424760270651 0.00011732228009999901 -0.0012467424617986212 0.00021197506176012015 0.0024166291224101441 4.8179690741441124e-05 9.1770145527838082e-05 -0.00023998606383168958 9.6980228415283202e-06 -0.0019134357860466078
leaf_weight=157 73 50 20 24 15.999999999999998 116 110 41 23 77 84 60 223 126
leaf_count=157 73 50 20 24 16 116 110 41 23 77 84 60 223 126
internal_value=-0.000399667 -0.00231383 0.000966443 0.000248276 -0.000513552 -0.00867187 -0.00449339 -0.00113869 0.0077027 -0.00220588 -0.0072619 0.00132964 -0.00137324 -0.0119643
internal_weight=1200 1127 744 724 700 383 226 684 73 611 251 360 283 167
internal_count=1200 1127 744 724 700 383 226 684 73 611 251 360 283 167
is_linear=0
shrinkage=0.03


Tree=112
num_leaves=15
num_cat=0
split_feature=36 36 3 28 51 8 49 23 30 42 51 11 36 42
split_gain=63.3544 22.1247 15.8167 13.9235 11.0559 10.8112 10.7402 9.87646 18.8685 13.9342 12.7765 9.54747 9.1721 6.49976
threshold=12.181235323574375 3.0126222020748488 6.0205783047701278 49.000000000000007 2.997035777525753 1.4842414742769676 2.3119036551835941 8.3265946332991572 0.96717948717948732 9.9130813529215018 5.2243672893642703 0.17778304509182355 1.6626551858555307 8.7281667507216216
decision_type=2 2 2 2 2 2 2 2 2 2 2 2 2 2
left_child=1 4 3 6 -1 12 7 9 -9 11 -10 13 -6 -3
right_child=-2 2 -4 -5 5 -7 -8 8 10 -11 -12 -13 -14 -15
leaf_value=-0.0011484038041728194 0.00316825381683965 -1.4902127058309677e-05 0.021927450492081762 0.0068522828734813501 -0.0012678056238460778 -0.0011411376490379022 0.017782136090995746 -0.00082024654073544314 -0.00012858272486123033 0.013445247653343477 0.00036114711534561915 -0.0022262029961792407 0.0010601388252062412 0.0015903231337477698
leaf_weight=55 81 524 26 17 14.999999999999998 166 25 66 14.999999999999998 45 28 97 52 24
leaf_count=55 81 524 26 17 15 166 25 66 15 45 28 97 52 24
internal_value=-0.000970089 -0.00277682 -0.000380184 -0.00110451 -0.0099654 -0.00705128 -0.00167273 -0.0022875 -0.0106364 -0.000955137 0.00477273 -0.00208978 0.00308824 -0.000546448
internal_weight=1236 1155 867 841 288 233 824 799 109 690 43 645 67 548
internal_count=1236 1155 867 841 288 233 824 799 109 690 43 645 67 548
is_linear=0
shrinkage=0.03


Tree=113
num_leaves=15
num_cat=0
split_feature=33 51 13 42 33 23 51 32 24 5 7 19 13 22
split_gain=64.9494 22.4884 18.1499 13.8861 13.8984 11.2904 16.5772 11.2816 11.0566 14.5454 8.65729 9.40209 8.96351 12.1329
threshold=11.491132335566812 4.8326238472370076 0.036090463361351001 8.1344918668932049 7.2447708019232842 6.6037393483696887 5.4946950327376234 6.5000000000000009 0.80025252525252533 3.3488746127798046 2.7002707215061332 0.062250000000000007 0.58177517207255125 9.4477049506566804
decision_type=2 2 2 2 2 2 2 2 2 2 2 2 2 2
left_child=1 7 -3 4 5 6 8 -1 -4 -10 11 -5 -12 -14
right_child=-2 2 3 10 -6 -7 -8 -9 9 -11 12 -13 13 -15
leaf_value=-0.0010722802013421074 0.0047177865665617566 0.031772173929151659 -0.001749448755565527 -0.0044478703675671343 0.00022229394312052494 -0.0008250533616437994 0.00029360640989935959 0.011586984675999407 7.7979926512456932e-05 -0.00023688035819224962 -8.1914337484190196e-06 0.0014830226869322343 1.0644198695106687e-05 -0.00040025520371890001
leaf_weight=454 85 23 17 28 88 29 60 14.999999999999998 87 30 134 27 39 82
leaf_count=454 85 23 17 28 88 29 60 15 87 30 134 27 39 82
internal_value=-0.00105088 -0.00298923 0.000651163 -0.000337621 0.00413462 0.000133929 0.00276923 -0.00797872 -0.00311111 0.000254237 -0.00482315 0.00589286 -0.00714844 -0.0130328
internal_weight=1198 1113 644 621 311 223 194 469 134 117 310 55 255 121
internal_count=1198 1113 644 621 311 223 194 469 134 117 310 55 255 121
is_linear=0
shrinkage=0.03


Tree=114
num_leaves=15
num_cat=0
split_feature=36 36 49 38 11 5 23 10 30 19 33 4 11 13
split_gain=72.8852 28.7614 15.1648 16.0439 19.1965 12.6209 9.33857 25.0373 12.8621 7.98848 12.6565 12.5316 9.18487 7.64127
threshold=12.204832159142589 5.20100379593943 1.5998775886267376 0.16830065359477128 0.28932843927025892 5.5449741411904823 8.3265946332991572 0.70526439244522188 0.97498436522826781 0.58263027295285374 6.9303719320380699 3.6724387345543881 0.1211108769116092 0.23824856493112348
decision_type=2 2 2 2 2 2 2 2 2 2 2 2 2 2
left_child=1 2 3 -1 -5 6 8 13 -3 10 -10 -12 -13 -8
right_child=-2 5 -4 4 -6 -7 7 -9 9 -11 11 12 -14 -15
leaf_value=-0.00093890175370078702 0.0053215208376068898 6.5311333849500384e-05 0.0014046287898964269 -0.0014892604580604252 0.011156943969973824 0.018417403012340124 0.0015960128622911362 0.00059273954066979767 -0.00043170354265219989 3.922584882325074e-05 0.0011872815337814939 3.54800971047009e-05 -5.3347163952068287e-05 -0.00033850160066837052
leaf_weight=237 73 271 34 211 29 24 14.999999999999998 22 40 22 25 21 109 86
leaf_count=237 73 271 34 211 29 24 15 22 40 22 25 21 109 86
internal_value=-0.00169672 -0.00355711 -0.00884766 -0.0102301 -0.0156846 0.000707547 -0.000147059 -0.0075 0.00171779 -0.0037156 -0.00566327 -0.00173077 -0.00549618 -0.0138235
internal_weight=1219 1146 511 477 240 635 611 123 488 217 195 155 130 101
internal_count=1219 1146 511 477 240 635 611 123 488 217 195 155 130 101
is_linear=0
shrinkage=0.03


Tree=115
num_leaves=15
num_cat=0
split_feature=36 33 49 11 38 51 38 10 0 0 43 43 39 14
split_gain=71.8227 28.3215 12.0862 12.9503 18.6629 8.97098 9.74577 13.3267 8.95212 16.9344 22.0674 20.9593 11.6675 7.61245
threshold=12.204832159142589 4.9568083236482625 0.38907562519182187 0.28932843927025892 0.15037593984962408 7.1128672074631698 0.51203277009728632 0.16903647611676811 5.0000000000000009 7.5000000000000009 1.3105881408875177 1.2172844520170996 2.9921875000000004 0.399654739770538
decision_type=2 2 2 2 2 2 2 2 2 2 2 2 2 2
left_child=1 2 3 4 8 6 13 -8 12 10 -10 -11 -1 -3
right_child=-2 5 -4 -5 -6 -7 7 -9 9 11 -12 -13 -14 -15
leaf_value=-0.0025870617013443353 0.0043183955791473889 -2.3260947500175487e-06 0.00020149959101371627 0.0040277859000415169 -0.0013972937332851175 0.014512105939237503 -0.00038370350871780534 0.004050785971883227 -0.0051911789795262789 0.049426963931164622 0.0033930967520320542 -0.0020766199239084979 0.0021673998904795278 -0.00026520804475475444
leaf_weight=69 73 438 55 30 196 25 31 38 30 17 44 47 14.999999999999998 107
leaf_count=69 73 438 55 30 196 25 31 38 30 17 44 47 15 107
internal_value=-0.00229441 -0.00414698 -0.00946429 -0.0110913 -0.0124582 4.6875e-05 -0.000682927 0.00985714 -0.0064574 -0.00172662 0.008 -0.0129231 -0.0141176 -0.00203297
internal_weight=1215 1142 503 448 418 639 614 69 222 138 74 64 84 545
internal_count=1215 1142 503 448 418 639 614 69 222 138 74 64 84 545
is_linear=0
shrinkage=0.03


Tree=116
num_leaves=15
num_cat=0
split_feature=36 33 13 11 11 23 16 24 30 1 34 42 7 0
split_gain=56.9936 27.9612 12.8248 14.9286 10.0946 10.6933 10.9079 10.0094 8.28978 8.19743 8.47839 7.53476 7.11491 9.9308
threshold=12.204832159142589 4.9883060465492592 0.99311079582980388 0.28932843927025892 0.15097592681294944 6.792616846095977 0.074130364169232035 0.57647292835825981 0.89897959183673481 1.3890756251918221 25.526117617482036 8.0537255981043341 3.3919815024890334 5.0000000000000009
decision_type=2 2 2 2 2 2 2 2 2 2 2 2 2 2
left_child=1 2 3 4 5 6 12 8 -3 -9 -11 -8 13 -1
right_child=-2 7 -4 -5 -6 -7 11 9 -10 10 -12 -13 -14 -15
leaf_value=-0.0016108678372294017 0.0042870554770622783 9.6986936288306905e-05 0.0045000494066198358 0.0073936662501114126 -0.0011977724096697961 -0.0098475522113267589 -0.0010452156253613809 0.00017600861275180485 -0.000267782666359353 4.0315911559091195e-06 0.0055646903652943978 -0.00069901917984955815 0.0025956877598705586 0.00065689095964277077
leaf_weight=57 69 23 43 29 161 31 32 69 35 477 17 25 21 87
leaf_count=57 69 23 43 29 161 31 32 69 35 477 17 25 21 87
internal_value=-0.000968564 -0.00262635 -0.00800821 -0.00952703 -0.010988 -0.00720472 -0.00484305 0.00159164 -0.0101695 0.00281915 0.00145455 -0.0160345 -0.000903614 -0.00331034
internal_weight=1176 1107 486 443 414 253 222 621 58 563 494 57 165 144
internal_count=1176 1107 486 443 414 253 222 621 58 563 494 57 165 144
is_linear=0
shrinkage=0.03


Tree=117
num_leaves=15
num_cat=0
split_feature=36 36 49 38 0 42 49 42 0 19 36 17 24 12
split_gain=64.9318 28.9929 15.2771 11.1715 16.126 16.0292 10.0474 8.72845 7.4762 11.0829 7.20505 9.89265 14.4629 9.21176
threshold=12.208516960054693 3.8103401501743535 3.8067634141609057 0.0906926406926407 5.0000000000000009 10.23160014033569 0.38907562519182187 8.6889498293263916 7.5000000000000009 0.42252866439417419 7.4590938255226709 2.2192192192192199 0.62428007506633032 0.38534124749591708
decision_type=2 2 2 2 2 2 2 2 2 2 2 2 2 2
left_child=1 3 10 4 -1 7 -5 8 9 -6 -3 -12 -13 -14
right_child=-2 2 -4 6 5 -7 -8 -9 -10 -11 11 12 13 -15
leaf_value=-0.0020195234508413977 0.0049722152990327607 -0.00059866677903652515 0.030127580960660164 -0.0011273657883908161 -0.00020147544576779529 -0.0032557845084578208 0.00015115823451379641 0.0081224154064373378 -0.0018522101866025702 0.012664576384623587 0.00055544464060770175 -0.00014487376397287921 2.3863983003957756e-06 0.0097220101547188242
leaf_weight=60 70 251 15.999999999999998 203 24 15.999999999999998 20 28 22 27 25 24 381 52
leaf_count=60 70 251 16 203 24 16 20 28 22 27 25 24 381 52
internal_value=-0.00164754 -0.00336522 0.00012 -0.00987531 -0.00421348 0.00228814 -0.0143304 0.00676471 0.00121622 0.0075 -0.000531335 0.00161491 0.00058952 0.00186636
internal_weight=1219 1149 749 400 177 117 223 101 73 51 733 482 457 433
internal_count=1219 1149 749 400 177 117 223 101 73 51 733 482 457 433
is_linear=0
shrinkage=0.03


Tree=118
num_leaves=15
num_cat=0
split_feature=23 35 50 13 19 34 24 12 51 19 45 24 12 24
split_gain=57.9982 25.1496 18.1101 15.1523 13.4229 10.1319 12.42 11.925 9.69326 8.08916 7.78742 7.14381 10.0032 15.5077
threshold=9.3331840468616232 0.60767639998505119 4.5990791968379714 0.86259875987598778 0.054428109867366049 11.098837926051877 0.97418484604096867 0.16437033861934022 5.2410182181924041 0.58263027295285374 2.2813248361059588 0.89751769553963379 0.16440070242957763 0.90640664521883763
decision_type=2 2 2 2 2 2 2 2 2 2 2 2 2 2
left_child=1 2 3 -1 -3 8 7 -7 9 -6 -4 -9 -13 -14
right_child=-2 4 10 -5 5 6 -8 11 -10 -11 -12 12 13 -15
leaf_value=-0.0010483208733458149 0.004784278402821176 0.0074291949774577806 0.008209834307231852 0.00080135813083255492 -5.1868186378286602e-05 -0.00012796278669897812 -0.0016095726215029371 9.9799555565215358e-05 9.4320127070145467e-05 0.00018868835774034668 -0.00051860443449599722 6.8456688523383933e-05 -0.00028355022818487674 -6.6251238794251542e-07
leaf_weight=533 89 36 28 91 65 42 19 50 47 23 14.999999999999998 21 19 122
leaf_count=533 89 36 28 91 65 42 19 50 47 23 15 21 19 122
internal_value=-0.00149875 -0.0033723 -0.0070509 -0.008352 0.0021573 0.000586797 -0.00273723 -0.000941176 0.00727941 0.00134831 0.0115909 0.00197183 -0.00110429 -0.00401408
internal_weight=1200 1111 667 624 444 408 273 254 135 88 43 212 162 141
internal_count=1200 1111 667 624 444 408 273 254 135 88 43 212 162 141
is_linear=0
shrinkage=0.03


Tree=119
num_leaves=15
num_cat=0
split_feature=36 49 33 6 41 38 11 44 0 0 10 41 38 24
split_gain=55.5536 20.3359 18.5005 10.5279 8.70813 7.40036 9.9489 9.44933 7.86956 16.45 16.2396 10.6657 10.3251 7.263
threshold=12.218340579632946 3.8067634141609057 4.7363337589527665 1.0000000180025095e-35 5.2943619455684034 0.086717944802840036 0.28932843927025892 0.62763625255165312 5.0000000000000009 7.5000000000000009 0.31561863672103391 4.8130668977087838 0.047014790764790773 0.57647292835825981
decision_type=2 2 2 2 2 2 2 2 2 2 2 2 2 2
left_child=1 2 3 5 -4 8 7 -7 11 10 -10 -1 -11 -6
right_child=-2 -3 4 -5 13 6 -8 -9 9 12 -12 -13 -14 -15
leaf_value=0.00092481652898356102 0.0047182909252177427 0.030695400219995433 0.0063006014142133826 -0.0011964646842508996 -0.00019871145013177215 -0.0011821931432512789 0.005671481587290984 0.00015263798630036615 0.0080701847743222081 -0.0046614117869816464 -0.0017199568350069372 -0.0039688350164480092 0.035768556709531975 -6.8307252294702575e-07
leaf_weight=22 55 17 24 99 68 165 23 21 34 24 14.999999999999998 27 17 550
leaf_count=22 55 17 24 99 68 165 23 21 34 24 15 27 17 550
internal_value=-0.00183305 -0.00330623 -0.00382569 -0.00850446 -0.000559876 -0.00601719 -0.00957143 -0.0118717 -0.000642857 0.00461538 0.0162 -0.0102 -0.00928571 -0.0012601
internal_weight=1161 1106 1089 447 642 348 209 186 139 90 49 49 41 618
internal_count=1161 1106 1089 447 642 348 209 186 139 90 49 49 41 618
is_linear=0
shrinkage=0.03


Tree=120
num_leaves=15
num_cat=0
split_feature=36 36 5 38 0 0 43 43 16 11 42 11 36 11
split_gain=54.2672 26.7408 16.3829 9.46852 9.20803 14.361 15.5199 12.8175 8.36201 8.13372 7.23564 15.6504 14.5129 11.831
threshold=12.218340579632946 3.8103401501743535 5.5449741411904823 0.15037593984962408 5.0000000000000009 7.5000000000000009 1.1901056208558034 1.2172844520170996 0.3174692049272117 0.28250594458625583 7.1218100449778339 0.16655338498125374 7.8353892398131952 0.3162352583225852
decision_type=2 2 2 2 2 2 2 2 2 2 2 2 2 2
left_child=1 3 8 4 -1 7 -7 -6 10 -5 11 -3 13 -12
right_child=-2 2 -4 9 5 6 -8 -9 -10 -11 12 -13 -14 -15
leaf_value=-0.0013738394837103085 0.0046371526970339656 7.5902984996785707e-05 0.022430424004097886 -0.0010109109957475004 -0.0015971121932955412 0.038273648107754368 -0.0015697989125166055 0.0029662644229445931 0.0025160934965681027 0.00055499567832876455 -0.0014312445263406023 -0.0033057886496606491 1.7522620350907125e-06 0.0062484841070538548
leaf_weight=71 61 161 24 166 18 15.999999999999998 47 53 18 17 160 23 347 22
leaf_count=71 61 161 24 166 18 16 47 53 18 17 160 23 347 22
internal_value=-0.00169295 -0.00317308 0.000119048 -0.00956298 -0.00509709 -0.000444444 -0.0107812 0.00875 -0.000696721 -0.0145109 -0.00121849 0.00389189 -0.003 -0.00983607
internal_weight=1204 1143 755 388 205 134 63 71 731 183 713 184 529 182
internal_count=1204 1143 755 388 205 134 63 71 731 183 713 184 529 182
is_linear=0
shrinkage=0.03


Tree=121
num_leaves=15
num_cat=0
split_feature=36 36 49 14 24 0 7 16 35 17 22 42 5 0
split_gain=60.8968 32.4497 11.1784 12.1099 10.5905 9.43642 9.01643 8.36923 8.01629 10.0146 7.81894 9.288 17.8466 12.4956
threshold=12.223001467540156 6.5434454541542033 1.5998775886267376 0.98209900990099019 0.99921033306831752 5.0000000000000009 5.5383280884086625 0.0010836484065563159 0.56357392874583079 2.2192192192192199 1.8606991877607528 7.559964235332135 2.964730665611381 7.5000000000000009
decision_type=2 2 2 2 2 2 2 2 2 2 2 2 2 2
left_child=1 2 3 7 6 -4 8 10 9 -3 -1 12 13 -12
right_child=-2 4 5 -5 -6 -7 -8 -9 -10 -11 11 -13 -14 -15
leaf_value=-0.0009364374721525287 0.0046055553585545896 0.00062199834580714455 0.0062911405850947216 0.0022044328720271472 0.0083878714840180547 -0.00048273052555366288 0.021757511283974944 -0.0013647218952823515 6.0069351685987368e-06 -0.00066274793948515318 -0.00069962348730796039 -0.0024063242254148474 0.0040666473255099528 -0.0025334676569112717
leaf_weight=26 59 14.999999999999998 18 44 26 25 20 113 425 69 136 137 37 44
leaf_count=26 59 15 18 44 26 25 20 113 425 69 136 137 37 44
internal_value=-0.00195816 -0.00351232 -0.00846816 -0.00964684 0.00167266 0.00613636 0.000735849 -0.0109919 -5.88235e-05 -0.00847059 -0.0088189 -0.00760563 -0.0037156 -0.00762431
internal_weight=1194 1135 580 537 555 43 529 493 509 84 380 354 217 180
internal_count=1194 1135 580 537 555 43 529 493 509 84 380 354 217 180
is_linear=0
shrinkage=0.03


Tree=122
num_leaves=15
num_cat=0
split_feature=23 35 49 13 24 22 17 16 42 24 42 13 29 10
split_gain=45.2076 24.4931 21.4821 12.1667 11.2035 8.57911 15.6192 8.70223 9.28106 7.3705 15.5127 8.57001 8.11538 7.27762
threshold=9.3331840468616232 0.56357392874583079 3.8067634141609057 0.99734229953454145 0.99750470413268555 10.913463336230757 57.833333333333336 0.00027211199288663582 8.0117355340274514 0.96292478045055374 7.559964235332135 0.68384568612567931 0.07827715355805244 0.13224116079340101
decision_type=2 2 2 2 2 2 2 2 2 2 2 2 2 2
left_child=1 2 3 5 -3 6 7 9 -9 11 12 -1 -11 -7
right_child=-2 4 -4 -5 -6 13 -8 8 -10 10 -12 -13 -14 -15
leaf_value=-0.00079875436715486222 0.0042605503879725413 7.986521470653152e-06 0.029510321190945678 0.0044232425453928194 0.0064416891024908461 -0.005872072292705666 0.0068803662779862891 -0.0013852123070313377 0.00018769054412361041 -0.00066532238967443311 -0.007301998127505099 -0.00088085459724778761 0.0029088566052974741 -0.00019029436482042805
leaf_weight=246 94 423 14.999999999999998 42 25 48 19 74 26 24 22 60 33 56
leaf_count=246 94 423 15 42 25 48 19 74 26 24 22 60 33 56
internal_value=-0.000918874 -0.00261221 -0.00626126 -0.00709677 0.00280624 -0.00817734 -0.00653465 -0.00759259 -0.0154455 -0.00551813 0.002625 -0.00762215 0.0108621 -0.016
internal_weight=1207 1113 665 650 448 608 504 485 100 385 79 306 57 104
internal_count=1207 1113 665 650 448 608 504 485 100 385 79 306 57 104
is_linear=0
shrinkage=0.03


Tree=123
num_leaves=15
num_cat=0
split_feature=36 3 13 0 35 5 19 21 35 33 19 34 35 11
split_gain=48.5205 22.6106 16.1525 13.1117 18.0234 19.3638 18.0831 11.7322 12.1178 10.9988 19.1619 9.52925 7.23246 6.9144
threshold=12.230807873616749 4.0633143758719052 0.036090463361351001 5.0000000000000009 0.87526124273825778 3.3409167322038091 0.56503845354396187 2.2831979052176901 0.875345339988291 8.112209918509846 0.55777777777777793 15.786443596850214 0.26273944771539931 0.28932843927025892
decision_type=2 2 2 2 2 2 2 2 2 2 2 2 2 2
left_child=1 9 -3 7 5 -5 11 8 -4 13 12 -6 -11 -1
right_child=-2 2 3 4 6 -7 -8 -9 -10 10 -12 -13 -14 -15
leaf_value=-0.00074984029318470144 0.0066155338236557303 0.028625011555217312 2.7326758330665222e-05 0.00018430561473632421 -0.0002137794870054055 -0.00036495856952871274 7.3368255369417039e-05 0.0010011316781796298 -0.00048645050652839608 -0.00095003790281347311 -1.9777260007229347e-05 0.00010417857142863585 0.0031185317375829547 0.00064194724616978174
leaf_weight=565 52 23 48 23 25 109 33 85 18 14.999999999999998 90 38 36 26
leaf_count=565 52 23 48 23 25 109 33 85 18 15 90 38 36 26
internal_value=-0.0020219 -0.0033304 0.00238213 0.000868421 -0.00366812 -0.0108271 0.00618557 0.00769737 -0.00179104 -0.00646658 0.00105634 -0.00328125 0.0155769 -0.00826014
internal_weight=1186 1134 402 379 228 132 96 151 66 732 141 63 51 591
internal_count=1186 1134 402 379 228 132 96 151 66 732 141 63 51 591
is_linear=0
shrinkage=0.03


Tree=124
num_leaves=15
num_cat=0
split_feature=33 33 49 35 10 13 15 5 23 33 9 23 43 30
split_gain=58.0262 23.2178 12.5576 9.05452 9.26421 10.4338 9.42477 8.54779 10.7053 13.8416 8.40279 7.78464 7.65974 7.55371
threshold=11.536886558497221 3.1763668128876819 2.3119036551835941 0.81321741511500567 0.70526439244522188 0.58201560142638187 0.0040717690677966106 5.5242652890488495 8.3265946332991572 8.8438553918307736 0.46601803052222862 2.5670981195354368 0.87409401350310023 0.9439203354297695
decision_type=2 2 2 2 2 2 2 2 2 2 2 2 2 2
left_child=1 10 3 4 6 -6 7 8 9 -3 -1 -12 -13 -10
right_child=-2 2 -4 -5 5 -7 -8 -9 13 -11 11 12 -14 -15
leaf_value=-0.00083483955402278867 0.0082401545475324894 -0.00019064459095342214 0.027155688759595498 1.6403073133003931e-05 0.00061709712130209927 -0.0001449621856577732 0.0080718548392123193 0.013669539493014554 -0.00039732569989401776 0.0015400364106244173 0.00017171978589837876 0.0021904973180590591 -0.0011264142281770817 -1.7123984077362931e-05
leaf_weight=144 60 250 15.999999999999998 331 37 23 22 15.999999999999998 71 19 58 22 89 29
leaf_count=144 60 250 16 331 37 23 22 16 71 19 58 22 89 29
internal_value=-0.00194444 -0.00348404 -0.000809816 -0.00135169 -0.00403846 0.00688525 -0.00566176 -0.00676166 -0.0077027 -0.00455556 -0.010414 -0.00582353 -0.0104464 -0.0160396
internal_weight=1187 1127 814 798 467 60 407 385 369 269 313 169 111 100
internal_count=1187 1127 814 798 467 60 407 385 369 269 313 169 111 100
is_linear=0
shrinkage=0.03


Tree=125
num_leaves=15
num_cat=0
split_feature=36 36 49 38 44 3 0 43 0 41 41 34 23 43
split_gain=44.9965 28.8358 14.8919 11.2086 9.15859 8.82453 7.7858 12.384 9.14056 13.9828 9.53546 7.29125 8.94992 10.5876
threshold=12.230807873616749 3.8103401501743535 3.8067634141609057 0.15037593984962408 1.0000000180025095e-35 6.2419784053322624 7.5000000000000009 1.1901056208558034 5.0000000000000009 4.8905167942863743 4.8130668977087838 1.8135867079722356 6.792616846095977 1.0000000180025095e-35
decision_type=2 2 2 2 2 2 2 2 2 2 2 2 2 2
left_child=1 3 5 6 -5 11 8 -8 10 -10 -1 12 13 -3
right_child=-2 2 -4 4 -6 -7 7 -9 9 -11 -12 -13 -14 -15
leaf_value=5.831862502197672e-05 0.0070740179500469492 0.0027345736640332985 0.027548541379622021 -0.00095426402064637374 5.3144607586769198e-05 0.01939282714918333 0.039811183681511611 -0.0012698170888803127 -0.00021880681289709601 0.0058231847837286093 -0.0021163165194066479 5.3187588867487085e-06 -0.0073677128803208156 -0.0027498712426450704
leaf_weight=34 50 19 15.999999999999998 162 19 19 14.999999999999998 45 44 28 41 569 75 66
leaf_count=34 50 19 16 162 19 19 15 45 44 28 41 569 75 66
internal_value=-0.00169576 -0.00291414 0.000470588 -0.00956298 -0.015 -0.000160214 -0.00475962 -0.0137705 -0.00101351 0.00657534 -0.00828947 -0.00069863 -0.0063354 0.000348837
internal_weight=1202 1152 764 388 181 748 207 60 147 72 75 729 160 85
internal_count=1202 1152 764 388 181 748 207 60 147 72 75 729 160 85
is_linear=0
shrinkage=0.03


Tree=126
num_leaves=15
num_cat=0
split_feature=36 36 21 36 33 49 11 38 0 0 39 19 22 24
split_gain=44.7908 19.118 12.564 10.0776 12.3012 11.5841 11.1515 13.9485 13.9585 35.5098 18.7936 11.7412 11.7126 9.29987
threshold=12.240486493242107 1.6626551858555307 5.4298357368172434 6.9198941136955954 11.50774884136599 0.88907562519182193 0.28860464005224545 0.10199052739375321 7.5000000000000009 5.0000000000000009 2.9921875000000004 0.31698564593301443 8.5948701659186728 0.97943002924522438
decision_type=2 2 2 2 2 2 2 2 2 2 2 2 2 2
left_child=1 -1 3 5 -5 6 7 8 9 10 -3 -9 -11 -14
right_child=-2 2 -4 4 -6 -7 -8 11 -10 12 -12 -13 13 -15
leaf_value=-0.00082285405176064192 0.0046748600793922179 -0.0025828583231355682 0.02623210537857364 8.2879195639595772e-06 -0.00015349165667650764 0.0018640979745613588 0.0050329249431034602 -0.0019511144917691335 -0.0023780628683042885 0.010186851669348433 0.001773592527789125 -0.00057639584784181016 -0.0008344742479613332 0.0046832110030637277
leaf_weight=49 50 58 14.999999999999998 504 25 48 29 157 54 41 25 82 14.999999999999998 17
leaf_count=49 50 58 15 504 25 48 29 157 54 41 25 82 15 17
internal_value=-0.00161538 -0.00286607 -0.00201681 -0.00241477 0.000509434 -0.00535104 -0.00676409 -0.00793333 -0.00227488 0.00229299 -0.0110714 -0.012875 0.0174324 0.00363636
internal_weight=1169 1119 1070 1055 529 526 478 449 210 156 83 239 73 32
internal_count=1169 1119 1070 1055 529 526 478 449 210 156 83 239 73 32
is_linear=0
shrinkage=0.03


Tree=127
num_leaves=15
num_cat=0
split_feature=36 33 41 38 11 49 35 11 24 4 38 22 11 22
split_gain=41.7127 19.4841 12.928 9.5017 11.3794 10.5384 7.52273 19.9975 10.2618 12.0588 10.9303 10.3064 8.68694 8.31505
threshold=12.240486493242107 4.9568083236482625 5.2943619455684034 0.10199052739375321 0.28932843927025892 0.38907562519182187 0.062498164847895117 0.062007273469433084 0.51201575138356759 4.0465273912706214 0.19345238095238099 6.9126929697943771 0.15693448441884797 10.913463336230757
decision_type=2 2 2 2 2 2 2 2 2 2 2 2 2 2
left_child=1 3 -3 -1 5 -5 12 -8 -9 10 11 -10 -4 -11
right_child=-2 2 6 4 -6 -7 7 8 9 13 -12 -13 -14 -15
leaf_value=-0.00047485980104523373 0.0058182801724724871 0.020731166780099879 -0.0043406577976200554 -0.00094717057972232949 0.0030487539799586233 0.00023554312959304455 0.0084627895276704196 -0.00016080954265343172 -0.002531475243759481 -7.3906379822682993e-06 0.0024132727525811247 2.4518773630780587e-05 0.00029888435616410967 -0.00013303151737158457
leaf_weight=204 47 27 71 214 32 26 32 18 14.999999999999998 166 27 213 39 53
leaf_count=204 47 27 71 214 32 26 32 18 15 166 27 213 39 53
internal_value=-0.00177215 -0.00292619 0.000407855 -0.00754717 -0.0112088 -0.013444 -0.000472441 0.00102857 -0.000486815 0.000378947 0.00480469 0.00262009 -0.00756757 -0.00477273
internal_weight=1184 1137 661 476 272 240 634 524 492 474 255 228 110 219
internal_count=1184 1137 661 476 272 240 634 524 492 474 255 228 110 219
is_linear=0
shrinkage=0.03


Tree=128
num_leaves=15
num_cat=0
split_feature=33 35 8 49 1 22 34 17 12 13 42 38 8 14
split_gain=41.5072 18.016 17.1216 11.4278 11.6624 9.29279 11.2996 8.91842 12.4661 8.37912 9.75844 8.35636 8.01608 7.92358
threshold=11.541442262113337 0.87523571315396642 5.5953188407636612 1.7877093956071803 0.92866624821563437 9.2610102737604123 11.098837926051877 3.5348813550700684 0.16442314435384814 0.65833476757576659 6.6086456498027877 0.073905723905723919 2.105506845301913 0.15106480086763097
decision_type=2 2 2 2 2 2 2 2 2 2 2 2 2 2
left_child=1 2 3 4 -1 6 -3 -7 -9 10 11 -6 -5 -10
right_child=-2 5 -4 12 9 7 -8 8 13 -11 -12 -13 -14 -15
leaf_value=-0.0008374439728366423 0.0074003676716104484 0.00010008544895393614 0.02487443047387284 -0.00051814300619787814 -0.00081306131262231954 5.8517696582496277e-05 -6.0055932982479854e-05 -0.00016563549001171184 -0.00024929330282622562 0.00065007121452691045 -0.00017920151351631167 0.0015847195412830896 0.017362407772902003 0.00083795855125752268
leaf_weight=106 50 46 15.999999999999998 18 37 19 115 22 22 141 482 30 17 50
leaf_count=106 50 46 16 18 37 19 115 22 22 141 482 30 17 50
internal_value=-0.00176621 -0.00296791 -0.00512972 -0.00573317 -0.00647428 0.00370909 -0.000925926 0.0102632 0.00631579 -0.00503618 -0.00670909 0.00397059 0.0108333 0.0123288
internal_weight=1171 1121 847 831 796 274 161 113 94 690 549 67 35 72
internal_count=1171 1121 847 831 796 274 161 113 94 690 549 67 35 72
is_linear=0
shrinkage=0.03


Tree=129
num_leaves=15
num_cat=0
split_feature=33 49 36 12 11 38 36 3 33 30 35 49 0 0
split_gain=40.1945 19.8811 14.9498 12.4261 11.9681 16.4888 9.89599 13.1244 8.48279 12.9145 8.91972 8.37365 8.09898 21.8741
threshold=11.541442262113337 3.8067634141609057 6.6522475889436965 0.38703495816759742 0.28754050401478998 0.10199052739375321 8.2178805007639326 4.3950277462276448 8.8706636287484297 0.97498436522826781 0.062498164847895117 0.38907562519182187 7.5000000000000009 5.0000000000000009
decision_type=2 2 2 2 2 2 2 2 2 2 2 2 2 2
left_child=1 2 4 8 5 12 7 -5 9 10 -4 -7 13 -1
right_child=-2 -3 3 6 -6 11 -8 -9 -10 -11 -12 -13 -14 -15
leaf_value=-0.00098902011866975454 0.0054208373963144261 0.024926404128557376 -0.0011433735933701755 -0.00064990914961553454 0.0013255808385912548 -0.0009638621686562487 0.01007807599161906 0.024073810254688188 -6.3232645799538026e-05 -4.0219082799614057e-05 4.3671715684976407e-05 0.00018452863395667331 -0.0020321423370050998 0.0025142698822599144
leaf_weight=99 52 17 20 20 40 253 29 15.999999999999998 152 169 147 30 60 84
leaf_count=99 52 17 20 20 40 253 29 16 152 169 147 30 60 84
internal_value=-0.00176619 -0.00295515 -0.00345536 5.41516e-05 -0.00687831 -0.00808349 0.0122727 0.00162162 -0.00159509 0.00106825 0.00696429 -0.012993 -0.00233607 0.000815217
internal_weight=1188 1136 1119 553 566 526 65 36 488 336 167 283 243 183
internal_count=1188 1136 1119 553 566 526 65 36 488 336 167 283 243 183
is_linear=0
shrinkage=0.03


Tree=130
num_leaves=15
num_cat=0
split_feature=36 51 13 22 23 36 22 14 42 49 35 42 18 18
split_gain=37.0062 20.7762 18.0864 15.1312 10.4793 13.5853 12.8524 10.215 10.1135 9.65986 9.01701 13.971 8.96932 8.64342
threshold=12.240486493242107 4.8214473207832977 0.031176843647556685 9.1604033560643963 5.7824595598634216 7.1910983972391582 11.878741663199113 0.49272477177835972 9.6585361225665896 1.0000000180025095e-35 0.20206093189964161 10.199129736871194 1.6901056208558032 1.2428607132407901
decision_type=2 2 2 2 2 2 2 2 2 2 2 2 2 2
left_child=1 3 -3 9 7 8 -7 -4 -6 -1 11 12 13 -5
right_child=-2 2 4 10 5 6 -8 -9 -10 -11 -12 -13 -14 -15
leaf_value=-0.00088143131278558325 0.0052590956152605622 0.023463534601893533 0.0028065200810816916 0.001788770603022878 -0.004154997746649714 6.9889774333931064e-06 -0.00013537174199823587 -0.00044342530226243904 0.0039414198898021901 0.00015129644643088302 0.010059772876710794 -0.0048859520549144496 0.0044869084159408637 -0.0016382484815121322
leaf_weight=339 41 25 35 18 87 421 56 29 26 45 17 17 14.999999999999998 21
leaf_count=339 41 25 35 18 87 421 56 29 26 45 17 17 15 21
internal_value=-0.00266555 -0.00367187 -0.000308824 -0.00849894 -0.00128244 -0.00253807 -0.000313808 0.0101538 -0.0118421 -0.0110649 0.00269663 -0.00208333 0.00545455 -0.00225
internal_weight=1192 1151 679 472 654 590 477 64 113 384 88 71 54 39
internal_count=1192 1151 679 472 654 590 477 64 113 384 88 71 54 39
is_linear=0
shrinkage=0.03


Tree=131
num_leaves=15
num_cat=0
split_feature=36 49 36 12 22 22 6 51 12 0 23 10 0 43
split_gain=32.164 20.6654 17.9612 14.1928 24.3911 15.5727 11.2152 9.18214 7.5272 9.06875 8.58477 12.8393 10.7718 11.9038
threshold=12.307560327236747 3.8067634141609057 6.3096865418297599 0.38534124749591708 9.3889980277582659 11.878741663199113 1.0000000180025095e-35 5.5065435855621248 0.43119790021143706 7.5000000000000009 6.7455762834906006 0.4407564851978128 5.0000000000000009 1.1901056208558034
decision_type=2 2 2 2 2 2 2 2 2 2 2 2 2 2
left_child=1 2 6 5 -5 -4 8 -7 9 10 11 12 13 -1
right_child=-2 -3 3 4 -6 7 -8 -9 -10 -11 -12 -13 -14 -15
leaf_value=0.0022589858680215568 0.0084316464429392158 0.021713212637766821 -8.1460520266252167e-07 -0.00053808004368741558 0.010481416275690849 -7.6217847283377435e-06 -0.00095149008479704312 -0.00014818876424352645 -0.00043217760534923819 -0.0027014666758602493 -0.01091743538062662 -0.00066241386577231001 0.0051865923115912271 -0.0040681495954180682
leaf_weight=19 37 17 444 25 53 34 118 39 244 42 22 57 26 25
leaf_count=19 37 17 444 25 53 34 118 39 244 42 22 57 26 25
internal_value=-0.00269327 -0.00357633 -0.00407311 -0.00045302 0.0113924 -0.00225869 -0.00796029 -0.015 -0.00571101 -0.0101563 -0.0066 -0.00351562 0.00507042 -0.004
internal_weight=1202 1165 1148 595 78 517 553 73 435 191 149 127 70 44
internal_count=1202 1165 1148 595 78 517 553 73 435 191 149 127 70 44
is_linear=0
shrinkage=0.03


Tree=132
num_leaves=15
num_cat=0
split_feature=36 36 51 3 23 19 29 0 0 10 43 19 35 19
split_gain=40.9624 24.2811 10.6455 10.5393 14.461 10.024 17.4022 12.0229 25.5655 10.8663 7.60432 7.32085 7.43418 8.84412
threshold=12.307560327236747 5.4892346068263942 2.997035777525753 6.2419784053322624 9.3459869816169299 0.33311489733508087 0.187061095505618 7.5000000000000009 5.0000000000000009 0.51610265544041456 0.92866624821563437 0.015560359704072513 0.56357392874583079 0.5803225806451614
decision_type=2 2 2 2 2 2 2 2 2 2 2 2 2 2
left_child=1 2 -1 4 11 10 9 8 -8 -7 -4 -3 -13 -14
right_child=-2 3 5 -5 -6 6 7 -9 -10 -11 -12 12 13 -15
leaf_value=-0.00068095049037105837 0.0067734484076832713 0.0019692464798118331 -0.00096684259457327222 0.017201254677372449 -0.00013509923573089109 0.0036444382080327068 -0.0034021036221568036 -0.0050319409807735504 0.0046230858047389446 -0.00025046782043140466 -0.0011739621658850945 -0.00059372950816571175 7.0487085290144026e-07 0.00013544414683949179
leaf_weight=63 44 34 84 21 32 52 37 26 32 22 202 107 422 29
leaf_count=63 44 34 84 21 32 52 37 26 32 22 202 107 422 29
internal_value=-0.00275662 -0.00384021 -0.00867052 4.64396e-05 -0.000672 -0.00703947 -0.00123529 -0.0096875 -0.003 0.0096 -0.010453 0.000404722 -0.000429338 0.00126106
internal_weight=1207 1163 518 645 624 455 169 95 69 74 286 592 558 451
internal_count=1207 1163 518 645 624 455 169 95 69 74 286 592 558 451
is_linear=0
shrinkage=0.03


Tree=133
num_leaves=15
num_cat=0
split_feature=36 36 12 13 22 9 42 37 49 23 7 42 23 22
split_gain=38.8418 18.2719 15.4434 11.7369 10.7139 10.5848 8.69329 8.29922 9.3068 9.52414 8.95878 8.65518 13.4936 7.98161
threshold=12.307560327236747 6.3096865418297599 0.38534124749591708 0.92401960784313741 9.3889980277582659 1.0943444912396907 10.07218036330573 1.1901056208558034 1.9667436439243531 6.792616846095977 3.208051190535588 8.6889498293263916 4.3362364345606936 11.878741663199113
decision_type=2 2 2 2 2 2 2 2 2 2 2 2 2 2
left_child=1 3 13 6 -4 -5 7 -1 9 10 11 12 -9 -3
right_child=-2 2 4 5 -6 -7 -8 8 -10 -11 -12 -13 -14 -15
leaf_value=-0.00062136406326119436 0.0066166292900169798 1.5600437681739798e-06 -3.7299784155042646e-06 0.018636580267611686 0.010705432602704136 -0.0005963121986212993 -0.004726761234078225 -0.00038015300377949591 0.01607093228713773 -0.0059050392630817967 0.0018976859957603308 0.00047195886652690239 -0.0025864060119847009 -0.00011234437059453483
leaf_weight=96 41 459 23 15.999999999999998 53 68 23 192 14.999999999999998 46 29 35 49 71
leaf_count=96 41 459 23 16 53 68 23 192 15 46 29 35 49 71
internal_value=-0.00192276 -0.00293367 0.000691928 -0.00678947 0.0132468 0.00352941 -0.00858025 -0.00764579 -0.00555858 -0.0065625 -0.00460784 -0.00628159 -0.00830579 -0.00112994
internal_weight=1216 1175 606 569 76 84 485 462 366 351 305 276 241 530
internal_count=1216 1175 606 569 76 84 485 462 366 351 305 276 241 530
is_linear=0
shrinkage=0.03


Tree=134
num_leaves=15
num_cat=0
split_feature=33 41 33 31 13 11 9 49 22 10 23 39 30 14
split_gain=44.6847 24.6535 13.4439 12.0099 9.73478 8.24257 9.0374 9.93023 8.16459 14.3114 18.9817 6.77292 6.65413 6.97143
threshold=11.555509305371027 4.5477204932788604 11.50774884136599 4.5000000000000009 0.99311079582980388 0.29636406878836885 1.1487795721934726 1.7139863568041047 9.5957773289391639 0.70526439244522188 8.9356451930584857 1.2666666666666668 0.97915762049500665 0.38241677330871632
decision_type=2 2 2 2 2 2 2 2 2 2 2 2 2 2
left_child=1 11 3 4 5 6 7 -3 12 10 -10 -1 13 -5
right_child=-2 2 -4 8 -6 -7 -8 -9 9 -11 -12 -13 -14 -15
leaf_value=-0.00012570214143327402 0.0077769947187200294 -0.00079143749455830022 -0.00013373844085435625 -0.00010172098863635237 0.0036496876906887618 0.011059926849685882 -0.00091560679292310751 0.011581961154743954 0.0033724189017495165 0.00068450488553567057 -0.00012130351717152932 -0.00061340042970522643 -2.8699711017390744e-05 3.8121309145674463e-05
leaf_weight=43 45 375 26 49 42 28 38 15.999999999999998 49 30 44 166 129 125
leaf_count=43 45 375 26 49 42 28 38 16 49 30 44 166 129 125
internal_value=-0.00226368 -0.00341085 -0.00135504 -0.00074514 -0.0039 -0.00517467 -0.0062093 -0.00482143 0.00295082 0.00943548 0.00351064 -0.0127143 0.000296053 0.00411429
internal_weight=1205 1160 951 925 499 457 429 391 426 123 93 209 303 174
internal_count=1205 1160 951 925 499 457 429 391 426 123 93 209 303 174
is_linear=0
shrinkage=0.03


Tree=135
num_leaves=15
num_cat=0
split_feature=33 49 41 33 42 11 10 11 18 33 35 19 36 21
split_gain=38.4051 19.9493 17.2982 14.2161 9.43071 18.7598 16.0648 12.7069 8.16194 9.0844 6.72916 15.2839 11.3039 10.3906
threshold=11.555509305371027 3.8067634141609057 4.3993928995441633 11.50774884136599 9.9130813529215018 0.17778304509182355 0.70526439244522188 0.28754050401478998 2.0755316266768755 11.394708617849407 0.8752639903989029 0.56503845354396187 9.5036233440754554 2.145885394458972
decision_type=2 2 2 2 2 2 2 2 2 2 2 2 2 2
left_child=1 2 -1 4 5 10 7 8 9 -6 12 -12 -4 -14
right_child=-2 -3 3 -5 6 -7 -8 -9 -10 -11 11 -13 13 -15
leaf_value=-0.00049987734626209866 0.0061848205697548628 0.0203505757015769 -2.7838719686869016e-05 -0.00013105666330011755 0.000117660037597955 -0.0011557517505844349 0.00085940351022049553 0.01407342340650166 -0.0070700546240014721 -0.00014850168238252025 -4.0630594947559936e-05 3.7516066710802238e-05 5.2266078550770032e-05 -0.00021617019719943675
leaf_weight=149 47 17 443 28 50 121 36 14.999999999999998 18 22 124 82 15.999999999999998 33
leaf_count=149 47 17 443 28 50 121 36 15 18 22 124 82 16 33
internal_value=-0.0019218 -0.00301299 -0.00350615 -0.00206269 -0.001436 -0.00267073 0.00570423 -0.000283019 -0.00461538 0 -0.000772532 0.00376812 -0.00267748 -0.0162
internal_weight=1201 1154 1137 988 960 819 141 105 90 72 698 206 492 49
internal_count=1201 1154 1137 988 960 819 141 105 90 72 698 206 492 49
is_linear=0
shrinkage=0.03


Tree=136
num_leaves=15
num_cat=0
split_feature=33 33 33 13 10 0 42 42 0 10 11 24 37 13
split_gain=32.8883 23.0911 12.021 11.0466 6.48474 9.56803 10.4606 12.66 8.55061 7.87278 6.80859 6.19156 6.17544 6.13666
threshold=5.2919002786243068 11.555509305371027 11.50774884136599 0.99311079582980388 0.16285624944161534 7.5000000000000009 8.4984534085338534 6.9027814505613252 5.0000000000000009 0.054427013844487858 0.31045977616033699 0.96319053287652678 1.6898340170168271 0.14202095550189722
decision_type=2 2 2 2 2 2 2 2 2 2 2 2 2 2
left_child=3 2 13 4 5 6 7 8 9 -1 -6 -5 -9 -2
right_child=1 -3 -4 11 10 -7 -8 12 -10 -11 -12 -13 -14 -15
leaf_value=-0.0023705630382282092 0.0062449673060770688 0.0073412852586161922 -0.00011374896017395385 0.044857426719727346 -0.00072681430839484666 -0.0027812492829211604 0.0059016726472243654 1.2361267675200516e-05 0.012029603303778613 0.0011809091987483955 0.0044159577175082254 -0.0010007823961665223 -0.0039878054045261874 3.4836726535081296e-06
leaf_weight=15.999999999999998 75 42 27 15.999999999999998 238 52 15.999999999999998 18 22 21 21 24 56 546
leaf_count=16 75 42 27 16 238 52 16 18 22 21 21 24 56 546
internal_value=-0.0018136 0.00243126 0.00101695 -0.00766467 -0.00898048 -0.00490099 -0.001 -0.00380597 0.0065 -0.00236842 -0.0121154 0.00731707 -0.012 0.00188103
internal_weight=1190 690 648 500 460 201 149 133 59 37 259 40 74 621
internal_count=1190 690 648 500 460 201 149 133 59 37 259 40 74 621
is_linear=0
shrinkage=0.03


Tree=137
num_leaves=15
num_cat=0
split_feature=36 36 36 13 0 9 42 51 13 7 39 24 35 7
split_gain=37.7314 17.3066 9.77531 10.5738 9.76633 13.7647 12.8577 14.0033 11.6059 11.3704 11.044 9.72797 9.06046 7.0968
threshold=12.307560327236747 1.6626551858555307 5.20100379593943 0.99950908951445894 5.0000000000000009 0.88867988075379412 10.157174693333596 5.5007395719050294 0.58170563961945898 2.7011358511004739 33.500000000000007 0.91932952438093174 0.87526880266497009 3.9930020505769641
decision_type=2 2 2 2 2 2 2 2 2 2 2 2 2 2
left_child=1 -1 3 13 5 10 7 9 -9 -6 -4 -7 -10 -3
right_child=-2 2 4 -5 6 11 -8 8 12 -11 -12 -13 -14 -15
leaf_value=-0.00058528266725004884 0.0057666634706483588 -0.00071352596952910512 0.0033893151607788958 0.0042529152013488407 -2.4759601595101265e-05 -0.0015162260573599886 0.013396629320241422 -2.9724136428723735e-05 -0.00022405274477896973 3.3186259410274976e-05 -0.001278533878184067 1.6906744709315191e-05 -7.2496272099820118e-06 0.0072581620518777871
leaf_weight=54 36 399 49 38 231 15.999999999999998 28 67 50 32 14.999999999999998 152 17 21
leaf_count=54 36 399 49 38 231 16 28 67 50 32 15 152 17 21
internal_value=-0.00226368 -0.00320513 -0.00239247 -0.00575163 -4.55927e-05 0.0048927 -0.00274648 -0.00414573 -0.012 -0.000113636 0.0166154 0.00035503 -0.0207353 -0.00712589
internal_weight=1205 1169 1115 458 657 232 425 397 134 263 64 168 67 420
internal_count=1205 1169 1115 458 657 232 425 397 134 263 64 168 67 420
is_linear=0
shrinkage=0.03


Tree=138
num_leaves=15
num_cat=0
split_feature=33 36 33 38 0 0 41 49 15 29 13 33 42 38
split_gain=34.3845 15.4619 13.4896 11.5075 13.0777 15.9178 14.2275 12.2037 13.2485 10.4271 10.3238 10.1992 9.72505 8.5086
threshold=11.555509305371027 5.20100379593943 11.524506689449421 0.12734848484848488 5.0000000000000009 7.5000000000000009 5.1158101283778281 0.38907562519182187 0.0059643283554293791 0.58796296296296313 0.76863572433192695 2.2467429670879788 6.8249966652667782 0.02774588595484118
decision_type=2 2 2 2 2 2 2 2 2 2 2 2 2 2
left_child=1 3 12 4 9 10 11 8 -5 13 -6 -7 -3 -1
right_child=-2 2 -4 7 5 6 -8 -9 -10 -11 -12 -13 -14 -15
leaf_value=-0.0014354062354533098 0.0069649017981878369 0.00033872812625234116 -0.0001155811375104676 -0.00098645026220994629 0.002433221745059326 -0.00040976318172856183 -0.003553345169065678 0.00036817762030552978 -0.00015610237520046144 -0.0048343660093155003 -0.0043629948217409776 0.031264430621285505 -2.0578699209916617e-06 0.00026078799342049762
leaf_weight=24 43 43 21 174 64 17 29 27 64 22 17 19 582 44
leaf_count=24 43 43 21 174 64 17 29 27 64 22 17 19 582 44
internal_value=-0.00216625 -0.00316202 -9.27357e-05 -0.00711155 -0.00227848 0.00326531 -0.00772727 -0.011391 -0.0135565 -0.0112088 0.0120732 0.00486486 0.00071885 -0.00521739
internal_weight=1190 1147 646 501 236 146 65 265 238 90 81 36 625 68
internal_count=1190 1147 646 501 236 146 65 265 238 90 81 36 625 68
is_linear=0
shrinkage=0.03


Tree=139
num_leaves=15
num_cat=0
split_feature=36 35 50 17 23 14 29 36 3 23 30 35 35 19
split_gain=38.442 22.8324 13.6528 13.6064 12.3698 9.80017 8.62297 13.5699 8.37615 9.58573 6.75483 8.6645 13.1434 8.60518
threshold=12.307560327236747 0.56301667475902761 6.8169904608744778 18.791843516027136 9.3459869816169299 0.98209900990099019 13.41346153846154 7.8663136520131802 4.2890362464321576 7.6816088775227742 0.97726098191214483 0.87526880266497009 0.81291974742070483 0.57038581856100112
decision_type=2 2 2 2 2 2 2 2 2 2 2 2 2 2
left_child=1 2 5 4 6 -1 10 -8 9 -9 13 12 -12 -3
right_child=-2 3 -4 -5 -6 -7 7 8 -10 -11 11 -13 -14 -15
leaf_value=-0.00061671067677705575 0.0053507061022744339 1.5488149789132376e-05 0.019553662871537779 0.0076359573745633375 -8.7428701078167136e-05 0.0013917614943895567 -0.00089897676633373834 0.00045264449830766774 -2.8284302336869514e-05 -0.00014790231154168109 1.591212475113235e-05 7.9882779323892087e-05 -8.1455975677240388e-05 0.00014087537631041021
leaf_weight=606 40 175 14.999999999999998 23 19 47 19 27 24 18 46 31 60 44
leaf_count=606 40 175 15 23 19 47 19 27 24 18 46 31 60 44
internal_value=-0.00220921 -0.00322078 -0.00681614 0.00172485 0.000581897 -0.00747706 0.00161798 -0.00674157 -0.000428571 0.00717391 0.00369748 -0.00152174 -0.00560748 0.00695455
internal_weight=1194 1154 668 486 463 653 444 88 69 45 356 137 106 219
internal_count=1194 1154 668 486 463 653 444 88 69 45 356 137 106 219
is_linear=0
shrinkage=0.03


Tree=140
num_leaves=15
num_cat=0
split_feature=36 36 12 22 49 13 22 0 0 19 7 33 3 20
split_gain=30.5161 19.562 10.3486 9.57138 9.51418 11.512 10.7938 11.2447 17.9054 10.1575 9.10984 8.95158 9.46618 7.41915
threshold=7.1910983972391582 12.307560327236747 0.38534124749591708 9.4477049506566804 0.38907562519182187 0.63692477931872704 6.9709004242000026 5.0000000000000009 7.5000000000000009 0.12338354583375048 2.410776414647263 11.50774884136599 3.5286724519363593 2.4369566049305722
decision_type=2 2 2 2 2 2 2 2 2 2 2 2 2 2
left_child=4 2 11 -4 5 -1 -7 10 13 -6 -8 12 -2 -9
right_child=1 -3 3 -5 9 6 7 8 -10 -11 -12 -13 -14 -15
leaf_value=-0.00071372213760444885 -0.00084181632312803757 0.0033240970056930184 -0.00054008403638752757 0.0089960974328302124 -0.0009232358995548617 -0.00090990957444017639 -0.00038623463286642013 -0.00067369805472364372 0.01358824258003684 0.0032168031739297971 0.0053744563305443494 -7.1611583046031759e-05 6.469699945768625e-06 -0.011535670074686434
leaf_weight=367 15.999999999999998 35 15.999999999999998 47 25 45 22 23 41 38 33 25 438 37
leaf_count=367 16 35 16 47 25 45 22 23 41 38 33 25 438 37
internal_value=-0.00223325 0.00275087 0.00132597 0.0126562 -0.00678797 -0.00801406 -0.00222772 0.00152866 -0.00441176 0.00421875 0.0123214 -0.0001875 0.000791209 -0.0147541
internal_weight=1208 577 542 63 631 568 201 156 101 63 55 479 454 60
internal_count=1208 577 542 63 631 568 201 156 101 63 55 479 454 60
is_linear=0
shrinkage=0.03


Tree=141
num_leaves=15
num_cat=0
split_feature=36 36 33 50 8 13 42 42 30 12 10 10 41 42
split_gain=36.3937 22.8301 20.1384 10.5023 14.5261 12.2187 10.4966 15.6457 13.6598 11.0165 9.35704 12.4676 8.8919 7.97657
threshold=6.362127480360777 12.307560327236747 11.50774884136599 3.1611329118964844 2.105506845301913 0.63692477931872704 9.9130813529215018 8.2406764806618025 0.98076211616722164 0.16440344083961214 0.69578640030695593 0.68502987714116192 8.2853150927151358 9.9130813529215018
decision_type=2 2 2 2 2 2 2 2 2 2 2 2 2 2
left_child=3 2 6 5 -5 -1 7 8 -2 -8 11 -10 -9 -7
right_child=1 -3 -4 4 -6 13 9 12 10 -11 -12 -13 -14 -15
leaf_value=-0.00076630394315259527 8.4536304026998623e-05 0.0051708567539084614 -0.00010734249486141323 -0.00025781035005465136 0.015481075014440779 -0.0005658678510109161 -0.00011403727062613944 -0.00048137818701267984 -3.5527526132773586e-05 0.00075935463756739542 -0.00028170975323645834 0.00015947140980799107 -1.6642898508654192e-05 0.021230507921572533
leaf_weight=339 178 38 35 54 14.999999999999998 157 30 33 67 49 40 17 141 29
leaf_count=339 178 38 35 54 15 157 30 33 67 49 40 17 141 29
internal_value=-0.00264922 0.00238474 0.000913706 -0.00796639 0.003 -0.00941065 0.00232014 0.000628931 0.00475248 0.012375 -0.00288 0.00282353 -0.00651429 -0.00320856
internal_weight=1222 628 590 594 69 525 555 476 302 79 124 84 174 186
internal_count=1222 628 590 594 69 525 555 476 302 79 124 84 174 186
is_linear=0
shrinkage=0.03


Tree=142
num_leaves=15
num_cat=0
split_feature=36 36 42 33 4 29 13 30 22 29 24 33 17 1
split_gain=31.8177 20.1083 9.37704 11.9012 9.15191 13.1638 9.50714 9.46134 9.18622 7.75341 6.88956 6.82827 7.57853 6.46609
threshold=5.20100379593943 12.364571483418869 8.0117355340274514 8.258943287146705 4.0925098067731485 11.532608695652176 0.58173666582473949 0.93683510638297884 11.721396895114589 1.4299719887955185 0.94146783282908952 8.7493248845878515 2.802777777777778 1.7520314413393463
decision_type=2 2 2 2 2 2 2 2 2 2 2 2 2 2
left_child=-1 2 3 9 5 7 10 -4 11 -2 -6 -9 -13 -12
right_child=1 -3 4 -5 6 -7 -8 8 -10 -11 13 12 -14 -15
leaf_value=-0.00048786386142781743 0.0074603110476753809 0.0067922474888217274 -0.00031094133784009603 0.0010739151719754726 0.00015415380630424578 8.5784008934117745e-05 -0.00015040074783346125 2.0680439351424828e-05 0.00032214628061014936 1.0374828699003593e-05 -0.000293509271259178 3.5361687575978794e-05 -0.0002009327962621965 0.0094048739242218321
leaf_weight=501 27 29 71 41 20 61 59 37 30 212 31 14.999999999999998 23 14.999999999999998
leaf_count=501 27 29 71 41 20 61 59 37 30 212 31 15 23 15
internal_value=-0.00127877 0.00299107 0.00186625 0.00597865 -0.00132231 0.00214286 -0.00785714 -0.0020339 0.00367925 0.003375 0 -0.00197368 -0.0107692 -0.00638298
internal_weight=1172 671 642 280 362 237 125 176 105 239 66 75 38 46
internal_count=1172 671 642 280 362 237 125 176 105 239 66 75 38 46
is_linear=0
shrinkage=0.03


Tree=143
num_leaves=15
num_cat=0
split_feature=36 36 16 19 21 0 43 0 34 14 42 39 33 38
split_gain=38.2904 13.7847 9.25106 8.17759 13.7527 9.69112 9.501 28.1948 6.72499 6.63875 7.55082 8.93899 6.54419 6.15397
threshold=12.364571483418869 5.20100379593943 0.29443268775339054 0.33311489733508087 2.2336889797653594 5.0000000000000009 0.81162464519895028 7.5000000000000009 22.02784192485915 0.12954830614805524 7.8655206237700037 3.952380952380953 2.3226128557677086 0.97797619047619067
decision_type=2 2 2 2 2 2 2 2 2 2 2 2 2 2
left_child=1 3 8 9 5 -5 -7 -8 -3 -1 13 -12 -9 -11
right_child=-2 2 -4 4 -6 6 7 12 -10 10 11 -13 -14 -15
leaf_value=-0.00017872038880124228 0.0065405972688232115 -1.5178218334548353e-05 0.01544158931740053 -0.00058525121807161899 0.0080909581239715297 -0.0006027045248453766 0.0055128358942291367 0.0002436863435598624 0.0046128171783127022 -0.00094002097585893952 5.9438410803630543e-05 -0.0025665706934537205 -0.0040266401842545853 -0.00084011436012153327
leaf_weight=53 36 607 19 64 14.999999999999998 25 45 14.999999999999998 31 104 51 64 22 35
leaf_count=53 36 607 19 64 15 25 45 15 31 104 51 64 22 35
internal_value=-0.00247683 -0.00344049 -0.000592705 -0.00722672 -0.00224599 -0.0047093 0.000833333 0.00578313 -0.00122066 -0.0102273 -0.0122353 -0.00646552 -0.0134211 -0.0169286
internal_weight=1186 1150 657 493 186 171 107 82 638 307 254 115 37 139
internal_count=1186 1150 657 493 186 171 107 82 638 307 254 115 37 139
is_linear=0
shrinkage=0.03


Tree=144
num_leaves=15
num_cat=0
split_feature=36 21 31 24 14 13 49 0 23 9 38 22 11 11
split_gain=30.0202 13.3347 13.3089 9.42644 8.61357 8.17074 10.2225 12.8962 7.51216 8.81821 6.79091 9.42282 7.00409 8.35624
threshold=12.364571483418869 5.217394471340115 1.0000000180025095e-35 0.99763634012094282 0.084006461280786579 0.63692477931872704 0.38907562519182187 5.0000000000000009 2.6429563499859694 0.45898706013927315 0.19345238095238099 6.9475062448059841 0.12530831193327099 0.1302342384789073
decision_type=2 2 2 2 2 2 2 2 2 2 2 2 2 2
left_child=1 2 5 4 -4 6 8 -8 9 -1 11 -6 -13 -14
right_child=-2 -3 3 -5 10 -7 7 -9 -10 -11 -12 12 13 -15
leaf_value=-0.00041825978493478463 0.0063443793507585201 0.018720862560107722 -0.0012431668486646873 0.0048282970142044654 -0.0022616544645229328 -0.00011524118510615452 0.006722697730019953 -0.0007685680631965441 -0.0012405083955985064 0.00026048722652063038 0.0015667720407677923 -1.4824692982773057e-05 0.00016779383978859417 4.9716949421751976e-06
leaf_weight=94 34 24 33 26 17 196 17 25 236 44 36 188 54 181
leaf_count=94 34 24 33 26 17 196 17 25 236 44 36 188 54 181
internal_value=-0.00166667 -0.00248294 -0.00295296 0.000503731 -0.000411765 -0.00597064 -0.00834532 0.0055814 -0.00992 -0.00431655 0.000628931 -0.000408163 0.000495283 0.00394068
internal_weight=1205 1171 1147 535 509 612 416 42 374 138 476 440 423 235
internal_count=1205 1171 1147 535 509 612 416 42 374 138 476 440 423 235
is_linear=0
shrinkage=0.03


Tree=145
num_leaves=15
num_cat=0
split_feature=33 36 42 42 24 13 5 4 51 19 9 29 0 0
split_gain=26.9516 13.1177 12.4179 11.5339 13.1003 9.92729 9.40387 9.06308 8.04107 7.84867 12.2315 11.1303 8.83174 19.5068
threshold=11.60892956262864 6.362127480360777 10.157174693333596 6.9563134506783602 0.99927648342749908 0.58228465184246792 2.7002689946959735 3.6724387345543881 6.2014002617700674 0.33148352472156767 0.51650512972171891 0.23790322580645165 5.0000000000000009 7.5000000000000009
decision_type=2 2 2 2 2 2 2 2 2 2 2 2 2 2
left_child=1 8 3 5 6 -3 -5 -8 9 10 -1 -11 -13 -14
right_child=-2 2 -4 4 -6 -7 7 -9 -10 11 -12 12 13 -15
leaf_value=-0.00096796661767507895 0.014958481010634893 0.00019187551669439611 0.012787688537849815 -0.0015343818925049868 0.0075479762296247798 -0.0012719244931698435 0.00040446435510347933 -2.2407312726264725e-05 0.0069218486120386346 0.00075148449892018659 -0.00052351312811062343 -0.0013558794695874281 0.0017676288597513342 -0.0024466987612196747
leaf_weight=136 38 43 15.999999999999998 31 23 14.999999999999998 45 381 22 96 196 50 48 24
leaf_count=136 38 43 16 31 23 15 45 381 22 96 196 50 48 24
internal_value=-0.00298712 -0.00383319 -0.000540541 -0.00133581 -0.00286902 0.0111864 -0.00399563 -0.0028103 -0.00701571 -0.0077314 -0.0106306 -0.00328767 -0.00926829 -0.00246575
internal_weight=1164 1126 554 538 480 58 457 426 572 550 332 218 122 72
internal_count=1164 1126 554 538 480 58 457 426 572 550 332 218 122 72
is_linear=0
shrinkage=0.03


Tree=146
num_leaves=15
num_cat=0
split_feature=36 36 36 42 19 42 14 5 24 36 14 7 39 24
split_gain=24.1411 14.1214 8.59008 8.03575 8.21753 9.03023 10.9663 8.83703 9.52354 6.92739 8.86827 6.73812 10.8143 6.10588
threshold=12.414384501634276 6.362127480360777 1.5049378168560803 10.157174693333596 0.015515619610064499 7.1344629766724639 0.38539985206248306 2.7002689946959735 0.77146995691157383 2.2265826962629292 0.98209900990099019 4.0052867125760043 9.5277777777777803 0.91443794486195895
decision_type=2 2 2 2 2 2 2 2 2 2 2 2 2 2
left_child=1 2 -1 4 -3 6 13 -7 -9 -4 11 -11 -13 -6
right_child=-2 3 9 -5 5 7 -8 8 -10 10 -12 12 -14 -15
leaf_value=-0.00047355903627854687 0.039004943493758874 0.0041031444656484447 2.3743523030245182e-05 0.012404057881714324 -0.001195248697175709 -0.00077333052328121591 0.00011741703143054976 3.5279252032260898e-05 -4.0079191652857559e-05 -0.0010196836220889198 0.0017069605447996984 0.013352005731492811 -0.0024219210534843281 2.7199205382148796e-05
leaf_weight=31 21 14.999999999999998 114 24 17 29 30 77 321 340 46 15.999999999999998 31 84
leaf_count=31 21 15 114 24 17 29 30 77 321 340 46 16 31 84
internal_value=-0.00250627 -0.00308673 -0.00642487 0.000150502 -0.000574913 -0.00118068 0.00568182 -0.00329439 -0.00210526 -0.0055292 -0.00725806 -0.00873711 0.001875 0.000882353
internal_weight=1196 1175 578 597 573 558 131 427 398 547 433 387 47 101
internal_count=1196 1175 578 597 573 558 131 427 398 547 433 387 47 101
is_linear=0
shrinkage=0.03


Tree=147
num_leaves=15
num_cat=0
split_feature=36 21 9 19 23 4 42 43 11 42 7 10 30 22
split_gain=22.2042 14.6113 12.3977 10.227 9.90121 20.2975 8.78918 8.98221 8.12231 12.5739 11.8322 10.2565 7.60216 19.2995
threshold=12.414384501634276 5.3178509181448037 0.47066446859841315 0.28678517883915189 6.813725536336352 3.4439570583975363 10.157174693333596 1.5438907089047713 0.13900697859523556 8.1209157439726116 2.7105402420535465 0.7194572039045003 0.96717948717948732 11.118458523046968
decision_type=2 2 2 2 2 2 2 2 2 2 2 2 2 2
left_child=1 2 3 -1 5 -5 8 -8 11 10 -10 12 -4 -14
right_child=-2 -3 6 4 -6 -7 7 -9 9 -11 -12 -13 13 -15
leaf_value=-0.0012282286631265481 0.035161008284033672 0.020399195730310463 -4.4232037489311254e-06 -0.00023614323260630454 -0.014581310063384766 0.0071040943277204515 0.01956501565073553 -0.00045534411039984123 -8.8557079500173113e-05 -0.00025196430745691776 0.00097047884088028997 -5.225317228448767e-05 -5.4027564394187877e-06 0.00056729668083532303
leaf_weight=97 23 15.999999999999998 268 108 17 17 26 19 234 124 17 84 75 41
leaf_count=97 23 16 268 108 17 17 26 19 234 124 17 84 75 41
internal_value=-0.00231362 -0.00291084 -0.00332447 -0.009375 -0.0041958 -0.00119048 -0.00168729 0.011087 -0.00238152 -0.00566489 -0.00178571 0.000255864 0.00233766 0.00871795
internal_weight=1166 1143 1127 239 142 125 888 45 843 375 251 468 384 116
internal_count=1166 1143 1127 239 142 125 888 45 843 375 251 468 384 116
is_linear=0
shrinkage=0.03


Tree=148
num_leaves=15
num_cat=0
split_feature=36 33 13 22 42 24 23 5 40 28 12 12 10 10
split_gain=25.0882 13.7281 10.3813 12.1221 11.3816 14.446 10.1385 11.0698 9.77281 9.39631 8.46996 9.01975 7.44666 10.2462
threshold=12.414384501634276 5.1241951702552653 0.036090463361351001 9.0434432576225525 7.1344629766724639 0.79980506822612096 6.5067536557574774 0.97712125471966249 1.096562299177231 13.500000000000002 0.60731035127055322 0.5100602047139392 0.7194572039045003 0.70056671708886387
decision_type=2 2 2 2 2 2 2 2 2 2 2 2 2 2
left_child=1 6 3 -3 5 -4 7 -1 -8 -7 11 12 13 -6
right_child=-2 2 4 -5 10 9 8 -9 -10 -11 -12 -13 -14 -15
leaf_value=-0.00043184194444475854 0.035212792134520332 -0.00041432690445989626 -0.0028321746496624434 0.014979093972271413 -5.5542123695512252e-05 0.0004308396482227671 0.011455241455353038 -0.00017398055706478564 -0.0061365038241542273 1.696272610729077e-05 0.010332051126588601 -0.0068105697167625259 -6.6230837345111483e-05 0.00011702735420915821
leaf_weight=65 26 22 14.999999999999998 36 305 39 15.999999999999998 356 54 91 21 24 52 75
leaf_count=65 26 22 15 36 305 39 16 356 54 91 21 24 52 75
internal_value=-0.00192821 -0.00258532 0.000176211 0.0122034 -0.000963082 0.00636986 -0.00640244 -0.00462085 -0.0169014 0.00961832 -0.00320084 -0.00407002 -0.0030485 -0.0015748
internal_weight=1197 1171 680 58 622 145 491 421 70 130 477 456 432 380
internal_count=1197 1171 680 58 622 145 491 421 70 130 477 456 432 380
is_linear=0
shrinkage=0.03


Tree=149
num_leaves=15
num_cat=0
split_feature=33 35 11 21 14 19 11 0 0 7 43 0 41 33
split_gain=26.7541 12.1044 11.7716 10.2661 6.9242 6.91747 7.81597 6.44028 5.94783 22.1597 16.4422 30.5952 11.4283 8.10671
threshold=11.658831784213985 0.062498164847895117 0.056804228605242528 5.3738097148449944 0.95240761478163505 0.32930884904569119 0.28932843927025892 7.5000000000000009 5.0000000000000009 3.3919815024890334 0.87409401350310023 7.5000000000000009 5.0434295699979614 2.3226128557677086
decision_type=2 2 2 2 2 2 2 2 2 2 2 2 2 2
left_child=1 3 -3 4 5 6 -1 -6 9 13 -10 -12 -13 -7
right_child=-2 2 -4 -5 7 8 -8 -9 10 -11 11 12 -14 -15
leaf_value=-0.00078673549598160691 0.031840769790137669 0.0073802464864715332 -1.5622490896760599e-06 0.020031763795370701 -0.0013200133036936745 -0.00012393591682116956 0.0085552219127716881 0.041306782171712783 -0.00089703749061187442 0.0047395288206916377 0.0041400104091412595 0.00026018267619144829 -0.0027748767590266708 -0.0027364807332000995
leaf_weight=284 31 23 540 15.999999999999998 29 29 27 14.999999999999998 52 15.999999999999998 61 19 31 38
leaf_count=284 31 23 540 16 29 29 27 15 52 16 61 19 31 38
internal_value=-0.00175743 -0.00248942 0.000691489 -0.00538835 -0.0060299 -0.00693548 -0.00990385 0.00533333 -0.00315789 -0.00964286 0.000182927 0.00669643 -0.0105882 -0.0172059
internal_weight=1211 1180 563 617 601 557 311 44 246 83 163 111 50 67
internal_count=1211 1180 563 617 601 557 311 44 246 83 163 111 50 67
is_linear=0
shrinkage=0.03


Tree=150
num_leaves=15
num_cat=0
split_feature=33 36 43 42 42 20 9 13 11 36 12 22 34 22
split_gain=19.2351 9.93084 7.41813 8.8523 8.7653 22.1001 19.7887 12.248 7.74151 9.57636 8.49895 7.61706 7.29799 6.89289
threshold=11.69264210266695 1.5049378168560803 1.7481880270062005 10.157174693333596 7.6445865563176705 2.8761068394428135 0.56520355206351558 0.045652584052616067 0.16655338498125374 2.5814911852927169 0.16376051869223343 12.177952031130118 0.67384370287410522 12.044376294546206
decision_type=2 2 2 2 2 2 2 2 2 2 2 2 2 2
left_child=1 -1 3 4 5 8 7 -6 10 -10 -3 13 -4 -8
right_child=-2 2 12 -5 6 -7 11 -9 9 -11 -12 -13 -14 -15
leaf_value=-0.00032276139081758193 0.0332011852767806 0.00031679137757611883 -0.00094845923766533773 0.012931302921510989 -6.5453156554117202e-05 0.0045381971761988818 -1.3625501623348857e-05 -0.0084405487026833551 1.7630654721636497e-05 -0.0017970348750918296 3.568228176070165e-06 -0.00042100109282054764 -0.00029475649605309793 0.0006119064310500244
leaf_weight=30 24 17 113 29 26 59 382 60 53 60 230 15.999999999999998 84 19
leaf_count=30 24 17 113 29 26 59 382 60 53 60 230 16 84 19
internal_value=-0.00204489 -0.00259542 -0.00214099 -0.00103992 -0.00156013 0.00164286 -0.00422619 -0.0172414 -0.00116343 -0.00763158 0.00181452 -0.00150718 -0.00742424 -0.000671642
internal_weight=1202 1178 1148 951 922 419 503 86 360 113 247 417 197 401
internal_count=1202 1178 1148 951 922 419 503 86 360 113 247 417 197 401
is_linear=0
shrinkage=0.03


Tree=151
num_leaves=15
num_cat=0
split_feature=23 35 9 51 22 38 0 10 42 22 6 23 13 0
split_gain=21.5197 10.4364 11.2876 7.1569 6.91854 6.39852 20.3026 10.0281 9.8595 16.2305 7.31095 6.82638 8.10516 6.80064
threshold=9.8652804000492313 0.38070580529969306 0.72955223103325684 5.6558642125003997 10.315930074311519 0.13430171277997369 5.0000000000000009 0.12166909918087411 10.199129736871194 10.066548071303346 1.0206963425791129 6.4434632778266581 0.5824804150887356 5.0000000000000009
decision_type=2 2 2 2 2 2 2 2 2 2 2 2 2 2
left_child=1 5 -3 -4 -5 8 10 -8 9 13 -7 -9 -13 -1
right_child=-2 2 3 4 -6 6 7 11 -10 -11 -12 12 -14 -15
leaf_value=-0.00082984229225112165 0.033311763817484852 0.0064350197951317575 5.3206403532612966e-06 -0.0002020343818543796 3.5182822538684099e-05 0.00039606809647808606 -0.0083112095722890703 -0.00074730673681571488 -0.0025251253009548201 0.012010052610544769 -0.0012542178056781116 0.00081683492761177061 -0.0019318756775403637 0.00019801108857113946
leaf_weight=91 27 29 472 18 14.999999999999998 106 44 129 21 35 22 20 35 134
leaf_count=91 27 29 472 18 15 106 44 129 21 35 22 20 35 134
internal_value=-0.00135113 -0.00197099 0.0011215 5.92885e-05 -0.0132353 -0.00456113 -0.00722689 -0.0125764 -0.00117021 0.00045977 0.00232558 -0.00940541 -0.000535714 -0.00252212
internal_weight=1198 1171 534 505 33 637 356 228 281 260 128 184 55 225
internal_count=1198 1171 534 505 33 637 356 228 281 260 128 184 55 225
is_linear=0
shrinkage=0.03


Tree=152
num_leaves=15
num_cat=0
split_feature=36 36 19 33 41 41 10 36 34 17 35 41 19 14
split_gain=19.5677 11.4852 9.27289 8.04315 8.95581 7.42751 6.65534 7.36688 6.49193 6.46448 7.38037 6.16031 7.15745 6.83096
threshold=12.447603167608984 7.1910983972391582 0.015515619610064499 11.50774884136599 10.091495064482194 6.8076156147921427 0.90244988901369283 1.6333509834420441 16.911794450822811 2.2192192192192199 0.048046733905698656 6.5461762987559462 0.059921227362445532 0.28254748921914546
decision_type=2 2 2 2 2 2 2 2 2 2 2 2 2 2
left_child=1 6 -3 4 5 -4 7 -1 -5 -7 -11 12 13 -9
right_child=-2 2 3 8 -6 9 -8 11 -10 10 -12 -13 -14 -15
leaf_value=-0.0004149677392111539 0.03231241090296031 0.01230610245953416 0.00013762170104738875 -0.00013570828225360597 0.0008018164731552035 0.00030658485165008345 0.0010659629698446624 -6.1045241003986335e-05 7.9440737946723234e-06 -0.0032481740683645024 -5.7369745665858391e-06 -0.002449371541926175 -8.4609587477006972e-05 -0.0018739194072141525
leaf_weight=45 21 17 23 34 26 26 22 53 18 15.999999999999998 395 75 353 73
leaf_count=45 21 17 23 34 26 26 22 53 18 16 395 75 353 73
internal_value=-0.00212855 -0.00265081 0.000485612 -0.000222635 0.000985626 0 -0.00545016 -0.00605 -0.0113208 -0.000890411 -0.00182039 -0.00508108 -0.0038125 -0.00992126
internal_weight=1197 1176 555 538 486 460 621 599 52 437 411 554 479 126
internal_count=1197 1176 555 538 486 460 621 599 52 437 411 554 479 126
is_linear=0
shrinkage=0.03


Tree=153
num_leaves=15
num_cat=0
split_feature=21 41 42 36 49 0 22 0 7 51 10 36 10 33
split_gain=18.8651 10.496 8.83753 8.6582 7.3693 6.93158 20.4062 6.34796 4.54104 8.58094 6.07552 14.8283 8.53535 14.9894
threshold=4.2930425871136508 10.157174693333596 10.199129736871194 1.5049378168560803 0.88907562519182193 5.0000000000000009 13.167981780531585 5.0000000000000009 4.006978582867073 5.6840788353123211 0.70056671708886387 11.859382927076071 0.71971362136126171 8.7910331033908893
decision_type=2 2 2 2 2 2 2 2 2 2 2 2 2 2
left_child=1 2 3 -1 8 -2 -7 -6 9 10 11 -5 13 -12
right_child=5 -3 -4 4 7 6 -8 -9 -10 -11 12 -13 -14 -15
leaf_value=-0.00035127459482091946 0.0081699899140162385 0.01047991340940058 -0.0042074056015200534 -6.0626260991105686e-05 0.0029064750451346269 -0.0030067670652543696 0.031573317929320048 -8.4280813341740942e-06 0.0017068470556356051 -0.00072483121346085804 -2.6905247207726356e-05 -0.00013694782132581018 -3.0955033835970976e-05 0.00046568018420805934
leaf_weight=29 39 18 30 636 21 31 24 36 41 36 54 69 123 48
leaf_count=29 39 18 30 636 21 31 24 36 41 36 54 69 123 48
internal_value=-0.00211165 -0.00317863 -0.00354982 -0.00309872 -0.00264789 0.0107368 0.00375 0.00775862 -0.00324405 -0.00366081 -0.00309345 -0.00446176 0.00119469 0.00757282
internal_weight=1235 1141 1123 1093 1064 94 55 57 1007 966 930 705 225 102
internal_count=1235 1141 1123 1093 1064 94 55 57 1007 966 930 705 225 102
is_linear=0
shrinkage=0.03


Tree=154
num_leaves=15
num_cat=0
split_feature=36 51 33 31 30 24 24 22 22 22 14 3 29 30
split_gain=16.0452 7.78445 6.52381 7.87341 7.58586 6.37498 10.8365 8.53687 6.41761 7.12865 6.85141 7.51784 5.48105 5.34261
threshold=12.472757833218662 3.0283541157189284 11.633255522990355 12.500000000000002 0.8765243902439025 0.8953546884978888 0.87083633958633977 9.5650242220153512 7.7964555716377353 9.2731773788946281 0.38323331061201288 4.2543046493342835 12.45916666666667 0.97825059101654854
decision_type=2 2 2 2 2 2 2 2 2 2 2 2 2 2
left_child=1 -1 3 -3 12 6 13 8 10 -10 -7 -12 -5 -6
right_child=-2 2 -4 4 5 7 -8 -9 9 -11 11 -13 -14 -15
leaf_value=-0.000476448384104125 0.030856397744888995 -4.9991559014257447e-05 -0.00033794524642759337 0.00011254305587119928 -0.00013499557404782702 0.00012261514930231977 0.00012288694459880234 0.0032472625302118981 -0.00036556585921678983 -5.8149756869032564e-05 -9.5560437121433586e-05 0.00021017780376583582 0.00010071770028425186 6.5319745871172946e-05
leaf_weight=62 14.999999999999998 747 18 15.999999999999998 22 19 25 29 24 49 54 15.999999999999998 19 24
leaf_count=62 15 747 18 16 22 19 25 29 24 49 54 16 19 24
internal_value=-0.00171053 -0.00213333 -0.00152399 -0.00120574 0.00291946 0.00114068 0.00875 -0.00171875 -0.00441718 -0.0109459 0.001 -0.00338028 0.0158333 0
internal_weight=1139 1124 1062 1044 297 262 71 191 162 73 89 70 35 46
internal_count=1139 1124 1062 1044 297 262 71 191 162 73 89 70 35 46
is_linear=0
shrinkage=0.03


Tree=155
num_leaves=15
num_cat=0
split_feature=36 35 19 13 51 3 42 7 39 42 22 39 12 34
split_gain=19.6723 14.2791 10.1971 9.75955 8.60846 8.18853 8.85476 10.0645 8.4021 9.40937 17.2378 8.90688 8.11496 7.89174
threshold=12.472757833218662 0.062498164847895117 0.056073584762109357 0.99734229953454145 5.6346540624069537 6.0205783047701278 7.7376447404344288 3.6546309414379663 2.9921875000000004 9.6585361225665896 9.0434432576225525 14.625000000000002 0.32873988439306362 17.25755468116051
decision_type=2 2 2 2 2 2 2 2 2 2 2 2 2 2
left_child=1 3 12 5 13 6 7 -1 9 10 -8 -10 -3 -4
right_child=-2 2 4 -5 -6 -7 8 -9 11 -11 -12 -13 -14 -15
leaf_value=-0.00023668361267279668 0.030038390485790416 -0.00038163446864052374 -2.9676366985559311e-06 0.0041567298349652199 -0.00027063682389421472 0.017291975247697954 -0.00064662788894863322 0.0043996307658161222 -0.0067344270338305645 -0.00035637145312390371 0.0016432462302263739 -0.001873486889828172 0.0030011049511506059 0.00046842667682434806
leaf_weight=310 18 25 390 42 43 15.999999999999998 35 24 65 21 24 84 40 38
leaf_count=310 18 25 390 42 43 16 35 24 65 21 24 84 40 38
internal_value=-0.00186224 -0.00235751 0.00122905 -0.00545016 -0.000317797 -0.00646552 -0.00707447 -0.0039403 -0.0116087 -0.0037037 0.0025 -0.0158 0.0122727 0.000979021
internal_weight=1175 1157 536 621 471 579 563 334 229 80 59 149 65 428
internal_count=1175 1157 536 621 471 579 563 334 229 80 59 149 65 428
is_linear=0
shrinkage=0.03


Tree=156
num_leaves=15
num_cat=0
split_feature=36 21 23 35 23 23 9 11 23 7 22 9 4 24
split_gain=19.8926 14.4588 11.7047 11.1565 15.0218 9.76255 7.9031 9.75224 10.7653 17.7981 8.2082 7.83995 8.35567 8.02778
threshold=12.472757833218662 5.1445203248727855 9.4827775519898037 0.38070580529969306 8.3265946332991572 7.577085577741606 1.5876517299795994 0.28571449453167602 6.5735770391047712 3.6546309414379663 9.3781939421103342 0.72955223103325684 4.2789939178913645 0.99750470413268555
decision_type=2 2 2 2 2 2 2 2 2 2 2 2 2 2
left_child=1 2 3 4 5 6 7 8 9 10 -1 -5 -13 -14
right_child=-2 -3 -4 11 -6 -7 -8 -9 -10 -11 -12 12 13 -15
leaf_value=-0.00036429559970324485 0.029029554097968608 0.013945189074791239 -0.00041639003405933737 0.0041680545988001683 -0.0085560910837355047 0.0015939488433195825 -0.0027805940398539408 0.0029454452363497216 -0.004747119000606914 0.0064635981032127874 0.00028149900334387238 1.4638042627673763e-06 -0.00037018543458130267 0.00015655707125871164
leaf_weight=383 18 25 23 27 27 48 17 30 50 17 50 469 17 18
leaf_count=383 18 25 23 27 27 48 17 30 50 17 50 469 17 18
internal_value=-0.00204098 -0.0025208 -0.00300765 -0.00257366 -0.00529695 -0.00427852 -0.00541971 -0.00474576 -0.0057485 -0.00425721 -0.00546083 0.000620301 -0.000237624 -0.0141667
internal_weight=1219 1201 1176 1153 622 595 547 530 500 450 433 531 504 35
internal_count=1219 1201 1176 1153 622 595 547 530 500 450 433 531 504 35
is_linear=0
shrinkage=0.03


Tree=157
num_leaves=15
num_cat=0
split_feature=41 3 19 13 35 14 24 35 44 24 12 0 0 38
split_gain=20.1194 11.8395 10.9528 10.2378 11.1252 8.63388 12.7852 7.72729 7.20088 9.83909 10.3513 7.1026 16.7669 31.1219
threshold=10.157174693333596 4.9668634785589907 0.56503845354396187 0.031176843647556685 0.062498164847895117 0.75758774453394728 0.92110422956023796 0.93772519388421127 0.87409401350310023 0.41586089338484333 0.16399364717978851 5.0000000000000009 7.5000000000000009 0.25378787878787884
decision_type=2 2 2 2 2 2 2 2 2 2 2 2 2 2
left_child=1 2 5 -3 -5 7 -7 -1 9 11 -11 -4 13 -13
right_child=-2 3 8 4 -6 6 -8 -9 -10 10 -12 12 -14 -15
leaf_value=-0.00025125528144548159 0.012960587652154456 0.017169580189692508 -0.00065558157420257885 -0.0028748939624625258 0.0045028529278093908 0.020437781575313861 -0.00080307840178903578 4.3021338315428203e-05 0.0016678701098734332 0.00020448968292016334 6.7357182831476176e-07 0.0092028833586733378 -0.0014192169148980372 -0.00075636035110643091
leaf_weight=523 22 17 48 35 41 18 58 57 26 30 233 33 46 24
leaf_count=523 22 17 48 35 41 18 58 57 26 30 233 33 46 24
internal_value=-0.00170792 -0.0022437 -0.00311759 0.00797872 0.00311688 -0.00557078 0.0038961 -0.00681583 0.000544218 -0.000433735 0.00306818 -0.00651316 -0.00201923 0.0087931
internal_weight=1211 1189 1096 93 76 656 76 580 440 414 263 151 103 57
internal_count=1211 1189 1096 93 76 656 76 580 440 414 263 151 103 57
is_linear=0
shrinkage=0.03


Tree=158
num_leaves=15
num_cat=0
split_feature=33 11 17 11 35 42 42 33 5 8 22 42 24 10
split_gain=19.6488 9.96918 12.0274 11.1769 9.39309 8.22108 13.7079 7.76313 6.96401 6.84632 6.06894 13.4303 5.85486 5.6859
threshold=11.721443160930765 0.16788856330600585 10.78248046637596 0.28932843927025892 0.048046733905698656 9.9130813529215018 8.1209157439726116 11.50774884136599 4.078565069348012 5.3982408083656503 11.721396895114589 8.6889498293263916 0.99750470413268555 0.081765835163988151
decision_type=2 2 2 2 2 2 2 2 2 2 2 2 2 2
left_child=1 2 7 -3 9 6 -5 8 -1 10 11 13 -6 -4
right_child=-2 3 4 5 12 -7 -8 -9 -10 -11 -12 -13 -14 -15
leaf_value=2.9978118515738837e-06 0.027769849845464906 -0.00057065240003547637 -0.0033451827126537012 0.0059057825498401301 -0.001057108865795302 0.011418894961120607 -0.0042957974081634298 -0.00011297220470295687 0.0065354023384834193 0.004332836186918136 -0.0074932924858623941 0.00044593477241728572 0.0024441213526651137 -0.00029585803440357382
leaf_weight=669 21 184 47 19 37 15.999999999999998 18 53 24 14.999999999999998 24 17 31 18
leaf_count=669 21 184 47 19 37 16 18 53 24 15 24 17 31 18
internal_value=-0.00218593 -0.002711 -0.0013141 -0.00819328 -0.00805263 0.00388889 -0.00394737 0.000401606 0.0012536 -0.0130328 -0.0157009 -0.0115663 0.000869565 -0.0177273
internal_weight=1193 1172 935 237 189 53 37 746 693 121 106 82 68 65
internal_count=1193 1172 935 237 189 53 37 746 693 121 106 82 68 65
is_linear=0
shrinkage=0.03


Tree=159
num_leaves=15
num_cat=0
split_feature=33 37 42 24 9 42 38 30 0 29 23 22 22 12
split_gain=19.1058 14.8045 10.9368 11.5955 9.22675 12.8319 11.034 9.15996 11.3319 14.4059 7.88491 9.30694 8.07234 10.6335
threshold=11.721443160930765 1.1901056208558034 7.4270566078494751 0.80289543687333753 0.55133117094857398 10.157174693333596 0.062558586426696677 0.97825059101654854 7.5000000000000009 0.49705882352941183 9.4827775519898037 12.044376294546206 11.860458944843771 0.16439024901861413
decision_type=2 2 2 2 2 2 2 2 2 2 2 2 2 2
left_child=1 -1 7 -4 6 10 -5 8 -3 -10 11 12 13 -6
right_child=-2 2 3 4 5 -7 -8 -9 9 -11 -12 -13 -14 -15
leaf_value=-0.00031032295790809239 0.026936754350100962 0.00010406874295485368 2.3234642295011375e-05 2.8400804993617967e-05 2.3029717488620704e-05 0.010560951233048326 -0.0061116426542114763 -0.00010470675448829763 0.00012706147225292398 -0.0042819099521368385 -0.00044573837187242835 0.00055267480250060336 -0.00011797546306159922 -0.00016595457199597652
leaf_weight=101 21 305 173 33 44 36 78 82 21 19 17 25 45 202
leaf_count=101 21 305 173 33 44 36 78 82 21 19 17 25 45 202
internal_value=-0.00179551 -0.00230964 -0.0012766 -0.0037156 -0.00611227 -0.00381081 -0.0136607 0.00245327 0.00459538 -0.0102439 -0.00565868 -0.00454259 -0.00606164 -0.00388664
internal_weight=1202 1181 1080 653 480 369 111 427 345 40 333 316 291 246
internal_count=1202 1181 1080 653 480 369 111 427 345 40 333 316 291 246
is_linear=0
shrinkage=0.03


Tree=160
num_leaves=15
num_cat=0
split_feature=33 36 33 42 12 23 7 0 42 4 5 49 9 24
split_gain=18.6927 9.93004 11.3309 7.22858 6.56536 7.69609 14.1666 8.26177 7.5646 7.57749 8.02193 6.43647 6.18777 5.40484
threshold=11.721443160930765 6.362127480360777 11.531524625801351 10.157174693333596 0.44702039184355963 6.813725536336352 3.6546309414379663 7.5000000000000009 7.2943334466545817 2.1685898127049179 0.87409401350310023 0.88907562519182193 1.5163035870772088 0.89751769553963379
decision_type=2 2 2 2 2 2 2 2 2 2 2 2 2 2
left_child=1 4 3 13 5 6 7 8 9 10 -1 -6 -4 -3
right_child=-2 2 12 -5 11 -7 -8 -9 -10 -11 -12 -13 -14 -15
leaf_value=-0.00039269346078035891 0.026128651719597929 2.2532809819775234e-05 -0.00012142645742408087 0.009611201211370499 -0.0003518589584900983 -0.0097689756502502331 0.0046845409971132757 -0.00093236374173562557 0.0013332330923826838 -0.0014277284186485684 0.00022995315514468399 0.0032638650528940445 -4.9421647926948253e-05 -1.5205291444135433e-05
leaf_weight=34 21 217 20 19 306 33 14.999999999999998 37 26 37 40 38 25 336
leaf_count=34 21 217 20 19 306 33 15 37 26 37 40 38 25 336
internal_value=-0.00149378 -0.00200169 0.000631068 0.0017801 -0.00486772 -0.00887892 -0.00647368 -0.00891429 -0.00543478 -0.00883929 -0.0032 -0.00226087 -0.0136957 0.00113718
internal_weight=1204 1183 617 572 566 222 189 174 137 111 74 344 45 553
internal_count=1204 1183 617 572 566 222 189 174 137 111 74 344 45 553
is_linear=0
shrinkage=0.03


Tree=161
num_leaves=15
num_cat=0
split_feature=36 49 36 42 10 51 13 12 10 10 42 38 42 5
split_gain=15.8139 16.2445 9.56504 9.20114 18.6643 8.74391 9.57054 8.71155 11.5482 6.88616 8.11265 11.3943 10.22 10.8711
threshold=12.472757833218662 3.991927716564355 12.227887277098384 9.9406718377401635 0.70056671708886387 4.0151239672816921 0.6040464530775892 0.16440070242957763 0.69027655767899543 0.40376984126984133 8.6889498293263916 0.038336713995943211 7.4848298600045071 4.9928691341936906
decision_type=2 2 2 2 2 2 2 2 2 2 2 2 2 2
left_child=1 2 3 7 5 -5 -7 8 -1 10 12 -12 13 -9
right_child=-2 -3 -4 4 -6 6 -8 9 -10 -11 11 -13 -14 -15
leaf_value=-2.9758311043948102e-06 0.02551703559671048 0.016275003271160115 -0.00012397557837745543 0.0030230652738881098 0.00067511891070490824 -0.00026681240686948104 0.0073475330963175432 -3.7914377715716482e-05 7.8980762727867687e-05 -0.00017269984598490161 0.0028261753279896452 -1.5382447790058817e-05 -0.0010546445901407975 0.0075774632175725108
leaf_weight=178 14.999999999999998 14.999999999999998 38 15.999999999999998 41 60 18 213 44 332 17 44 150 14.999999999999998
leaf_count=178 15 15 38 16 41 60 18 213 44 332 17 44 150 15
internal_value=-0.00150376 -0.00190355 -0.00231362 -0.00180691 0.00551471 -0.00189474 -0.00607595 -0.00280684 0.00242152 -0.00431347 -0.00184091 0.00822581 -0.00348285 0.000524017
internal_weight=1196 1181 1166 1128 135 94 78 993 222 771 439 61 378 228
internal_count=1196 1181 1166 1128 135 94 78 993 222 771 439 61 378 228
is_linear=0
shrinkage=0.03


Tree=162
num_leaves=15
num_cat=0
split_feature=36 11 42 33 50 35 12 14 37 30 3 29 22 51
split_gain=18.5946 12.4691 13.5008 11.7156 7.88273 5.64194 5.50385 6.81542 5.45626 8.5259 7.03359 10.0591 10.6993 9.53445
threshold=12.472757833218662 0.16788856330600585 9.9406718377401635 11.50774884136599 6.4714858376306079 0.93767540330587174 0.62558224830368614 0.74956445993031362 2.2866447193021022 0.97915762049500665 3.5084090924834279 10.988095238095239 9.2254929791610447 5.4669913544436604
decision_type=2 2 2 2 2 2 2 2 2 2 2 2 2 2
left_child=1 3 6 4 8 -5 -3 -8 9 10 -1 12 -12 -13
right_child=-2 2 -4 5 -6 -7 7 -9 -10 -11 11 13 -14 -15
leaf_value=1.2638377452265369e-05 0.024899953508572201 -0.00060635600969597629 0.0094284943546516144 -0.00013411796383401952 0.011147880435049834 0.00043564279392001027 9.1485285015252541e-06 -0.0016441012044713754 -0.001290674980309303 -2.5002429349099129e-05 0.00014608403743850945 -0.00025424696339687136 3.0169011529821431e-05 5.6924877023467598e-06
leaf_weight=250 18 125 23 37 15.999999999999998 14.999999999999998 70 15.999999999999998 166 175 82 18 57 85
leaf_count=250 18 125 23 37 16 15 70 16 166 175 82 18 57 85
internal_value=-0.00101386 -0.00150528 -0.00765957 9.97783e-05 0.000952941 -0.0135849 -0.0100472 -0.00413793 0.000539568 0.0017515 0.00377282 0.00740741 0.0126429 0.000288462
internal_weight=1153 1135 234 901 849 52 211 86 833 667 492 242 139 103
internal_count=1153 1135 234 901 849 52 211 86 833 667 492 242 139 103
is_linear=0
shrinkage=0.03


Tree=163
num_leaves=15
num_cat=0
split_feature=41 20 13 42 42 12 30 42 18 43 12 42 34 20
split_gain=15.6799 10.2289 8.75751 12.9482 14.8076 9.74975 11.201 11.1263 13.0736 10.5275 9.03709 8.54082 8.29639 8.16572
threshold=10.157174693333596 4.7080054834505152 0.58365660024906607 10.114558537326888 8.6889498293263916 0.16440070242957763 0.98076211616722164 7.2213002097618082 0.92866624821563437 0.65051499783199074 0.16452903818999928 7.2038114190589599 17.290598537364708 2.5925102875393393
decision_type=2 2 2 2 2 2 2 2 2 2 2 2 2 2
left_child=1 2 3 4 5 6 -1 8 9 -7 -6 -3 -10 -5
right_child=-2 11 -4 13 10 7 -8 -9 12 -11 -12 -13 -14 -15
leaf_value=5.593878057861656e-05 0.01168875091762003 0.0094997161695365203 -0.00070084165425068348 -4.0196192222796687e-05 2.1320958868020767e-06 -0.00036562967041793625 -2.1002149714001162e-05 -0.00020264914682738942 5.7182998654998204e-05 -8.0169819086955418e-05 0.00055294682638735938 0.0011439267121532226 -0.00044466630815520987 -0.0004317730038643974
leaf_weight=101 22 15.999999999999998 259 57 66 27 67 187 103 118 78 50 19 24
leaf_count=101 22 16 259 57 66 27 67 187 103 118 78 50 19 24
internal_value=-0.00105439 -0.00153453 -0.00222222 -0.000742925 0.000469361 -0.00154093 0.00461538 -0.00382418 0.00011194 -0.0059589 0.00910345 0.00985075 0.00731707 -0.0120732
internal_weight=1194 1172 1106 847 766 622 168 454 267 145 144 66 122 81
internal_count=1194 1172 1106 847 766 622 168 454 267 145 144 66 122 81
is_linear=0
shrinkage=0.03


Tree=164
num_leaves=15
num_cat=0
split_feature=36 49 36 19 21 22 41 0 51 42 10 34 34 14
split_gain=15.5934 7.16261 6.91417 8.25611 13.3327 7.92264 6.74167 8.76669 8.08295 6.83701 6.54117 8.36048 7.17145 10.3664
threshold=12.784524258890857 3.0268725654072139 12.335663529849294 0.33094048165549128 2.5943761204130147 12.044376294546206 8.6776178370319261 5.0000000000000009 6.8112181411102464 8.6889498293263916 0.085552561804924779 0.4797382574132712 12.845651288925692 0.23733549607292023
decision_type=2 2 2 2 2 2 2 2 2 2 2 2 2 2
left_child=1 2 3 6 5 -5 7 8 10 -9 11 -1 13 -12
right_child=-2 -3 -4 4 -6 -7 -8 9 -10 -11 12 -13 -14 -15
leaf_value=-0.0050880039279360672 0.024114422102920505 0.014284613071088421 -0.00032676612112984669 -7.102470009736419e-06 0.0069731978075223411 0.00054325181800853886 0.0015837935133690717 -0.0012314078285834817 0.0028365812669061317 -0.00013248158452065895 0.0020594836083374741 0.00019836930185010952 -0.0010960029308300112 -0.00023725929480293117
leaf_weight=17 14.999999999999998 15.999999999999998 22 642 18 14.999999999999998 27 167 20 104 36 14.999999999999998 15.999999999999998 72
leaf_count=17 15 16 22 642 18 15 27 167 20 104 36 15 16 72
internal_value=-0.00129676 -0.00169192 -0.00197099 -0.00164348 0.000488166 -0.000227964 -0.00467368 -0.00555804 -0.000338983 -0.00893382 -0.00267516 -0.0145455 0.00048 0.00330275
internal_weight=1202 1187 1171 1149 675 657 474 447 176 271 156 32 124 108
internal_count=1202 1187 1171 1149 675 657 474 447 176 271 156 32 124 108
is_linear=0
shrinkage=0.03


Tree=165
num_leaves=15
num_cat=0
split_feature=23 35 24 29 19 4 21 23 9 43 20 41 3 36
split_gain=16.0389 9.04438 10.6582 7.88593 8.90756 12.5906 8.54887 7.35971 8.39057 6.87092 5.40151 4.52859 6.57859 6.10606
threshold=9.979989337477214 0.062498164847895117 0.9989896148397307 0.47540528022232525 0.12253942656240431 3.0925295740367051 2.6499450490353786 9.3459869816169299 1.5163035870772088 0.87409401350310023 1.5249964284600714 7.1344629766724639 4.3477638511307903 7.8353892398131952
decision_type=2 2 2 2 2 2 2 2 2 2 2 2 2 2
left_child=1 3 7 4 5 9 -6 10 -9 -1 -3 -12 13 -13
right_child=-2 2 -4 -5 6 -7 -8 8 -10 -11 11 12 -14 -15
leaf_value=0.0028095953215214096 0.021476052882277722 -0.001415005937072471 0.0042399262533112433 -0.00088859094982503327 1.595482429798567e-05 -0.0040390582961411115 0.0096993051772823156 -0.00010555940494423543 3.0624031834856071e-05 -0.000326438145938821 3.5364555989708668e-05 -0.00053123838710058104 -0.00028084991608992582 1.8721825029679451e-05
leaf_weight=37 22 17 28 217 165 38 21 32 21 113 137 37 22 265
leaf_count=37 22 17 28 217 165 38 21 32 21 113 137 37 22 265
internal_value=-0.00132992 -0.0018245 0.000910714 -0.00440878 -0.00176 -0.00634921 0.0028877 -5.6391e-05 -0.0105556 -0.00238411 0.00112735 0.00175325 -0.000184615 0.000990099
internal_weight=1172 1150 559 591 374 188 186 531 53 150 478 461 324 302
internal_count=1172 1150 559 591 374 188 186 531 53 150 478 461 324 302
is_linear=0
shrinkage=0.03


Tree=166
num_leaves=15
num_cat=0
split_feature=33 33 35 19 30 0 38 39 16 24 22 12 13 19
split_gain=16.6058 8.55101 7.81229 6.6278 9.11255 8.50405 9.73969 6.74277 10.6831 6.33693 7.96863 7.02164 7.08397 6.87459
threshold=11.721443160930765 11.50774884136599 0.93767540330587174 0.33148352472156767 0.97915762049500665 5.0000000000000009 0.06245464441219159 13.537878787878791 0.26875000000000004 0.98348005007770578 11.926407563605883 0.16468822031869537 0.4972388080621199 0.57038581856100112
decision_type=2 2 2 2 2 2 2 2 2 2 2 2 2 2
left_child=1 3 -3 5 9 -1 -7 8 -8 10 11 13 -13 -5
right_child=-2 2 -4 4 -6 6 7 -9 -10 -11 -12 12 -14 -15
leaf_value=4.3453174273172525e-05 0.022006119881504711 -0.00012181446868534173 0.00017637294964530702 1.2593797337847046e-05 -2.1239560840257686e-05 0.00025326356964053509 -0.001553596217590319 -0.00059615535696855737 3.5160911529343863e-05 0.0067735309820284124 0.00040896157806143748 0.00044733854308707941 -0.0004127591437506228 7.9290988465614557e-05
leaf_weight=191 20 32 15.999999999999998 146 188 72 94 113 28 23 21 94 102 53
leaf_count=191 20 32 16 146 188 72 94 113 28 23 21 94 102 53
internal_value=-0.000728643 -0.00120102 -0.0134694 -0.000666075 0.00138535 -0.00324649 -0.00633117 -0.00927966 -0.0141463 0.00375 0.0028777 0.00189394 -0.00213198 0.00585
internal_weight=1193 1173 48 1125 627 498 307 235 122 439 416 395 196 199
internal_count=1193 1173 48 1125 627 498 307 235 122 439 416 395 196 199
is_linear=0
shrinkage=0.03


Tree=167
num_leaves=15
num_cat=0
split_feature=36 36 11 33 12 42 42 12 35 42 10 24 4 34
split_gain=16.7634 13.4188 13.1389 10.7964 9.12555 6.89231 10.8404 17.9656 11.7074 10.53 9.78583 9.52341 9.82624 9.36115
threshold=12.472757833218662 12.388876725022991 0.16776596309344624 7.7802513451009361 0.5410199556541021 7.1344629766724639 8.6889498293263916 0.16452903818999928 0.7502260386348284 10.483797810117629 0.71971362136126171 0.79980506822612096 2.4157877272264945 7.7231770833333337
decision_type=2 2 2 2 2 2 2 2 2 2 2 2 2 2
left_child=1 2 5 4 -4 11 -7 8 -8 10 -9 12 -1 -13
right_child=-2 -3 3 -5 -6 6 7 9 -10 -11 -12 13 -14 -15
leaf_value=5.9760753192598931e-05 0.02151024721329373 -0.00033836202805596292 -0.00063501991300039156 0.0005781858267063639 -0.0003730843321771304 -6.4286545763596602e-05 2.8473583736583484e-05 0.00081478946077632335 -0.00011995997675837256 -0.0025997315011588328 -8.84988187179081e-06 0.0002978126507682288 -0.0010540567018699164 2.2364250246520166e-05
leaf_weight=117 17 14.999999999999998 104 28 99 389 35 94 55 20 24 61 33 107
leaf_count=117 17 15 104 28 99 389 35 94 55 20 24 61 33 107
internal_value=-0.000400334 -0.000837563 -0.000462725 -0.00685345 -0.00926471 0.00112179 -0.000728155 0.00445415 -0.00593407 0.011223 0.0146218 0.00470219 -0.000794702 0.0095858
internal_weight=1198 1181 1166 231 203 935 617 228 90 138 118 318 150 168
internal_count=1198 1181 1166 231 203 935 617 228 90 138 118 318 150 168
is_linear=0
shrinkage=0.03


Tree=168
num_leaves=15
num_cat=0
split_feature=33 33 20 49 23 9 42 42 33 19 5 42 10 23
split_gain=17.1834 10.9052 9.32699 13.5949 10.7763 7.2663 12.0095 16.0915 12.0126 10.9525 9.09105 8.96644 7.7209 8.64342
threshold=11.721443160930765 11.50774884136599 1.8095466653133714 2.5376603156764395 2.8407042947295422 0.87397415448452798 7.4848298600045071 8.6889498293263916 4.7363337589527665 0.10287905892049341 2.3560090002256255 9.9406718377401635 0.70526439244522188 9.1339945388525976
decision_type=2 2 2 2 2 2 2 2 2 2 2 2 2 2
left_child=1 2 4 5 -1 6 8 10 -4 -10 -8 -7 13 -13
right_child=-2 -3 3 -5 -6 11 7 -9 9 -11 -12 12 -14 -15
leaf_value=-7.0869174745422642e-05 0.020808414704923013 -0.00010334433793613317 -0.0010578789795641157 0.014448432728581309 -0.00088153181968564918 4.7486007393288122e-06 0.00012865208077393164 0.00013374173624223218 -0.00013589556091892497 0.0024367677742101112 -0.0049080810804585226 0.0071194556697615451 0.00056882055725023136 -0.00012260572094157095
leaf_weight=207 20 58 40 14.999999999999998 125 447 14.999999999999998 65 20 31 91 21 37 18
leaf_count=207 20 58 40 15 125 447 15 65 20 31 91 21 37 18
internal_value=-0.0011891 -0.00166247 -0.00100618 0.000749064 -0.00522523 0.00019084 -0.00387833 -0.00854651 0.0048913 0.0144231 -0.0157009 0.00223282 0.0116883 0.00225
internal_weight=1210 1190 1132 800 332 785 262 171 91 51 106 523 76 39
internal_count=1210 1190 1132 800 332 785 262 171 91 51 106 523 76 39
is_linear=0
shrinkage=0.03


Tree=169
num_leaves=15
num_cat=0
split_feature=33 8 49 43 42 0 7 10 10 22 13 11 38 19
split_gain=21.2385 9.52824 7.23741 6.66371 13.194 13.3078 19.1436 12.0767 16.6301 11.779 10.8377 10.3502 10.8514 8.53922
threshold=11.721443160930765 0.81162464519895028 2.3119036551835941 1.4911356165197844 10.157174693333596 5.0000000000000009 2.7264794139464885 0.71971362136126171 0.70056671708886387 11.505081690260374 0.58186439054618644 0.16446670756761328 0.33695652173913049 0.33311489733508087
decision_type=2 2 2 2 2 2 2 2 2 2 2 2 2 2
left_child=1 -1 3 4 5 11 7 8 9 13 -8 -3 -13 -7
right_child=-2 2 -4 -5 -6 6 10 -9 -10 -11 -12 12 -14 -15
leaf_value=-0.0005519489164057845 0.020184162263775323 5.2261400857888658e-05 0.010958093166456262 -0.00081283689217832801 0.011880375577457145 -0.0003843538090796102 -0.00017552830575397137 -0.00019604006136497709 0.00021457196205975748 -0.0001130806362944825 -0.0068028223078262411 -0.0020921776321804449 0.00045473766690052317 2.8882033500101655e-05
leaf_weight=33 21 262 25 244 33 79 74 55 55 58 41 30 30 167
leaf_count=33 21 262 25 244 33 79 74 55 55 58 41 30 30 167
internal_value=-0.000571192 -0.00111205 -0.000649913 -0.00100974 0.00020339 -0.000528169 -0.00345283 -0.000433735 0.00158333 -0.00118033 -0.0142241 0.00427245 -0.00688525 0.0017004
internal_weight=1207 1186 1153 1128 884 851 529 414 359 304 115 322 60 246
internal_count=1207 1186 1153 1128 884 851 529 414 359 304 115 322 60 246
is_linear=0
shrinkage=0.03


Tree=170
num_leaves=15
num_cat=0
split_feature=23 11 24 50 23 35 17 14 10 10 51 39 51 14
split_gain=16.3723 7.52494 7.8804 12.5186 10.0484 18.9648 8.72637 13.6251 7.54789 21.3573 11.1665 9.62628 7.36879 9.27505
threshold=10.23870277516127 0.18486237410550321 0.91960207633078273 4.2760624914277674 6.6284455141170353 0.062498164847895117 4.0945116279069778 0.093817106413438392 0.70056671708886387 0.7194572039045003 5.4731152880390619 3.1918367346938781 5.5065435855621248 0.38413116264732317
decision_type=2 2 2 2 2 2 2 2 2 2 2 2 2 2
left_child=1 2 8 4 12 -6 -7 -8 11 -10 -11 -1 13 -4
right_child=-2 -3 3 -5 5 6 7 -9 9 10 -12 -13 -14 -15
leaf_value=-1.8899524206549279e-05 0.019167238340287628 -0.00033160972586441796 0.00011083003621816411 0.013509913777941597 -0.0053504553670379873 -6.4949972924017722e-05 -0.00099931195708520722 0.0020882191658491622 0.00033301879765368358 0.00030792358586041014 -0.000157108729838189 -0.00025933463842949146 7.1554693157142022e-05 -0.00024447965261857829
leaf_weight=321 20 198 110 15.999999999999998 71 31 21 50 55 14.999999999999998 41 107 63 91
leaf_count=321 20 198 110 16 71 31 21 50 55 15 41 107 63 91
internal_value=-0.000545004 -0.00100756 6.0423e-05 0.00297357 0.0019863 -0.00362069 0.00466019 0.0104167 -0.00238889 0.00455357 -0.00842105 -0.0041958 0.00566038 0.00282178
internal_weight=1210 1190 992 453 437 173 102 71 539 111 56 428 264 201
internal_count=1210 1190 992 453 437 173 102 71 539 111 56 428 264 201
is_linear=0
shrinkage=0.03


Tree=171
num_leaves=15
num_cat=0
split_feature=33 11 33 51 51 33 42 10 22 42 12 42 12 29
split_gain=17.1222 8.39578 8.79093 6.41735 6.56604 7.05308 5.25625 5.33498 4.87908 7.62383 20.4083 11.6695 20.8772 13.3642
threshold=12.254793714635218 0.16776596309344624 11.633255522990355 7.1657995913366443 3.7578453034690602 1.9661353879497454 9.9406718377401635 0.3609079491725769 12.549435337814282 8.6889498293263916 0.16452903818999928 7.4141529765339804 0.16440070242957763 10.797619047619049
decision_type=2 2 2 2 2 2 2 2 2 2 2 2 2 2
left_child=1 2 3 4 -1 -6 7 -3 9 11 -11 -7 13 -13
right_child=-2 6 -4 -5 5 8 -8 -9 -10 10 -12 12 -14 -15
leaf_value=8.9008085517432436e-05 0.019636422381251024 6.1754997570678815e-06 -0.00031748332152280233 0.0065959757140061697 -0.00093935376939409561 2.57269851766638e-05 0.00670447618596053 -0.00043309863944718583 -0.007500130964541901 -5.848212433827271e-05 0.00046118339340643687 -4.2074326042462747e-06 -0.00019349370625411754 6.6407485458485073e-05
leaf_weight=123 17 64 15.999999999999998 28 14.999999999999998 288 26 167 14.999999999999998 83 90 59 181 18
leaf_count=123 17 64 16 28 15 288 26 167 15 83 90 59 181 18
internal_value=-0.00070529 -0.00114991 0.000196292 0.000599334 0.000137457 -0.00092 -0.00593023 -0.00737069 -0.000489796 -0.000125 0.00534483 -0.00186472 -0.00648649 0.00653846
internal_weight=1190 1173 916 900 872 749 257 231 734 719 173 546 258 77
internal_count=1190 1173 916 900 872 749 257 231 734 719 173 546 258 77
is_linear=0
shrinkage=0.03


Tree=172
num_leaves=15
num_cat=0
split_feature=33 11 33 42 42 9 7 10 42 17 34 42 43 30
split_gain=16.5891 10.401 7.86677 7.67997 11.0694 12.4066 11.6204 10.8197 11.5736 8.57416 8.40762 7.93431 7.81577 10.0937
threshold=12.254793714635218 0.16776596309344624 11.50774884136599 8.7281667507216216 7.4848298600045071 0.52136927895353902 3.9930020505769641 0.70526439244522188 9.8179155038493597 10.78248046637596 0.18207557089897716 7.9342845548604641 1.5118319590988969 0.98076211616722164
decision_type=2 2 2 2 2 2 2 2 2 2 2 2 2 2
left_child=1 2 3 4 6 10 12 8 -5 -8 11 -6 13 -1
right_child=-2 -3 -4 7 5 -7 9 -9 -10 -11 -12 -13 -14 -15
leaf_value=4.6636693916051185e-05 0.018847374859172757 -0.00043395557862339505 -8.4352923389103822e-05 0.00035960949420883764 -0.0007789167642945693 -4.3360330847042052e-06 0.0064946643233384166 0.00045219247827263051 -9.6707574099568199e-05 0.00071649311450548312 -0.0099454160440630521 0.00059831425231349623 -0.0010069795210192461 -7.6023371866243243e-05
leaf_weight=203 15.999999999999998 251 57 54 23 215 23 35 85 28 40 15.999999999999998 92 68
leaf_count=203 16 251 57 54 23 215 23 35 85 28 40 16 92 68
internal_value=-0.00119304 -0.00161209 -0.000159574 0.000543601 -0.000846262 -0.00528814 0.00231325 0.00617143 0.00235714 0.0155769 -0.015375 -0.00525 0.000412088 0.00297794
internal_weight=1206 1190 939 882 708 294 414 174 139 51 79 39 363 271
internal_count=1206 1190 939 882 708 294 414 174 139 51 79 39 363 271
is_linear=0
shrinkage=0.03


Tree=173
num_leaves=15
num_cat=0
split_feature=33 49 36 36 37 24 43 42 23 11 12 41 39 34
split_gain=14.5828 14.6044 6.39149 8.80034 9.66804 8.63639 6.55486 14.3475 10.0588 13.4624 7.83152 5.52999 8.33183 10.7518
threshold=11.721443160930765 3.991927716564355 7.4834613140959823 2.7134775442056709 0.87409401350310023 0.92110422956023796 1.4547780146205878 9.9130813529215018 6.5735770391047712 0.055760952514925251 0.36497402931693879 7.1344629766724639 3.175109443402127 11.067574878035176
decision_type=2 2 2 2 2 2 2 2 2 2 2 2 2 2
left_child=1 2 3 5 -5 -1 7 8 9 -6 -10 12 13 -4
right_child=-2 -3 11 4 6 -7 -8 -9 10 -11 -12 -13 -14 -15
leaf_value=-3.2452804305816983e-05 0.017849106328440729 0.013258672935401474 7.4940459964899499e-05 -0.0012657748567783411 0.0028683752632341292 0.00024368833094806308 -0.0027641124073544032 0.025902197463351727 -0.011638198170541666 -0.00016870570280017315 -0.00034760348809334649 3.7565963383334734e-07 5.7485189300098826e-05 -0.00029786912256557632
leaf_weight=170 19 14.999999999999998 15.000000000000002 14.999999999999998 30 40 163 28 22 143 23 405 68 15.999999999999998
leaf_count=170 19 15 15 15 30 40 163 28 22 143 23 405 68 16
internal_value=0.000102302 -0.000337955 -0.000737489 -0.00274016 -0.00522353 0.00227488 -0.00431707 -0.00121457 -0.00383562 -0.000517241 -0.0163043 0.00178218 0.0081 -0.0046875
internal_weight=1172 1153 1138 634 424 210 409 246 218 173 45 504 99 31
internal_count=1172 1153 1138 634 424 210 409 246 218 173 45 504 99 31
is_linear=0
shrinkage=0.03


Tree=174
num_leaves=15
num_cat=0
split_feature=33 33 49 10 33 42 10 13 42 9 43 0 26 12
split_gain=20.0192 7.7848 6.39899 8.10898 5.48419 6.62095 13.5287 16.0652 10.8794 8.2708 9.20303 10.7883 9.08063 7.34172
threshold=11.721443160930765 0.87409401350310023 1.7877093956071803 0.45183946488294324 11.50774884136599 8.6889498293263916 0.70526439244522188 0.14202095550189722 8.3509947212550362 1.5282675529590357 2.1088998399735588 5.0000000000000009 17.704246624022748 0.16440070242957763
decision_type=2 2 2 2 2 2 2 2 2 2 2 2 2 2
left_child=1 -1 4 -4 5 8 7 -7 9 10 12 -12 13 -3
right_child=-2 2 3 -5 -6 6 -8 -9 -10 -11 11 -13 -14 -15
leaf_value=-0.00070849990351234038 0.017462032589941827 2.2898288098037455e-05 0.011994922236304042 -0.00053545511071557972 -8.1833605476444577e-05 0.00072241602838524872 0.00054014016669705616 -0.00010407917984822657 -0.0036772260506607811 0.00031834214595142905 -0.0045523831296452591 0.011190709653106461 0.0010431047096908629 -7.6598369318674751e-05
leaf_weight=22 20 173 18 15.999999999999998 55 57 41 147 58 31 26 18 27 510
leaf_count=22 20 173 18 16 55 57 41 147 58 31 26 18 27 510
internal_value=-0.000467213 -0.000975 -0.000636672 0.012 -0.00102273 -0.000550964 0.00378049 0.000585366 -0.0018128 -0.000877863 -0.00150993 -0.0146667 -0.000675105 -0.00135965
internal_weight=1219 1199 1177 34 1143 1088 245 204 843 785 754 44 710 683
internal_count=1219 1199 1177 34 1143 1088 245 204 843 785 754 44 710 683
is_linear=0
shrinkage=0.03


Tree=175
num_leaves=15
num_cat=0
split_feature=23 41 23 6 8 39 0 10 29 10 42 6 5 7
split_gain=17.0025 8.28715 9.41596 10.0903 6.00898 5.41879 15.0305 14.0701 9.54406 9.2227 9.9874 7.29617 7.56464 5.99188
threshold=10.059384870907223 10.157174693333596 9.4827775519898037 3.8022008345821181 0.87409401350310023 3.41958041958042 5.0000000000000009 0.16903647611676811 13.427754677754679 0.26868074273734655 9.9130813529215018 1.1300356939925376 4.934190288330119 2.8145589662945474
decision_type=2 2 2 2 2 2 2 2 2 2 2 2 2 2
left_child=1 2 3 4 -1 13 8 -8 11 -9 -11 12 -7 -6
right_child=-2 -3 -4 -5 5 6 7 9 -10 10 -12 -13 -14 -15
leaf_value=-0.00029108647449405497 0.016789772160889251 0.0067526509147467452 -0.00037718422809118746 0.012338842654047033 1.3215353650539163e-05 0.00086352317741586633 -0.0057910307879774159 0.0017162262326836308 -0.00076928600188483018 -0.0011119472407132313 0.0061095870856235791 -0.0015907671625903185 0.0059927901591400046 -0.00036593013242650627
leaf_weight=46 21 18 27 20 697 102 71 15.999999999999998 15.999999999999998 90 23 17 14.999999999999998 28
leaf_count=46 21 18 27 20 697 102 71 16 16 90 23 17 15 28
internal_value=-0.00022351 -0.000707666 -0.00102652 -0.000604203 -0.000989305 -0.00052974 -0.00358974 -0.00895522 0.00357616 -0.003 -0.00605263 0.00622222 0.00889831 0.000950413
internal_weight=1207 1186 1168 1141 1121 1075 350 200 150 129 113 134 117 725
internal_count=1207 1186 1168 1141 1121 1075 350 200 150 129 113 134 117 725
is_linear=0
shrinkage=0.03


Tree=176
num_leaves=15
num_cat=0
split_feature=33 20 23 39 42 22 7 13 19 19 22 8 35 42
split_gain=14.7987 9.41657 11.1892 7.76011 10.9796 9.90312 16.6305 11.0396 9.69936 9.68382 7.15037 6.81203 6.78214 6.49524
threshold=12.254793714635218 4.7460099284028692 9.4827775519898037 4.0857142857142863 7.4141529765339804 8.1175568754792504 2.7002707215061332 0.58203239204367863 0.12045397211501151 0.28678517883915189 7.7964555716377353 2.039409591549425 0.87526124273825778 7.5240467802475157
decision_type=2 2 2 2 2 2 2 2 2 2 2 2 2 2
left_child=1 2 3 5 9 10 11 -8 -6 -5 -1 -7 -9 -3
right_child=-2 13 -4 4 8 6 7 12 -10 -11 -12 -13 -14 -15
leaf_value=-2.8327139863730256e-05 0.016918881131660155 0.0077159251346794128 -0.00036586870124844851 -0.00034543237434690288 -0.00071222490007408711 0.0001448373065908526 1.6201513720708327e-05 -8.249733785291396e-05 -0.00802754192824859 0.0026454949364863533 -0.00028624449774392432 0.00057577815878418837 6.3450662845804243e-05 0.00028102941737811582
leaf_weight=409 14.999999999999998 18 17 82 120 71 193 62 43 23 26 47 18 39
leaf_count=409 15 18 17 82 120 71 193 62 43 23 26 47 18 39
internal_value=-0.000532095 -0.000923867 -0.00153777 -0.00115068 -0.00557621 0.000290206 0.00375 -0.000328467 -0.0104268 0.00198113 -0.0028211 0.0131092 -0.00962963 0.0108621
internal_weight=1183 1168 1111 1094 268 826 391 273 163 105 435 118 80 57
internal_count=1183 1168 1111 1094 268 826 391 273 163 105 435 118 80 57
is_linear=0
shrinkage=0.03


Tree=177
num_leaves=15
num_cat=0
split_feature=33 8 16 33 43 36 30 12 35 36 35 35 21 7
split_gain=11.9514 10.7419 8.63162 7.32113 7.52715 8.80301 6.66787 9.70262 7.12933 6.83431 8.71397 6.33311 6.06048 6.00746
threshold=11.721443160930765 0.81162464519895028 0.32408102025506386 11.579933589139872 1.5118319590988969 7.9844925405177447 0.99056603773584917 0.1642537192785303 0.87526880266497009 8.4577226049427896 0.81280690757208951 0.56306074544764806 2.1515784565504661 2.8051607684397815
decision_type=2 2 2 2 2 2 2 2 2 2 2 2 2 2
left_child=1 -1 3 4 6 13 7 11 9 -8 -11 -3 -10 -6
right_child=-2 2 -4 -5 5 -7 8 -9 12 10 -12 -13 -14 -15
leaf_value=-0.00039751157639652754 0.015778512562112774 7.3215778214410769e-05 0.0001870250383441907 -0.00015502596209831409 -0.00040947124272721177 0.0057148423997343753 -0.00040190932298672931 1.1516836682007314e-05 -3.6613567429948023e-05 3.1263826613425748e-06 -4.8938140179331235e-05 0.00011229754429110505 0.00021355393223920438 -0.0032347100358581893
leaf_weight=42 15.999999999999998 27 43 21 156 26 32 666 15.000000000000002 55 20 30 14.999999999999998 49
leaf_count=42 16 27 43 21 156 26 32 666 15 55 20 30 15 49
internal_value=-0.000271829 -0.000626043 -7.78547e-05 -0.000592992 -0.000247253 -0.0050431 0.0010453 0.00219613 -0.005 -0.00861111 -0.00355263 0.0139655 0.00774194 -0.00713592
internal_weight=1213 1197 1155 1112 1091 231 860 723 137 107 75 57 30 205
internal_count=1213 1197 1155 1112 1091 231 860 723 137 107 75 57 30 205
is_linear=0
shrinkage=0.03


Tree=178
num_leaves=15
num_cat=0
split_feature=22 6 41 11 12 22 22 5 23 13 5 22 14 17
split_gain=18.4532 7.00139 7.20971 7.59478 6.60147 6.14451 9.17708 7.98799 7.11248 12.757 10.2768 6.95865 6.66652 9.39689
threshold=14.11633009876271 4.2111002955586896 10.157174693333596 0.13900697859523556 0.16376051869223343 12.247487950150054 12.044376294546206 5.2283204541428008 6.4968650985055509 0.58190194560929676 3.40924596649318 11.804033877806704 0.38394164512818901 2.5492063492063495
decision_type=2 2 2 2 2 2 2 2 2 2 2 2 2 2
left_child=1 2 3 5 -5 6 7 8 10 11 12 -10 13 -1
right_child=-2 -3 -4 4 -6 -7 -8 -9 9 -11 -12 -13 -14 -15
leaf_value=-0.00040764490764271855 0.01507487783180084 0.011167950395500994 0.0051083269775748993 0.00014772903747341582 -0.00010942641972549793 -0.00056425960054399919 0.00069545981239394373 0.0064204485546044384 -4.5085121911181416e-06 -0.00017652875818217282 0.00061486924432081476 0.00012499134099262178 -0.00010149550950485641 8.4743091042344668e-05
leaf_weight=54 28 15.999999999999998 15.999999999999998 58 357 42 17 21 141 111 32 40 148 110
leaf_count=54 28 16 16 58 357 42 17 21 141 111 32 40 148 110
internal_value=-0.000880872 -0.00146907 -0.00175087 -0.00204064 -0.00526442 -0.000167364 0.000533333 -4.55927e-05 -0.000659341 -0.00409556 0.00226087 0.000824176 0.00057508 0.00472727
internal_weight=1191 1163 1147 1131 415 716 674 657 636 292 344 181 312 164
internal_count=1191 1163 1147 1131 415 716 674 657 636 292 344 181 312 164
is_linear=0
shrinkage=0.03


Tree=179
num_leaves=15
num_cat=0
split_feature=33 49 36 23 36 7 51 4 14 42 11 7 23 23
split_gain=14.9248 8.85353 8.0985 10.387 8.0604 10.7766 7.06378 6.22164 4.90478 6.76818 5.60363 5.6035 6.13123 4.46796
threshold=11.721443160930765 3.8067634141609057 7.1910983972391582 9.4827775519898037 2.707143979217348 2.0472705007284202 6.988950737511975 4.4108611702180323 0.98209900990099019 8.6311765752725034 0.28932843927025892 3.9930020505769641 6.813725536336352 4.1823672119938182
decision_type=2 2 2 2 2 2 2 2 2 2 2 2 2 2
left_child=1 2 4 -4 5 13 7 8 10 -10 11 12 -6 -1
right_child=-2 -3 3 -5 6 -7 -8 -9 9 -11 -12 -13 -14 -15
leaf_value=-3.419298685418681e-06 0.015562034975289428 0.011291540281843945 3.7452928257408757e-06 -0.0003160495956271303 -0.00090623700011492289 0.00018035893920992848 0.00066478829307543559 -0.0031323728720369778 -0.0019145613844859283 0.035209747578426244 0.00048455289712510025 0.00056921091594406062 -0.0069314887311101095 -0.00039433552782415114
leaf_weight=141 18 14.999999999999998 539 17 222 37 17 21 28 15.999999999999998 34 29 26 24
leaf_count=141 18 15 539 17 222 37 17 21 28 16 34 29 26 24
internal_value=-0.00111392 -0.00154242 -0.00184896 0.000754039 -0.00427852 0.000591133 -0.00677665 -0.00763926 -0.0066573 0.00266667 -0.00798077 -0.00938849 -0.0108434 -0.00271084
internal_weight=1184 1166 1151 556 595 202 393 376 355 44 311 277 248 165
internal_count=1184 1166 1151 556 595 202 393 376 355 44 311 277 248 165
is_linear=0
shrinkage=0.03


Tree=180
num_leaves=15
num_cat=0
split_feature=33 49 33 11 42 23 24 7 42 42 43 9 24 24
split_gain=18.5068 9.08153 8.75132 7.63407 5.93528 6.67764 6.92046 4.67172 10.397 10.3504 9.9716 7.11111 6.25495 7.12453
threshold=11.954423474970822 3.8067634141609057 11.633255522990355 0.17778304509182355 9.9130813529215018 5.9730425674085694 0.99531335277664079 2.9910016677494142 7.5240467802475157 8.6311765752725034 1.0000000180025095e-35 0.49450267481980509 0.87083633958633977 0.89751769553963379
decision_type=2 2 2 2 2 2 2 2 2 2 2 2 2 2
left_child=1 2 3 7 5 6 -5 12 10 -10 11 -9 -1 -14
right_child=-2 -3 -4 4 -6 -7 -8 8 9 -11 -12 -13 13 -15
leaf_value=-8.7598279529821348e-06 0.015171495915427231 0.011086410324253233 -0.00024728125765753004 -0.00037477639719952658 0.0088485426860662568 -0.0025416734478491531 0.0031289167487621432 0.0052577874207670357 -0.0053831433754990259 0.00045704090663176822 -0.0023356781409862798 -1.5064261869279227e-05 8.1418472538316025e-05 1.4520037419880892e-05
leaf_weight=398 19 15.999999999999998 17 147 29 28 24 24 68 36 18 20 43 338
leaf_count=398 19 16 17 147 29 28 24 24 68 36 18 20 43 338
internal_value=-0.000122349 -0.00059652 -0.000906801 -0.000587734 -0.00550218 -0.00735 -0.00505814 0.000602537 -0.0039521 -0.00971429 0.00571429 0.0133333 0.00157692 0.00431937
internal_weight=1225 1206 1190 1173 228 199 171 945 166 104 62 44 779 381
internal_count=1225 1206 1190 1173 228 199 171 945 166 104 62 44 779 381
is_linear=0
shrinkage=0.03


Tree=181
num_leaves=15
num_cat=0
split_feature=36 8 49 8 0 33 42 10 12 36 22 0 0 0
split_gain=15.6322 7.43885 10.1246 6.43018 7.57481 6.13198 7.05976 8.58704 7.11625 6.93133 6.5158 13.8311 31.0556 11.1615
threshold=12.472757833218662 0.73856062735983141 1.0000000180025095e-35 2.2000271056374374 5.0000000000000009 11.633255522990355 10.144762901471962 0.7149021608433469 0.16461373392463 2.707143979217348 6.4004695900463355 5.0000000000000009 7.5000000000000009 5.0000000000000009
decision_type=2 2 2 2 2 2 2 2 2 2 2 2 2 2
left_child=1 -1 5 4 -4 6 8 -8 -3 -10 11 -11 -13 -12
right_child=-2 2 3 -5 -6 -7 7 -9 9 10 13 12 -14 -15
leaf_value=-0.00037270726868219136 0.014640029048567923 7.53168132485521e-06 0.0032725230576381961 0.013397886376851619 -0.00050620747469691692 -0.00018527916085575135 6.3107850084476167e-06 0.00183633257130416 5.8587942381515542e-05 -0.0041477848680192631 4.5052058910541594e-05 0.0058451947108119524 -0.002702903319924157 -0.00024887432084907957
leaf_weight=35 15.999999999999998 328 15.999999999999998 14.999999999999998 26 17 63 25 154 33 174 28 25 236
leaf_count=35 16 328 16 15 26 17 63 25 154 33 174 28 25 236
internal_value=-0.000327181 -0.000739796 -0.000315513 0.0118966 0.0055814 -0.000968635 -0.000674789 0.00741573 -0.0014096 -0.00322581 -0.0049497 -0.0124138 -0.00277778 -0.00335766
internal_weight=1191 1175 1140 57 42 1083 1066 88 978 650 496 86 53 410
internal_count=1191 1175 1140 57 42 1083 1066 88 978 650 496 86 53 410
is_linear=0
shrinkage=0.03


Tree=182
num_leaves=15
num_cat=0
split_feature=33 23 41 27 51 39 0 10 11 33 11 30 22 8
split_gain=10.5521 7.81373 7.8733 6.18452 5.77208 7.73018 11.1389 11.838 9.95173 9.06115 7.57214 6.42673 9.35557 7.94091
threshold=11.954423474970822 9.4827775519898037 10.144762901471962 25.500000000000004 7.1657995913366443 5.0492277992277996 5.0000000000000009 0.11381521270648239 0.17778304509182355 8.0576215644080111 0.016440287352742573 0.97915762049500665 9.5650242220153512 0.87409401350310023
decision_type=2 2 2 2 2 2 2 2 2 2 2 2 2 2
left_child=1 2 4 -4 5 11 10 -8 9 -9 -7 13 -13 -1
right_child=-2 -3 3 -5 -6 6 7 8 -10 -11 -12 12 -14 -15
leaf_value=-0.00052240195362292046 0.014277150166507368 -0.0003204629043386853 -4.7379103053644118e-05 0.0013216129037612178 0.0060686375547912052 -0.0029696829034136008 -0.0081569636868610851 -0.00086209533270401593 -0.0011349798023053527 0.005231007792422207 0.00095445072600842116 -5.6731126393725906e-05 2.2266996018891482e-05 3.2767682159174911e-05
leaf_weight=40 14.999999999999998 32 18 22 21 14.999999999999998 52 25 66 21 100 158 51 567
leaf_count=40 15 32 18 22 21 15 52 25 66 21 100 158 51 567
internal_value=0.000174419 -0.000151388 0.000259291 0.0131707 -0.000214861 -0.000520073 -0.00482143 -0.00981818 -0.00424779 0.00638298 0.00232759 0.000954712 -0.00357143 0.00251645
internal_weight=1203 1188 1156 40 1116 1095 279 164 112 46 115 816 209 607
internal_count=1203 1188 1156 40 1116 1095 279 164 112 46 115 816 209 607
is_linear=0
shrinkage=0.03


Tree=183
num_leaves=15
num_cat=0
split_feature=41 43 49 36 35 8 8 4 9 42 11 42 11 24
split_gain=10.2095 11.0143 8.14227 7.36747 7.82888 6.71564 6.6636 6.02418 4.85587 4.78595 5.41781 8.21921 11.8603 10.4418
threshold=10.157174693333596 1.4547780146205878 1.5998775886267376 2.7134775442056709 0.048046733905698656 2.1122665313030433 2.449261122041801 2.709693663043824 0.53412620665607635 10.157174693333596 0.17955516071605834 7.4270566078494751 0.16655338498125374 0.82501291989664094
decision_type=2 2 2 2 2 2 2 2 2 2 2 2 2 2
left_child=1 2 9 5 7 -3 -6 8 -5 10 11 12 -1 -13
right_child=-2 3 -4 4 6 -7 -8 -9 -10 -11 -12 13 -14 -15
leaf_value=4.9512221832753721e-05 0.0085843184550256305 -3.6082907333491175e-05 0.0018681215611753798 -0.0019057574311387776 -0.00034346601845307577 0.00021605621925118723 0.0097726610466452191 -0.0042356902634583648 -0.00044296732980524665 0.019589680028052416 -0.00018320241195614927 2.0660933489036191e-05 -0.00089699231465743953 -5.4247264993727561e-05
leaf_weight=287 23 39 19 28 15.000000000000002 17 15.999999999999998 79 66 20 125 156 14.999999999999998 263
leaf_count=287 23 39 19 28 15 17 16 79 66 20 125 156 15 263
internal_value=-0.000615911 -0.00102094 0.000575621 -0.00643678 -0.00907317 0.00315789 0.0046875 -0.0115517 -0.00631579 0.000138408 -0.000212515 0.000789474 0.00455446 -0.00192857
internal_weight=1168 1145 885 260 204 56 31 173 94 866 846 721 302 419
internal_count=1168 1145 885 260 204 56 31 173 94 866 846 721 302 419
is_linear=0
shrinkage=0.03


Tree=184
num_leaves=15
num_cat=0
split_feature=36 49 11 42 23 36 42 12 22 42 39 43 13 21
split_gain=15.5772 9.1619 6.6087 7.2125 9.5846 7.09265 6.30271 13.0607 11.6895 11.4353 9.06938 7.85434 6.96 7.11083
threshold=12.472757833218662 3.8067634141609057 0.174145424701839 9.9406718377401635 5.9730425674085694 12.335663529849294 8.6889498293263916 0.16452903818999928 12.549435337814282 8.4454692752860741 3.1578014184397167 2.1088998399735588 0.58175958165057495 1.8499932771478509
decision_type=2 2 2 2 2 2 2 2 2 2 2 2 2 2
left_child=1 2 5 4 -4 6 9 10 12 11 -8 -1 13 -9
right_child=-2 -3 3 -5 -6 -7 7 8 -10 -11 -12 -13 -14 -15
leaf_value=3.7711961411281136e-06 0.013689319178625333 0.01016246140798025 -0.00017770633959746541 0.00640120247169972 -0.002613272326906617 -9.57367715568802e-05 1.2829685232276233e-05 0.00023644485269315284 -0.0020584769610505547 -0.0042548554483695551 -0.00015432335311580615 -0.0024850858464698722 2.9777610706949173e-05 0.00043508932069610481
leaf_weight=629 15.999999999999998 15.999999999999998 165 24 33 20 44 19 28 23 42 47 32 53
leaf_count=629 16 16 165 24 33 20 44 19 28 23 42 47 32 53
internal_value=-0.000276846 -0.000688776 -0.00100862 -0.00565022 -0.00753769 9.59488e-05 0.000490196 0.00493151 0.0108271 -0.0009 -0.00413793 -0.000177253 0.0154286 0.0205479
internal_weight=1191 1175 1159 222 198 937 917 218 132 699 86 676 104 72
internal_count=1191 1175 1159 222 198 937 917 218 132 699 86 676 104 72
is_linear=0
shrinkage=0.03


Tree=185
num_leaves=15
num_cat=0
split_feature=36 49 43 0 11 10 7 38 34 12 0 0 10 11
split_gain=16.3232 11.1003 7.30347 10.1085 15.9431 12.4373 11.6968 8.65977 8.28858 9.35093 8.08317 18.1867 29.5497 8.55517
threshold=12.472757833218662 3.8067634141609057 1.4547780146205878 5.0000000000000009 0.16655338498125374 0.08469668337111104 5.6449163749976989 0.24487779669260704 15.690841833598776 0.16473530746219153 7.5000000000000009 5.0000000000000009 0.29167375283446717 0.29223527028863522
decision_type=2 2 2 2 2 2 2 2 2 2 2 2 2 2
left_child=1 2 3 4 8 6 -5 -6 -1 -10 11 13 -13 -4
right_child=-2 -3 10 5 7 -7 -8 -9 9 -11 -12 12 -14 -15
leaf_value=0.00012934073619816076 0.013265189722701401 0.010095946663229766 -0.0016059011270864515 -0.0098582933186147151 -0.0022252337678576261 -4.4418502589405051e-06 0.00015227228568657103 3.5473393453963052e-05 -0.00066225153709418227 1.1662367080118029e-05 -0.0019781839502258534 0.0025279027365736153 -0.0013997414175066746 0.0038800844058422411
leaf_weight=216 17 14.999999999999998 80 34 28 538 14.999999999999998 41 15.999999999999998 35 79 61 33 14.999999999999998
leaf_count=216 17 15 80 34 28 538 15 41 16 35 79 61 33 15
internal_value=-2.45098e-05 -0.00044739 -0.000780201 0.000487013 0.00462908 -0.00188776 -0.0162 -0.00814286 0.00794776 -0.00288462 -0.00513011 -0.00173684 0.00757895 -0.0109375
internal_weight=1223 1206 1191 923 336 587 49 69 267 51 268 189 94 95
internal_count=1223 1206 1191 923 336 587 49 69 267 51 268 189 94 95
is_linear=0
shrinkage=0.03


Tree=186
num_leaves=15
num_cat=0
split_feature=8 41 13 29 14 20 35 14 40 51 4 11 35 42
split_gain=11.0085 9.05222 8.00316 7.50314 12.4809 6.34253 7.74486 6.86266 6.27495 8.3432 6.04686 6.33212 6.29438 7.80301
threshold=4.6271112535274286 10.157174693333596 0.58201560142638187 0.15736607142857145 0.40386727551273133 2.1552935574451779 0.81291138228368631 0.38334639077148253 1.2670130530280677 3.0283541157189284 2.220037154508816 0.12530831193327099 0.8752639903989029 7.9342845548604641
decision_type=2 2 2 2 2 2 2 2 2 2 2 2 2 2
left_child=1 2 3 8 5 -5 7 -7 9 -1 11 -4 13 -12
right_child=-2 -3 10 4 -6 6 -8 -9 -10 -11 12 -13 -14 -15
leaf_value=-2.5760804458415109e-05 0.0055423249746088948 0.007305293014468423 0.00067044044359769787 -0.0001880379470517801 -0.0053176944405637951 0.00026752811452913862 -1.6246593228604056e-06 4.3856953757037684e-06 -3.0035682089559757e-05 0.00025586737155954497 -1.5741350210198844e-05 -0.00019172544017357544 6.2103134251753616e-06 -0.00024555241300140864
leaf_weight=32 62 19 22 130 41 55 243 60 45 101 111 94 40 136
leaf_count=32 62 19 22 130 41 55 243 60 45 101 111 94 40 136
internal_value=0.000176174 -0.000504425 -0.000864086 0.00105932 -0.000735849 0.000613497 0.00267409 0.00905172 0.00636872 0.00962687 -0.00423267 0.00153846 -0.0065625 -0.00834677
internal_weight=1191 1129 1110 707 529 488 358 115 178 133 403 116 287 247
internal_count=1191 1129 1110 707 529 488 358 115 178 133 403 116 287 247
is_linear=0
shrinkage=0.03


Tree=187
num_leaves=15
num_cat=0
split_feature=36 33 36 10 33 23 51 33 36 43 42 0 0 10
split_gain=15.9717 6.50136 6.57246 8.64573 6.17294 6.44746 8.74094 6.01492 5.52432 6.04676 9.31454 8.94006 8.93951 19.8838
threshold=12.472757833218662 11.50774884136599 12.07046485435753 0.70526439244522188 0.87409401350310023 8.9154440326887432 7.1657995913366443 8.9137839397959837 2.5814911852927169 1.4547780146205878 9.9130813529215018 7.5000000000000009 5.0000000000000009 0.29167375283446717
decision_type=2 2 2 2 2 2 2 2 2 2 2 2 2 2
left_child=1 2 4 -4 -1 6 7 8 -6 10 -10 12 -11 -14
right_child=-2 -3 3 -5 5 -7 -8 -9 9 11 -12 -13 13 -15
leaf_value=-0.00079713462682782122 0.012661525121151493 -6.467306438988185e-05 -8.6991254713288948e-05 0.00036696105804780995 6.5685191238287202e-05 -0.00016780109522130713 0.0092023635254890896 5.3110932489481842e-05 -4.6179753270745792e-06 -0.0016564558721748335 0.033501468469686817 -0.0050330511248117757 0.0072587459959179007 -0.00097927947953571127
leaf_weight=20 15.999999999999998 52 19 25 175 56 15.999999999999998 73 516 76 15.999999999999998 50 39 32
leaf_count=20 16 52 19 25 175 56 16 73 516 76 16 50 39 32
internal_value=-0.000634518 -0.00105489 -0.00056553 0.0106667 -0.00103738 -0.000714286 -0.000150905 -0.000521472 -0.00119337 -0.00234247 -0.000675422 -0.00681818 -0.00304054 0.00458333
internal_weight=1181 1165 1113 44 1069 1049 993 977 904 729 532 197 147 71
internal_count=1181 1165 1113 44 1069 1049 993 977 904 729 532 197 147 71
is_linear=0
shrinkage=0.03


Tree=188
num_leaves=15
num_cat=0
split_feature=36 21 16 14 19 42 17 18 11 28 36 5 36 33
split_gain=18.1519 6.8094 5.10573 9.14826 8.2641 6.36082 5.26261 6.96483 6.91312 8.06108 4.42276 6.782 4.37527 4.23249
threshold=12.472757833218662 5.3178509181448037 0.064537419651056027 0.42361023121643793 0.17146356399265159 8.0537255981043341 11.151510518591 1.4697596263093093 0.28416004954363944 15.500000000000002 2.7134775442056709 4.4449966286531986 12.335663529849294 2.7985715967760298
decision_type=2 2 2 2 2 2 2 2 2 2 2 2 2 2
left_child=1 2 6 4 -4 -6 7 12 9 10 -8 -12 -1 -5
right_child=-2 -3 3 13 5 -7 8 -9 -10 -11 11 -13 -14 -15
leaf_value=-1.7030307586132221e-05 0.012031022317960013 0.011657444574892754 0.006272262300656254 5.9200227463096497e-05 -8.6005226991130442e-05 0.00030435037082873149 -3.0835377686848632e-05 0.0035114111824772506 0.0004742571519323982 0.00062126557651092762 -0.0057744600583632287 -0.00030984330544901793 -0.00012198693745903765 -0.0022965183130481464
leaf_weight=762 17 18 18 20 21 15.999999999999998 19 62 44 29 62 26 22 33
leaf_count=762 17 18 18 20 21 16 19 62 44 29 62 26 22 33
internal_value=-0.0015641 -0.00202949 -0.00232599 0.00385321 0.0123214 0.00394737 -0.00297955 -0.00198347 -0.00762431 -0.0109489 -0.0147222 -0.0175281 -0.00275159 -0.005
internal_weight=1169 1152 1134 108 55 37 1026 846 180 136 107 88 784 53
internal_count=1169 1152 1134 108 55 37 1026 846 180 136 107 88 784 53
is_linear=0
shrinkage=0.03


Tree=189
num_leaves=15
num_cat=0
split_feature=36 36 12 23 13 22 11 17 23 42 38 49 3 36
split_gain=17.0241 6.94516 13.8628 11.9209 9.75791 10.1189 7.53066 9.92393 8.93995 7.24863 5.85801 8.66024 6.91185 5.81665
threshold=12.472757833218662 7.4121900910777336 0.38534124749591708 5.7824595598634216 0.24672504286206981 12.177952031130118 0.14885574930511683 10.439560022277355 7.0967547510383673 8.6889498293263916 0.013540207749766575 0.88907562519182193 3.6138887117009602 3.1013592405882213
decision_type=2 2 2 2 2 2 2 2 2 2 2 2 2 2
left_child=1 3 4 9 -3 -6 7 -5 -8 10 -1 12 13 -12
right_child=-2 2 -4 6 5 -7 8 -9 -10 -11 11 -13 -14 -15
leaf_value=-0.0016583799240615282 0.011920748697978153 -0.0014639985329049797 0.0042979688300605829 0.00017044980163912981 9.4529215284944181e-06 -0.00030056770076906768 -0.0020321022866810513 -0.0029908319194147603 -0.0021193891610426308 0.00034500032735877869 1.1792307844371575e-05 0.0022044243113006055 0.0040836132033469676 -0.0008798347044594462
leaf_weight=35 18 25 60 67 463 15.999999999999998 29 71 17 41 205 35 21 123
leaf_count=35 18 25 60 67 463 16 29 71 17 41 205 35 21 123
internal_value=0.000244499 -0.000198511 0.00223009 -0.00232558 0.000594059 0.0015625 -0.00875676 -0.00517986 -0.0191489 0.000260304 -0.000928571 0.000155844 -0.00128571 -0.00237082
internal_weight=1226 1208 564 644 504 479 184 138 46 460 419 384 349 328
internal_count=1226 1208 564 644 504 479 184 138 46 460 419 384 349 328
is_linear=0
shrinkage=0.03


Tree=190
num_leaves=15
num_cat=0
split_feature=22 36 36 10 22 41 16 35 19 10 33 4 14 24
split_gain=6.23845 5.87828 7.4154 8.4453 7.11997 8.33965 5.11752 5.82197 15.3105 9.83899 7.29444 5.82047 4.82423 5.15142
threshold=14.576729518387848 1.5049378168560803 2.2875939224638313 0.20612922705314013 6.7260151005639175 6.5461762987559462 0.27819465596012743 0.048046733905698656 0.33094048165549128 0.49770642201834864 5.7184046178153212 2.1156073239813011 0.093817106413438392 0.98018837524706337
decision_type=2 2 2 2 2 2 2 2 2 2 2 2 2 2
left_child=1 -1 3 -3 5 -4 7 8 10 12 -6 -8 13 -9
right_child=-2 2 4 -5 6 -7 11 9 -10 -11 -12 -13 -14 -15
leaf_value=-0.00019151910522366533 0.011142007686312991 0.00022581154292527938 -0.00036438524584762931 1.2169737906362333e-05 -0.00050022316801816345 -0.0037844245833256146 2.4857861540548141e-05 0.00084542452268902889 0.0010700604269667741 -1.446441107881835e-06 -0.0040336404942526907 0.0061910067576757162 0.0027506494355113787 -0.00035337488214615354
leaf_weight=30 15.999999999999998 46 131 84 177 26 25 17 63 460 47 14.999999999999998 44 23
leaf_count=30 16 46 131 84 177 26 25 17 63 460 47 15 44 23
internal_value=-0.00039834 -0.000656013 -0.000310613 0.00641221 -0.00116618 -0.00702532 -0.000103211 -0.000612981 -0.0040625 0.00121101 -0.00773333 0.0102439 0.0105882 0.00292683
internal_weight=1204 1188 1158 130 1028 157 871 831 287 544 224 40 84 40
internal_count=1204 1188 1158 130 1028 157 871 831 287 544 224 40 84 40
is_linear=0
shrinkage=0.03


Tree=191
num_leaves=15
num_cat=0
split_feature=33 49 38 6 4 23 33 36 12 4 1 23 23 12
split_gain=10.4193 10.4867 6.22534 7.40311 6.00237 5.58949 9.18237 6.80872 8.04515 5.90177 6.19811 4.89196 7.03485 5.61694
threshold=11.954423474970822 3.4613484077027565 0.10963901689708143 1.795866119475918 0.92866624821563437 5.7824595598634216 6.4986470826013125 6.0472750992476527 0.30151515151515157 3.4167559021879774 1.4392608977506034 6.2308483596656616 6.6037393483696887 0.58631035145709831
decision_type=2 2 2 2 2 2 2 2 2 2 2 2 2 2
left_child=1 2 3 -1 -4 7 11 8 -6 -8 -11 -7 -13 -14
right_child=-2 -3 4 -5 5 6 9 -9 -10 10 -12 12 13 -15
leaf_value=6.8011846110271885e-06 0.011494056634538645 0.0081063669887085025 -0.00021722953706182713 0.00093065409228949207 -0.00031615332266519746 -0.0015158883196263323 -0.0011285412751930839 0.0014463161685554545 6.5288184966476586e-05 5.0619127241235958e-05 -3.6325075141285103e-05 0.0021228920672476401 -0.0094873355013857241 -4.9647757876861705e-05
leaf_weight=565 14.999999999999998 18 30 28 40 19 19 18 159 85 107 14.999999999999998 38 23
leaf_count=565 15 18 30 28 40 19 19 18 159 85 107 15 38 23
internal_value=0.000330508 0 -0.000366173 0.00176768 -0.00265343 -0.00188931 -0.00449511 0.00178899 0.00015 -0.000990566 0.000621762 -0.0121875 -0.00857143 -0.0130645
internal_weight=1179 1164 1146 593 553 523 306 217 199 211 192 95 76 61
internal_count=1179 1164 1146 593 553 523 306 217 199 211 192 95 76 61
is_linear=0
shrinkage=0.03


Tree=192
num_leaves=15
num_cat=0
split_feature=36 49 10 10 24 11 10 10 23 38 10 42 38 24
split_gain=15.8758 5.73314 5.92295 10.9584 16.4397 11.6811 9.62781 8.86105 5.9224 12.1341 10.1711 7.37606 6.73225 7.79207
threshold=12.784524258890857 3.8067634141609057 0.70056671708886387 0.7194572039045003 0.9437333686325623 0.12904102608036208 0.69544786396199865 0.71995847415889302 7.6633766964594292 0.068241172509706946 0.68898886374519563 7.4270566078494751 0.26212121212121214 0.98086329749527035
decision_type=2 2 2 2 2 2 2 2 2 2 2 2 2 2
left_child=1 2 6 4 -4 -6 8 -5 10 -10 12 -11 13 -1
right_child=-2 -3 3 7 5 -7 -8 -9 9 11 -12 -13 -14 -15
leaf_value=-3.8789800555405483e-06 0.011090092648689783 0.0073238931132654228 0.00026979683590013344 -0.00023273328276951277 4.5931490263667606e-05 -0.00045034977262664919 -0.00012357245298791729 1.3006769312795541e-05 -0.00022193346148040137 0.0047981825781030002 8.175527137616822e-05 -0.00011403010919234012 -0.00024053192390266487 0.00087295645984794014
leaf_weight=389 15.999999999999998 14.999999999999998 59 26 23 14.999999999999998 52 119 27 17 34 123 218 65
leaf_count=389 16 15 59 26 23 15 52 119 27 17 34 123 218 65
internal_value=-0.000550459 -0.000963652 -0.00120719 0.00296296 0.0107143 -0.00461538 -0.00230022 -0.00226027 -0.00154462 -0.00660714 -0.000339463 -0.00297872 -0.00115899 0.000923077
internal_weight=1198 1182 1167 242 97 38 925 145 873 167 706 140 672 454
internal_count=1198 1182 1167 242 97 38 925 145 873 167 706 140 672 454
is_linear=0
shrinkage=0.03


Tree=193
num_leaves=15
num_cat=0
split_feature=33 49 8 33 33 41 38 38 43 22 20 0 0 38
split_gain=10.8854 8.07216 5.34133 8.22786 6.12427 7.18682 5.80276 5.06598 4.16004 7.34356 7.685 6.83194 12.6713 10.9764
threshold=11.954423474970822 3.8067634141609057 0.73856062735983141 2.5914639846184966 4.9568083236482625 5.2943619455684034 0.93610262756677487 0.28388278388278393 0.97712125471966249 11.520692484453201 3.1048552015501794 7.5000000000000009 5.0000000000000009 0.19093701996927806
decision_type=2 2 2 2 2 2 2 2 2 2 2 2 2 2
left_child=1 2 -1 7 8 -6 -7 -4 9 10 -5 12 -10 -14
right_child=-2 -3 3 4 5 6 -8 -9 11 -11 -12 -13 13 -15
leaf_value=-0.00019120709991428424 0.010879791636239929 0.0081827420514311057 0.00014998675014895045 -0.0011868903637590798 0.0053415214900204141 -5.5727780668567841e-06 0.0034555814201901792 -3.1124856765486487e-05 -0.0025809542620956216 0.023849182796981092 0.0027438799976603877 -0.0038775901156234359 0.0060698048562958361 -0.00049380981549097943
leaf_weight=32 14.999999999999998 14.999999999999998 113 79 20 615 40 76 54 18 18 44 23 22
leaf_count=32 15 15 113 79 20 615 40 76 54 18 18 44 23 22
internal_value=-0.000202532 -0.000538462 -0.000831169 -0.000480855 -0.00163812 -0.000133136 -0.000685976 0.00521053 -0.00555985 -0.0012931 -0.00459184 -0.00895833 -0.0045 0.00717391
internal_weight=1184 1169 1154 1122 933 675 655 189 258 115 97 143 99 45
internal_count=1184 1169 1154 1122 933 675 655 189 258 115 97 143 99 45
is_linear=0
shrinkage=0.03


Tree=194
num_leaves=15
num_cat=0
split_feature=36 21 23 10 10 36 9 42 9 51 22 42 11 24
split_gain=17.9836 6.33627 6.00689 14.9479 23.5396 8.34075 4.92011 6.89362 6.11019 7.91988 5.57069 5.17912 12.8027 10.0995
threshold=12.472757833218662 5.4298357368172434 8.3265946332991572 0.70526439244522188 0.7194572039045003 9.6723630868748547 1.7049533119607647 8.6889498293263916 1.5216351374899568 4.198627839172695 11.051340629237442 7.4848298600045071 0.072997305894964962 0.79980506822612096
decision_type=2 2 2 2 2 2 2 2 2 2 2 2 2 2
left_child=1 2 5 -4 -5 6 7 11 9 10 -9 13 -13 -1
right_child=-2 -3 3 4 -6 -7 -8 8 -10 -11 -12 12 -14 -15
leaf_value=-0.00021882474880459857 0.010578956982552809 0.011192867512805611 -0.0001433304254353107 0.00036625178984221572 -5.3569706039144902e-05 0.00031389599457216867 -0.0019281771197356922 6.723611603853374e-05 -0.0034486522840194941 0.0032880389912032237 -0.00025406247821809115 -0.0047217194963676996 -1.1857761535964233e-05 2.1164437049414619e-05
leaf_weight=236 17 14.999999999999998 143 23 27 43 19 21 15.999999999999998 45 18 51 248 273
leaf_count=236 17 15 143 23 27 43 19 21 16 45 18 51 248 273
internal_value=-0.00142977 -0.00188295 -0.00213918 -0.00695876 0.00705882 -0.00117405 -0.00177802 -0.00145215 0.00594059 0.00917647 -0.00075 -0.0023733 -0.0055 -0.000529412
internal_weight=1195 1178 1163 193 50 970 927 908 100 84 39 808 299 509
internal_count=1195 1178 1163 193 50 970 927 908 100 84 39 808 299 509
is_linear=0
shrinkage=0.03


Tree=195
num_leaves=15
num_cat=0
split_feature=36 38 41 33 38 19 11 12 36 23 0 0 39 30
split_gain=16.3685 6.53032 8.2563 7.94661 7.55967 6.46956 6.97835 6.71473 5.78613 7.29213 9.36923 23.4822 7.65966 5.05107
threshold=12.472757833218662 0.26212121212121214 5.2943619455684034 4.7796882652308179 0.013540207749766575 0.015489442948744771 0.28571449453167602 0.8765243902439025 6.3096865418297599 6.8667932106270149 5.0000000000000009 7.5000000000000009 3.3137254901960786 0.8765243902439025
decision_type=2 2 2 2 2 2 2 2 2 2 2 2 2 2
left_child=1 2 4 5 -1 -3 7 -7 9 10 12 -12 -4 -10
right_child=-2 3 8 -5 -6 6 -8 -9 13 -11 11 -13 -14 -15
leaf_value=-0.0011442487607183133 0.0099426774162390333 -0.0058357280178142302 -0.0039503790199243907 0.00016947303486591569 0.00022025686768666674 -0.00021663556407537808 0.0030664116002533425 -0.00061596864843675323 4.2664301338328215e-05 -0.0089318150941675636 0.0070960851123781123 -0.0027138765000829612 0.00055983762965279983 -5.9992598004213542e-06
leaf_weight=18 15.999999999999998 26 39 117 175 139 21 26 106 17 31 27 18 428
leaf_count=18 16 26 39 117 175 139 21 26 106 17 31 27 18 428
internal_value=-0.000995851 -0.00141295 -3.48837e-05 -0.005 0.00541237 -0.0084507 -0.00641711 -0.00849398 -0.00161919 -0.00721805 -0.00439655 0.0040678 -0.012931 -0.000224299
internal_weight=1204 1188 859 329 193 212 186 165 666 132 115 58 57 534
internal_count=1204 1188 859 329 193 212 186 165 666 132 115 58 57 534
is_linear=0
shrinkage=0.03


Tree=196
num_leaves=15
num_cat=0
split_feature=36 36 13 13 38 37 18 42 42 18 13 43 33 41
split_gain=15.5296 6.68337 7.33266 8.76014 6.96299 5.9524 4.82677 4.8708 6.4088 9.19391 4.78405 5.36374 4.69085 4.68157
threshold=12.472757833218662 7.6512042784799874 0.12257261312590607 0.2413142744543022 0.47559523809523813 1.8162286460923622 1.6074219240238492 7.0151022630774351 9.0096079557627995 1.2428607132407901 0.68173059437380235 2.1088998399735588 11.50774884136599 10.091495064482194
decision_type=2 2 2 2 2 2 2 2 2 2 2 2 2 2
left_child=1 5 -3 -4 12 -1 7 -7 -9 -10 -8 -12 13 -5
right_child=-2 2 3 4 -6 6 10 8 9 -11 11 -13 -14 -15
leaf_value=5.3152806938150387e-06 0.010006410645823515 0.0052480195779386982 -0.0013577920003513722 6.5557094547652455e-06 0.0055788573260797929 -0.00021629272907372043 -0.00037376363459410252 -0.0020205300488687172 0.010355489727658521 -0.0048352666158510034 0.0041361125273514246 -0.0024914390569871193 -2.7998031576266235e-05 0.00026857825017051029
leaf_weight=337 15.999999999999998 31 31 328 19 68 100 65 23 14.999999999999998 54 15.999999999999998 48 22
leaf_count=337 16 31 31 328 19 68 100 65 23 15 54 16 48 22
internal_value=-0.000229983 -0.000647668 0.0020625 0.00106904 0.00222488 -0.00256259 -0.00535088 -0.00889535 -0.0129808 -0.00307692 -0.00175439 0.00422535 0.00135338 0.0025641
internal_weight=1173 1157 479 448 417 678 341 171 103 38 170 70 398 350
internal_count=1173 1157 479 448 417 678 341 171 103 38 170 70 398 350
is_linear=0
shrinkage=0.03


Tree=197
num_leaves=15
num_cat=0
split_feature=36 13 49 33 14 38 35 7 0 19 24 1 9 0
split_gain=16.823 7.33358 8.86175 7.16356 6.90173 7.38887 6.12438 6.93496 6.21524 5.69589 5.65584 8.02098 4.49978 8.20738
threshold=12.472757833218662 0.58203239204367863 2.3119036551835941 11.633255522990355 0.60188679245283028 0.030505583126550873 0.8752639903989029 3.9930020505769641 5.0000000000000009 0.56922917499370851 0.96319053287652678 1.6074219240238492 0.3259766438530336 7.5000000000000009
decision_type=2 2 2 2 2 2 2 2 2 2 2 2 2 2
left_child=1 2 3 12 6 -6 7 -3 -9 -8 11 -7 13 -1
right_child=-2 4 -4 -5 5 10 9 8 -10 -11 -12 -13 -14 -15
leaf_value=-4.8140091200065122e-05 0.0093927530017925906 -0.00019468128511008874 0.010606875957728889 -0.0001957766610669509 -0.00091441768560372586 9.2980687391166768e-05 -2.0241359247923918e-05 0.0020821769658697017 -0.0035918147205227999 6.6632736771430332e-05 -0.0012263519462403527 0.019487375479646053 1.0543735680592636e-05 -0.0020008849021324257
leaf_weight=42 17 203 17 17 18 48 18 20 29 15.999999999999998 44 23 668 15.999999999999998
leaf_count=42 17 203 17 17 18 48 18 20 29 16 44 23 668 16
internal_value=-0.000451128 -0.000889831 0.00086728 0.000362903 -0.00407143 0.00156716 -0.0066899 -0.0083004 0.0018 0.00514286 0.00439655 0.00958333 0.000825309 -0.00711864
internal_weight=1196 1179 760 743 419 133 286 252 49 34 115 71 726 58
internal_count=1196 1179 760 743 419 133 286 252 49 34 115 71 726 58
is_linear=0
shrinkage=0.03


Tree=198
num_leaves=15
num_cat=0
split_feature=33 49 37 12 29 9 9 18 22 37 24 9 10 11
split_gain=15.9579 7.75803 6.9749 7.07751 7.10226 5.3127 5.79485 4.42755 6.22824 6.2498 10.033 5.10251 4.09788 3.7403
threshold=12.254793714635218 3.8067634141609057 2.1489458820773275 0.64119671030547176 0.99215686274509818 0.30389158206542438 0.34265833843121413 1.5909217939723865 10.740375250594774 3.0478315076590747 0.99158558049485623 0.49799147025065943 0.35294951646534373 0.16655338498125374
decision_type=2 2 2 2 2 2 2 2 2 2 2 2 2 2
left_child=1 2 5 7 12 -1 -7 -4 9 10 -9 -10 -5 -8
right_child=-2 -3 3 4 -6 6 13 8 11 -11 -12 -13 -14 -15
leaf_value=-0.00049878659845249695 0.0093813330411605684 0.0062093069572157142 -0.0015696596740685624 8.7047020698032273e-05 0.0022805274765016325 8.4021583075403471e-05 1.0624046763649807e-05 -0.0044506599439115314 -0.0062467149310954893 -0.0022890287465951219 0.0020468288535147303 -0.00030426180904068677 -0.004889722689566201 -0.00013414696349887067
leaf_weight=32 17 14.999999999999998 65 49 33 36 643 17 31 15.999999999999998 35 28 14.999999999999998 182
leaf_count=32 17 15 65 49 33 36 643 17 31 16 35 28 15 182
internal_value=0.000296296 -0.000125209 -0.000405748 -0.00444828 0.00214286 0.00090604 0.00135731 -0.00777202 -0.00445312 0.00173913 0.00679245 -0.0115 -0.00369231 0.000835351
internal_weight=1214 1197 1182 289 97 893 861 192 127 68 52 59 64 825
internal_count=1214 1197 1182 289 97 893 861 192 127 68 52 59 64 825
is_linear=0
shrinkage=0.03


Tree=199
num_leaves=15
num_cat=0
split_feature=33 6 14 5 39 8 0 21 17 14 24 10 39 19
split_gain=16.3328 7.99273 10.8452 5.97319 8.30818 6.7039 6.6441 12.372 10.2013 8.87323 11.4773 9.89268 7.41331 6.60097
threshold=11.954423474970822 2.1020871330367603 0.40386727551273133 3.1192106208923378 5.5494505494505502 2.0433578319724419 5.0000000000000009 2.2831979052176901 3.6508409109197717 0.39921070301033063 0.82501291989664094 0.70526439244522188 3.175109443402127 0.11286119963688744
decision_type=2 2 2 2 2 2 2 2 2 2 2 2 2 2
left_child=1 3 -3 4 -1 -6 7 8 12 10 11 -8 -5 -9
right_child=-2 2 -4 6 5 -7 9 13 -10 -11 -12 -13 -14 -15
leaf_value=-1.585849065571576e-05 0.0090743339545256724 0.0068798350295295671 -0.0014280514147048261 -0.00020099807516924567 -0.00050437856273968687 -0.0039482819444554007 -2.7961847771860172e-05 0.00030610422853508899 -0.00079312087681822406 2.7473342867945227e-05 -7.0089161086532838e-05 0.00032467947612245139 1.6441560234324857e-05 0.00078371403010369213
leaf_weight=449 17 32 31 30 70 29 47 55 14.999999999999998 115 168 20 49 54
leaf_count=449 17 32 31 30 70 29 47 55 15 115 168 20 49 54
internal_value=-2.53807e-05 -0.000463519 0.00984375 -0.00106171 -0.00327869 -0.0111 0.00113718 0.00544118 -0.00252632 -0.00136752 -0.00470339 0.00573529 0.001875 0.0122727
internal_weight=1181 1164 63 1101 548 99 553 203 94 350 235 67 79 109
internal_count=1181 1164 63 1101 548 99 553 203 94 350 235 67 79 109
is_linear=0
shrinkage=0.03


Tree=200
num_leaves=15
num_cat=0
split_feature=36 49 10 22 23 42 22 30 30 12 19 23 51 42
split_gain=16.3628 8.99849 6.18642 17.9639 10.2573 8.69699 7.32289 7.62821 7.11144 7.04082 11.019 8.90526 16.4841 10.0201
threshold=12.472757833218662 3.8067634141609057 0.70056671708886387 9.5650242220153512 9.3538280774998146 7.1344629766724639 10.913463336230757 0.99056603773584917 0.97617697107203638 0.16440070242957763 0.56139405025512679 6.670481565136904 5.0874535511725005 7.1705713926154626
decision_type=2 2 2 2 2 2 2 2 2 2 2 2 2 2
left_child=1 2 6 5 -5 -4 7 9 -7 10 -1 12 -11 -13
right_child=-2 -3 3 4 -6 8 -8 -9 -10 11 -12 13 -14 -15
leaf_value=-0.00016162667336577395 0.0088276630312899718 0.0064442956727760259 1.7922502706560484e-05 0.00034487212490031283 -1.4358178840605528e-05 2.2995354368451347e-05 -0.00012985061756302539 -4.1457784879941821e-05 -0.00015257468850033096 -8.3253741823581808e-05 7.6081029515122624e-05 0.0027066300053050262 0.00038461779607208924 -0.00023648776899362956
leaf_weight=36 17 15.999999999999998 64 67 26 31 208 90 60 348 83 18 51 63
leaf_count=36 17 16 64 67 26 31 208 90 60 348 83 18 51 63
internal_value=-5.08906e-05 -0.000490534 -0.000811518 0.00337349 0.0137234 -0.00288462 -0.00197105 -0.000478261 -0.00880435 0.00075 0.00725 -0.000873181 0.000975 -0.00987805
internal_weight=1178 1161 1145 248 93 155 897 689 91 599 119 480 399 81
internal_count=1178 1161 1145 248 93 155 897 689 91 599 119 480 399 81
is_linear=0
shrinkage=0.03


Tree=201
num_leaves=15
num_cat=0
split_feature=33 38 21 4 21 33 30 23 35 30 7 23 11 14
split_gain=16.5962 7.34916 6.40418 4.8506 10.5825 5.41123 8.38037 8.73932 5.41708 5.36328 6.76781 5.36176 7.91465 6.27363
threshold=12.254793714635218 0.0078278186274509821 5.1445203248727855 4.2789939178913645 4.2516912775733315 8.9495618237251353 0.96717948717948732 8.4285293517841957 0.81270359842344242 0.97915762049500665 1.2428607132407901 7.6100340362826007 0.12904102608036208 0.39997808459346929
decision_type=2 2 2 2 2 2 2 2 2 2 2 2 2 2
left_child=1 -1 3 5 -5 9 7 -7 -8 10 -3 12 -11 -14
right_child=-2 2 -4 4 -6 6 8 -9 -10 11 -12 -13 13 -15
leaf_value=-0.0025609018790564474 0.0085372740449511965 -0.00016829780631154255 0.007756240065238033 -0.00064582742473514698 0.00030401573474884367 0.0032890807868675848 1.0924766201181324e-05 -9.9157485876888432e-05 0.00021677536564639776 2.547413392414266e-05 1.2170280041633175e-05 -0.00015286852108850501 -1.8829108072502264e-05 -0.00054877754976989321
leaf_weight=40 17 77 27 50 49 14.999999999999998 38 58 61 28 586 20 97 19
leaf_count=40 17 77 27 50 49 15 38 58 61 28 586 20 97 19
internal_value=-0.000253593 -0.000694683 -0.000239787 -0.000600546 -0.0069 3e-05 0.00485549 -0.00283784 0.0105 -0.000978261 0.000225904 -0.00581818 -0.00372414 -0.00717949
internal_weight=1182 1165 1125 1098 99 999 172 73 99 827 663 164 144 116
internal_count=1182 1165 1125 1098 99 999 172 73 99 827 663 164 144 116
is_linear=0
shrinkage=0.03


Tree=202
num_leaves=15
num_cat=0
split_feature=36 49 45 42 12 9 42 42 30 39 17 12 42 9
split_gain=15.6341 5.86361 6.18198 5.58889 7.79228 10.0272 8.58182 7.77135 8.64522 7.4699 8.10067 6.99301 7.95492 11.4513
threshold=12.472757833218662 3.4613484077027565 1.8354011421304721 8.6889498293263916 0.16440344083961214 1.5280887328767403 10.534346723906078 8.4454692752860741 0.97915762049500665 3.239243498817967 3.6508409109197717 0.16440070242957763 7.4270566078494751 1.5013805785763361
decision_type=2 2 2 2 2 2 2 2 2 2 2 2 2 2
left_child=1 2 3 7 -5 6 9 8 11 -6 -11 -1 -13 -14
right_child=-2 -3 -4 4 5 -7 -8 -9 -10 10 -12 12 13 -15
leaf_value=5.4697256668235217e-05 0.0083625971619372443 0.0061300629655929367 -0.00063296997097478716 -8.0316287320701947e-05 0.00038299711176960956 -0.00032890326247384747 -0.0024395165984510878 -0.0036461984713737289 -4.9623606399576965e-05 -3.336502894984994e-05 0.00043695285161829964 1.5680119941506863e-05 -0.00042431078467361602 4.6401510096198969e-05
leaf_weight=92 15.999999999999998 18 20 70 60 37 17 20 180 24 92 348 166 27
leaf_count=92 16 18 20 70 60 37 17 20 180 24 92 348 166 27
internal_value=-0.000328283 -0.000742321 -0.00101386 -0.000714286 0.0027907 0.00545455 0.00819588 -0.00197842 -0.00151106 0.0101695 0.00564103 0.000141956 -0.00116236 -0.00603093
internal_weight=1187 1171 1153 1133 300 230 193 833 813 176 116 633 541 193
internal_count=1187 1171 1153 1133 300 230 193 833 813 176 116 633 541 193
is_linear=0
shrinkage=0.03


Tree=203
num_leaves=15
num_cat=0
split_feature=33 49 33 33 5 11 23 36 23 33 33 33 41 5
split_gain=15.9546 6.05779 3.96964 5.97555 5.04858 5.0385 4.7992 6.16513 8.96749 4.76404 6.42108 7.90282 6.03947 6.03893
threshold=11.954423474970822 3.8067634141609057 11.50774884136599 11.482582657292177 5.5242652890488495 0.12434197699987468 9.2690769083121776 12.07046485435753 9.0402667237798209 8.258943287146705 8.3811946800309816 8.5388046257399104 7.146874767632637 4.3882596125730311
decision_type=2 2 2 2 2 2 2 2 2 2 2 2 2 2
left_child=1 2 3 4 6 -4 7 8 9 12 -11 -12 13 -1
right_child=-2 -3 5 -5 -6 -7 -8 -9 -10 10 11 -13 -14 -15
leaf_value=-1.158314513425504e-06 0.0080302779087445455 0.0070015765308916022 -7.3100600379212289e-05 0.00022488452215075892 0.0036470438007942894 7.4644008147095593e-06 -0.00022857953735563985 0.00022233225657516175 -0.0005519761045954441 0.00039976769759693549 -1.6136278424658257e-05 1.4104170145488037e-05 -0.00037966132940646087 -0.0022076520140253725
leaf_weight=660 17 15.999999999999998 31 15.999999999999998 20 22 14.999999999999998 24 17 15.999999999999998 15.999999999999998 205 69 30
leaf_count=660 17 16 31 16 20 22 15 24 17 16 16 205 69 30
internal_value=0.000306383 -0.000129534 -0.000394046 0 -0.00027959 -0.00833333 -0.000569801 -0.000317919 -0.000680473 -0.000300903 0.00340336 0.00202703 -0.00146053 -0.000607815
internal_weight=1174 1157 1141 1088 1072 53 1052 1037 1013 996 237 221 759 690
internal_count=1174 1157 1141 1088 1072 53 1052 1037 1013 996 237 221 759 690
is_linear=0
shrinkage=0.03


Tree=204
num_leaves=15
num_cat=0
split_feature=33 19 41 0 14 20 16 7 42 22 11 19 13 10
split_gain=7.20411 7.35545 9.35244 7.44068 13.3213 7.74768 10.6327 10.4168 10.2083 8.07193 7.51188 7.14378 6.66408 6.6344
threshold=11.721443160930765 0.57038581856100112 8.3385829294489167 5.0000000000000009 0.37905998586649275 1.7323192795475166 0.064537419651056027 2.7092691326232647 9.9130813529215018 13.835096062525601 0.19314074634620562 0.56838385821251303 0.60629492002369989 0.69544786396199865
decision_type=2 2 2 2 2 2 2 2 2 2 2 2 2 2
left_child=1 3 -3 4 -1 10 7 11 -8 12 -5 -7 -9 -13
right_child=-2 2 -4 5 -6 6 8 9 -10 -11 -12 13 -14 -15
leaf_value=0.00032466638853844652 0.0061169015711432274 5.3429143410679832e-06 0.00011422938794870996 -0.00071263622474792838 -5.1915115396819474e-05 1.6710433533313474e-05 0.00073994111232882488 -0.00010961671232852631 -0.00040944992485633658 0.0070604117448976921 -0.00015155518892916498 -1.3005282713418608e-06 -0.0056326829467254012 -0.0001723621338035386
leaf_weight=128 17 272 49 50 185 222 32 84 14.999999999999998 14.999999999999998 42 23 40 18
leaf_count=128 17 272 49 50 185 222 32 84 15 15 42 23 40 18
internal_value=-0.000502934 -0.000790816 0.00307453 -0.00224561 0.00143312 -0.00437269 -0.00273333 -0.00431762 0.010625 -0.0109286 -0.0122581 -0.000795455 -0.01344 -0.0121429
internal_weight=1192 1175 321 854 313 541 449 402 47 139 92 263 124 41
internal_count=1192 1175 321 854 313 541 449 402 47 139 92 263 124 41
is_linear=0
shrinkage=0.03


Tree=205
num_leaves=15
num_cat=0
split_feature=36 51 36 43 24 10 19 4 34 38 0 22 22 23
split_gain=14.5913 4.41599 10.1272 7.81402 6.91086 14.2017 8.13 6.9582 5.74408 8.74055 9.29286 7.53851 16.3192 7.2142
threshold=12.472757833218662 2.997035777525753 2.536409756212334 1.4547780146205878 0.98348005007770578 0.08469668337111104 0.11933050496041356 2.8035730408621036 0.64901209537532167 0.93610262756677487 5.0000000000000009 11.721396895114589 9.0105853565586589 5.3327170978393275
decision_type=2 2 2 2 2 2 2 2 2 2 2 2 2 2
left_child=1 -1 -3 4 5 -4 7 -6 11 10 -10 12 -5 -14
right_child=-2 2 3 8 6 -7 -8 -9 9 -11 -12 -13 13 -15
leaf_value=-0.00013972728969831704 0.0073610589903262318 7.7759494527100949e-05 -0.0063534012342704293 -0.0012596876733814682 0.0025835036840106051 -1.3418404448943543e-06 0.0052793649064055235 -0.00023001090738286156 -0.0023524385331246079 0.0057781558936508149 5.2587851731212275e-05 -0.0052899677152390785 0.0035442506638819369 -0.00010936717990387687
leaf_weight=71 14.999999999999998 129 23 42 20 586 34 74 35 19 69 31 14.999999999999998 18
leaf_count=71 15 129 23 42 20 586 34 74 35 19 69 31 15 18
internal_value=-0.000329949 -0.000719794 -0.00024635 -0.001303 0.000203252 -0.00113115 0.00651163 0.00189474 -0.00613043 -0.00169355 -0.00514286 -0.011215 -0.00592105 0.00970588
internal_weight=1181 1166 1095 966 737 609 128 94 229 123 104 106 75 33
internal_count=1181 1166 1095 966 737 609 128 94 229 123 104 106 75 33
is_linear=0
shrinkage=0.03


Tree=206
num_leaves=15
num_cat=0
split_feature=36 36 36 36 37 13 13 33 29 3 23 12 4 33
split_gain=16.4196 7.54855 5.30947 4.98249 6.14227 4.91629 6.35216 4.8277 5.53977 4.80667 5.07171 4.67048 4.66621 4.57976
threshold=12.472757833218662 3.119423463171155 6.362127480360777 1.6626551858555307 2.1846821543906185 0.63692477931872704 0.1818623547813242 11.524506689449421 12.837551020408165 3.5651901097176846 5.7969670117777792 0.30151515151515157 3.856185322560099 11.482582657292177
decision_type=2 2 2 2 2 2 2 2 2 2 2 2 2 2
left_child=1 3 5 -1 11 6 -3 13 -9 -7 -11 -5 -12 -4
right_child=-2 2 7 4 -6 9 -8 8 -10 10 12 -13 -14 -15
leaf_value=-6.7825514606307256e-05 0.0074105898500381956 -0.0001642975060411378 -4.9844913763141816e-09 -1.4457617024209445e-05 -0.0012392456379249938 -0.00063201356262039879 -0.003172398823299808 -5.7987736231819296e-05 6.8461941288733285e-07 0.0032045425819361936 -0.002560960653583516 0.00017767008696288069 0.0020730968014991678 7.9841312871586911e-05
leaf_weight=52 17 67 528 47 29 66 101 21 26 28 18 149 14.999999999999998 20
leaf_count=52 17 67 528 47 29 66 101 21 26 28 18 149 15 20
internal_value=-0.000101266 -0.000539384 -0.00188552 0.00377698 0.00570796 -0.00516892 -0.00852071 -0.000251678 -0.009375 -0.000703125 0.00532258 0.00761421 -0.00264706 0.000546448
internal_weight=1184 1167 890 277 225 295 168 595 47 127 61 196 33 548
internal_count=1184 1167 890 277 225 295 168 595 47 127 61 196 33 548
is_linear=0
shrinkage=0.03


Tree=207
num_leaves=15
num_cat=0
split_feature=33 19 14 14 23 35 6 42 40 22 17 23 51 23
split_gain=17.5042 6.27308 6.07588 7.99917 9.9749 7.37677 5.87051 5.95084 9.76585 7.94641 7.72905 7.46208 6.95975 6.159
threshold=12.254793714635218 0.57038581856100112 0.38066766789881529 0.38323098568590985 2.8054987309270842 0.87526880266497009 3.8022008345821181 10.157174693333596 0.97712125471966249 10.913463336230757 11.151510518591 7.7468370982595651 5.3694583288835593 7.6633766964594292
decision_type=2 2 2 2 2 2 2 2 2 2 2 2 2 2
left_child=1 6 -3 -4 -5 -6 7 9 -9 11 -11 13 -10 -1
right_child=-2 2 3 4 5 -7 -8 8 12 10 -12 -13 -14 -15
leaf_value=-2.3500392305711993e-05 0.0071754926068370107 -4.007722113996012e-05 5.1712516074740588e-05 0.00033745141824698566 -4.1818749461270955e-05 0.00010823753321152069 0.0066980453684377817 0.018877678110218364 -0.0044291511384733683 -6.0555294735813445e-05 -0.0047824654611855789 0.00026837286000035539 0.0056108679440583327 -0.00016471253985464118
leaf_weight=567 18 89 43 45 124 21 22 29 21 124 46 34 15.999999999999998 14.999999999999998
leaf_count=567 18 89 43 45 124 21 22 29 21 124 46 34 16 15
internal_value=-0.000148148 -0.000601504 0.00297214 0.00551282 0.00282723 -0.0010274 -0.00192 -0.00232122 0.00626866 -0.00304956 -0.00877193 -0.00145867 -0.00394737 -0.00226415
internal_weight=1214 1196 322 233 190 145 874 852 66 786 170 616 37 582
internal_count=1214 1196 322 233 190 145 874 852 66 786 170 616 37 582
is_linear=0
shrinkage=0.03


Tree=208
num_leaves=15
num_cat=0
split_feature=33 13 42 37 20 36 0 11 23 23 23 0 19 42
split_gain=16.0705 6.68372 10.9394 6.0028 8.19355 6.06565 8.68827 9.8262 7.02414 9.7303 8.66014 8.66876 9.74261 6.49254
threshold=11.954423474970822 0.99734229953454145 8.7315597453869476 1.8481781943666664 2.3452840864979656 6.362127480360777 7.5000000000000009 0.18553307126379107 6.792616846095977 6.2308483596656616 4.8147967681297787 5.0000000000000009 0.16059399877526029 8.1604333883057549
decision_type=2 2 2 2 2 2 2 2 2 2 2 2 2 2
left_child=1 3 -3 4 -1 6 8 -8 9 10 11 12 -5 -10
right_child=-2 2 -4 5 -6 -7 7 -9 13 -11 -12 -13 -14 -15
leaf_value=1.0852296722529963e-06 0.0067026447469101889 -4.5564868082932224e-05 0.032816354201834791 0.00044665995932024691 0.00017408534541528075 -5.1609590593804102e-07 -0.0035510379645212783 0.0014482445972201178 -0.0052299197846159967 0.0039572392987614934 -0.0024817921426712542 0.0069495771563169743 -0.0013233233514283237 -0.0010672555170126198
leaf_weight=449 17 34 18 31 68 371 43 24 15.999999999999998 19 47 30 23 20
leaf_count=449 17 34 18 31 68 371 43 24 16 19 47 30 23 20
internal_value=0.000198183 -0.000226131 0.0101887 -0.000709282 0.00167954 -0.002688 -0.00625984 -0.0154412 -0.0028877 0 -0.00295455 0.00282353 -0.00436364 -0.0145946
internal_weight=1210 1193 52 1141 517 624 253 67 186 150 131 84 54 36
internal_count=1210 1193 52 1141 517 624 253 67 186 150 131 84 54 36
is_linear=0
shrinkage=0.03


Tree=209
num_leaves=15
num_cat=0
split_feature=33 11 11 23 42 5 13 13 35 41 8 11 42 22
split_gain=10.1043 5.32871 5.07308 5.49029 4.29971 12.9351 9.57299 11.4868 7.28622 6.67817 6.92936 9.43414 8.27054 6.2848
threshold=11.721443160930765 0.16776596309344624 0.31045977616033699 5.3327170978393275 7.4270566078494751 3.4450469585889079 0.72508214676889382 0.60908155389760754 0.91796875000000011 4.4945553398649603 1.3116246451989506 0.1619838273109325 7.8655206237700037 12.177952031130118
decision_type=2 2 2 2 2 2 2 2 2 2 2 2 2 2
left_child=1 4 -3 -4 5 8 7 9 -1 -6 -11 12 -12 -14
right_child=-2 2 3 -5 6 -7 -8 -9 -10 10 11 -13 13 -15
leaf_value=1.6979671367611527e-05 0.0059959088179752417 -0.00026465589074750395 0.010494653136956788 -0.0011865788699473522 0.00043650521472100688 0.00083680128661469202 0.01616768606013198 -0.0056171201126957839 -0.00045234437999086937 -0.002616504329164888 -0.0012795764401425597 0.0010843694735056292 5.9157802798281978e-06 -0.00025520961343797219
leaf_weight=317 18 212 17 21 19 64 30 33 19 18 34 22 322 44
leaf_count=317 18 212 17 21 19 64 30 33 19 18 34 22 322 44
internal_value=0.000403023 5.11509e-05 -0.0038247 0.00615385 0.00110509 0.0034414 -0.000688337 -0.00170385 0.00106825 -0.000456522 -0.00122449 -0.000425532 -0.00149626 -0.000163488
internal_weight=1190 1172 250 38 922 400 522 492 336 459 440 422 400 366
internal_count=1190 1172 250 38 922 400 522 492 336 459 440 422 400 366
is_linear=0
shrinkage=0.03


Tree=210
num_leaves=15
num_cat=0
split_feature=33 50 11 36 12 9 42 33 34 23 10 12 10 24
split_gain=14.4055 9.03145 5.75425 5.10587 8.79416 7.17399 10.9419 13.2732 6.70018 5.85668 5.62274 6.5065 6.44091 17.5623
threshold=12.340199598688812 6.4714858376306079 0.16776596309344624 2.9995097800406838 0.58966948273306674 0.51650512972171891 7.4270566078494751 4.7363337589527665 1.0033106034237258 7.5327767332932707 0.7194572039045003 0.64460940871817007 0.7068853745500453 0.90676031847421446
decision_type=2 2 2 2 2 2 2 2 2 2 2 2 2 2
left_child=1 2 3 4 -1 6 7 -5 9 -8 11 12 -7 -14
right_child=-2 -3 -4 5 -6 10 8 -9 -10 -11 -12 -13 13 -15
leaf_value=0.0002589188742466066 0.0063216881399636281 0.0055616744225426258 -0.00019644506469567279 -0.0012270399596952157 -1.1595484077610018e-05 -9.4839270883773085e-07 0.00024482979165812546 0.0019321723010548041 -0.0096048920259762596 -0.004119750942969503 -2.7550362949257944e-05 0.0054702285046524636 0.00024610418215853969 -9.462420680703243e-05
leaf_weight=88 14.999999999999998 15.999999999999998 253 30 80 438 21 31 26 28 89 14.999999999999998 32 34
leaf_count=88 15 16 253 30 80 438 21 31 26 28 89 15 32 34
internal_value=-0.000150376 -0.000532995 -0.000849057 0.00026287 0.00497041 -0.000805369 -0.0070073 0.00241935 -0.0146053 -0.0078 0.000591133 0.00178846 0.00118812 0.00985075
internal_weight=1196 1181 1165 912 168 744 136 61 75 49 608 519 504 66
internal_count=1196 1181 1165 912 168 744 136 61 75 49 608 519 504 66
is_linear=0
shrinkage=0.03


Tree=211
num_leaves=15
num_cat=0
split_feature=36 9 19 6 10 36 12 13 4 4 22 23 41 24
split_gain=15.1996 4.54639 6.76914 7.57311 12.6651 5.22101 5.37109 5.29021 3.72439 3.88309 6.0203 7.88159 4.1481 8.59064
threshold=12.784524258890857 0.32581224535980652 0.57038581856100112 2.1105375083058608 0.088557039551357755 11.988898024681113 0.48652663934426238 0.57723320961919788 5.5174996593818806 4.2364279127903783 10.913463336230757 7.7727986767714565 10.144762901471962 0.86767444852857223
decision_type=2 2 2 2 2 2 2 2 2 2 2 2 2 2
left_child=1 -1 3 8 -5 6 7 -4 9 12 11 -11 -3 -14
right_child=-2 2 5 4 -6 -7 -8 -9 -10 10 -12 -13 13 -15
leaf_value=-0.00066220024504661803 0.006034941040933859 -4.5065758854553329e-05 -0.00022706279092400361 -0.0004451178386298249 0.0060094399658687514 0.00019797764706037222 0.0012372749183243092 6.6475563901099983e-06 0.0027595259099899927 -0.00030389466361292029 -0.00061798993466856108 0.00025123218257153802 -6.5804521340186986e-05 0.0012427155135373623
leaf_weight=73 14.999999999999998 647 46 29 18 29 35 174 23 27 34 15.999999999999998 17 20
leaf_count=73 15 647 46 29 18 29 35 174 23 27 34 16 17 20
internal_value=-0.000921927 -0.00131203 -0.000833333 -0.00219952 0.009375 0.00315789 0.00175781 0 -0.00290446 -0.00326772 -0.00961538 -0.00204545 -0.00254015 0.00710526
internal_weight=1203 1188 1115 831 47 284 255 220 784 761 77 43 684 37
internal_count=1203 1188 1115 831 47 284 255 220 784 761 77 43 684 37
is_linear=0
shrinkage=0.03


Tree=212
num_leaves=15
num_cat=0
split_feature=36 45 49 11 36 34 31 10 42 23 30 29 12 38
split_gain=11.0279 5.64372 6.2611 3.90543 8.39603 12.9079 9.69036 7.52671 8.4622 7.55855 11.3372 7.52514 8.54671 7.2434
threshold=12.472757833218662 2.2813248361059588 2.1807033585296689 0.12530831193327099 7.8663136520131802 16.00515012053474 14.500000000000002 0.70526439244522188 8.3509947212550362 7.6765526113257794 0.99056603773584917 0.45056867891513569 0.57653660103181925 0.11546416546416548
decision_type=2 2 2 2 2 2 2 2 2 2 2 2 2 2
left_child=1 2 3 11 5 6 -5 9 -9 10 -6 12 -1 -14
right_child=-2 -3 -4 4 7 -7 -8 8 -10 -11 -12 -13 13 -15
leaf_value=0.00033432740052094398 0.0058538928097058469 -0.00064233423769521675 0.0063126047250041959 -5.8525070881750847e-05 0.00013268585255572064 -0.00081870350262493283 0.00019229659671633382 1.8302947510282496e-05 0.00044429567739180166 -3.6740463324758108e-05 -1.3300727060918671e-05 -4.8746240155582152e-05 6.5316737214432535e-05 -0.00089793994418882527
leaf_weight=113 14.999999999999998 19 15.999999999999998 337 53 14.999999999999998 22 24 27 68 54 374 58 26
leaf_count=113 15 19 16 337 53 15 22 24 27 68 54 374 58 26
internal_value=-0.000368249 -0.00069594 -0.000429293 -0.000691126 0.000998336 -0.00176 -0.000583333 0.00555066 0.0155769 0.00255682 0.0075 -0.00246503 0.00227273 -0.00494118
internal_weight=1221 1206 1187 1171 600 374 359 226 51 175 107 571 197 84
internal_count=1221 1206 1187 1171 600 374 359 226 51 175 107 571 197 84
is_linear=0
shrinkage=0.03


Tree=213
num_leaves=15
num_cat=0
split_feature=41 20 37 22 30 36 24 9 3 8 14 22 42 35
split_gain=8.89835 4.9879 4.85312 9.16317 9.92699 7.68689 5.92334 5.15161 5.66575 8.01773 4.26714 4.84995 8.02497 7.54831
threshold=10.157174693333596 4.7460099284028692 1.8481781943666664 8.0842717184540458 0.8765243902439025 12.07046485435753 0.9532325991024333 1.2328175936177739 3.6899340882335276 2.1020871330367603 0.9862196531791908 10.913463336230757 8.6889498293263916 0.93767540330587174
decision_type=2 2 2 2 2 2 2 2 2 2 2 2 2 2
left_child=1 2 3 6 -5 -6 7 8 9 -1 11 12 -4 -13
right_child=-2 -3 10 4 5 -7 -8 -9 -10 -11 -12 13 -14 -15
leaf_value=-5.1933684738170725e-05 0.0053522505529881668 0.0020921013237558085 -3.2099257252347082e-05 0.00031015538579676872 -2.9917272595103572e-06 0.00018889059274823427 8.8446780101004559e-05 -0.0002350987434682386 0.00016358803034178886 -0.0013641451170605702 0.0011325305709790809 -0.00017671839141412347 0.0010188686061617313 0.00012699095589739249
leaf_weight=212 19 64 349 41 109 22 24 29 19 27 49 138 29 24
leaf_count=212 19 64 349 41 109 22 24 29 19 27 49 138 29 24
internal_value=-0.00033737 -0.000686016 -0.00117428 0.00105372 0.0065896 0.0025 -0.00201923 -0.00322917 -0.00185328 -0.003125 -0.003 -0.00377079 -0.00189974 -0.00809816
internal_weight=1155 1136 1072 483 172 131 311 287 258 239 589 540 378 162
internal_count=1155 1136 1072 483 172 131 311 287 258 239 589 540 378 162
is_linear=0
shrinkage=0.03


Tree=214
num_leaves=15
num_cat=0
split_feature=36 38 49 42 22 10 9 42 9 30 19 38 21 19
split_gain=15.1693 5.92684 11.398 6.74794 8.89867 10.9629 14.5485 6.23932 6.27667 5.97577 6.42026 9.83592 7.44611 6.15974
threshold=12.472757833218662 0.0075460510712309281 1.0000000180025095e-35 8.6311765752725034 11.051340629237442 0.69565957063297057 1.5280887328767403 8.4254201679570357 0.32642423661803971 0.97498436522826781 0.28678517883915189 0.030505583126550873 2.4746352957487336 0.067224305355254324
decision_type=2 2 2 2 2 2 2 2 2 2 2 2 2 2
left_child=1 -1 3 7 -5 -6 -7 8 -3 10 13 -12 -13 -10
right_child=-2 2 -4 4 5 6 -8 -9 9 -11 11 12 -14 -15
leaf_value=-0.0015337502969466831 0.0060260747651890885 -0.00091904305285313119 0.0024201523281794099 0.00054880920229263277 -8.0443463237855886e-05 0.00025151632291220416 -0.00021601939359992882 -0.002455061303300064 3.8009254296263451e-05 -1.8435466805244994e-05 -0.001230543831214598 2.4857405909168849e-05 0.0041894808668425827 -0.00036090136890298385
leaf_weight=19 15.999999999999998 45 57 51 155 68 19 27 120 202 24 249 23 101
leaf_count=19 16 45 57 51 155 68 19 27 120 202 24 249 23 101
internal_value=0.000101954 -0.000310078 -2.62697e-05 -0.000718894 0.00316327 0.000740741 0.00920455 -0.00215909 -0.00164706 -0.000958333 0.000752896 0.00363636 0.00527473 -0.00310811
internal_weight=1176 1160 1141 1084 293 242 87 791 764 719 517 296 272 221
internal_count=1176 1160 1141 1084 293 242 87 791 764 719 517 296 272 221
is_linear=0
shrinkage=0.03


Tree=215
num_leaves=15
num_cat=0
split_feature=36 20 23 36 12 6 22 14 10 22 24 7 38 27
split_gain=14.7801 5.6919 4.90725 6.52843 17.0531 6.23042 6.21111 21.6882 8.80444 7.16804 11.1468 8.89356 7.87056 8.68918
threshold=12.784524258890857 5.8181276648068803 9.3459869816169299 12.07046485435753 0.16452903818999928 3.8022008345821181 11.487123264254251 0.74825783972125437 0.33906466011152558 9.3368269297085167 0.99581470450863774 3.9930020505769641 0.047014790764790773 3.5000000000000004
decision_type=2 2 2 2 2 2 2 2 2 2 2 2 2 2
left_child=1 2 3 5 -5 6 9 8 -8 10 11 -1 -11 -14
right_child=-2 -3 -4 4 -6 -7 7 -9 -10 12 -12 -13 13 -15
leaf_value=-1.8012408475449326e-05 0.0054340227207002158 0.010231086339037345 -6.6617635017029997e-05 -6.728543029831612e-05 0.00027348325525498928 0.0083810629600844823 -0.0038108561073707278 0.030000084529647173 -7.8030159340722877e-05 0.0019749678456579159 -0.0023740428565550298 0.0041422320053152257 -0.00046281850506433848 6.4242523497101136e-05
leaf_weight=688 14.999999999999998 14.999999999999998 59 31 29 18 49 14.999999999999998 49 14.999999999999998 21 14.999999999999998 72 122
leaf_count=688 15 15 59 31 29 18 49 15 49 15 21 15 72 122
internal_value=-0.000518946 -0.000900751 -0.0011402 -0.000693333 0.00885246 -0.00123944 -0.00154728 -0.00815789 -0.0133333 -0.000738758 -0.00215172 -0.00149148 0.00414286 0.00246154
internal_weight=1213 1198 1183 1124 60 1064 1046 113 98 933 724 703 209 194
internal_count=1213 1198 1183 1124 60 1064 1046 113 98 933 724 703 209 194
is_linear=0
shrinkage=0.03


Tree=216
num_leaves=15
num_cat=0
split_feature=36 50 2 7 39 42 14 6 19 22 39 22 23 12
split_gain=10.9943 9.13884 6.03377 5.53367 8.35711 7.0508 13.005 8.62437 5.51201 5.09968 4.40978 6.32652 10.4634 9.83123
threshold=12.472757833218662 6.4714858376306079 0.78462837837837851 2.8051607684397815 6.0220588235294121 7.8301465850147078 0.33719671674238144 1.4842414742769676 0.11933050496041356 12.549435337814282 5.0492277992277996 9.2731773788946281 7.6015758535146887 0.16447431066184387
decision_type=2 2 2 2 2 2 2 2 2 2 2 2 2 2
left_child=1 2 -1 10 -5 7 -7 8 -6 -8 11 -4 -13 -14
right_child=-2 -3 3 4 5 6 9 -9 -10 -11 -12 12 13 -15
leaf_value=0.0013348089660744644 0.0051739055842483462 0.0049352722021065443 -3.8695320463247308e-06 -0.00021455829394720905 0.00012070548889808741 -0.0040670509570844404 0.00038803255738414585 -0.0029575853171397519 0.0038320466625427255 -0.0014721310000807807 -0.00034284114154327762 0.00050095924024978668 -4.6983592960651019e-05 0.00010826921026026558
leaf_weight=18 14.999999999999998 15.999999999999998 528 52 35 64 24 15.999999999999998 23 20 142 62 90 88
leaf_count=18 15 16 528 52 35 64 24 16 23 20 142 62 90 88
internal_value=-0.000326633 -0.000661578 -0.000980224 -0.00125764 -0.0053617 -0.00229508 -0.00715596 0.0048 0.0101695 0.00533333 -0.000197585 0.000702211 0.00473029 0.00100559
internal_weight=1193 1178 1162 1144 234 182 108 74 58 44 910 768 240 178
internal_count=1193 1178 1162 1144 234 182 108 74 58 44 910 768 240 178
is_linear=0
shrinkage=0.03


Tree=217
num_leaves=15
num_cat=0
split_feature=33 45 53 23 37 33 9 23 23 5 33 10 9 9
split_gain=14.1009 6.65724 6.2183 5.86364 5.49571 5.4296 3.70802 8.04136 11.0773 6.24094 5.83156 7.94904 5.01892 8.65225
threshold=12.254793714635218 2.2813248361059588 1.0000000180025095e-35 9.4827775519898037 3.1344414970279586 11.543653021082804 0.51650512972171891 6.813725536336352 6.2308483596656616 3.5728428959329257 2.5263373539540921 0.40376984126984133 0.71566974832695329 0.83045233339927027
decision_type=2 2 2 2 2 2 2 2 2 2 2 2 2 2
left_child=1 2 3 5 -4 6 7 8 10 -9 11 -1 -8 -14
right_child=-2 -3 4 -5 -6 -7 12 9 -10 -11 -12 -13 13 -15
leaf_value=0.00010581739016769787 0.0055957164637195156 -0.00062536547709617476 0.0078815797724856376 -0.00019787507862998322 -0.001340786116524415 0.00020684809133864057 0.00021657527732756753 -0.0083807084419790633 0.0037369697276979112 -0.00040809111288604428 -0.0012348545985204241 -7.6171948181498188e-05 -0.0027459345824859633 2.8401439945918705e-06
leaf_weight=74 14.999999999999998 17 31 19 15.999999999999998 18 150 21 20 37 76 43 36 625
leaf_count=74 15 17 31 19 16 18 150 21 20 37 76 43 36 625
internal_value=0.000150125 -0.000228041 5.14139e-05 -0.000401786 0.010625 -0.000108992 -0.000387812 -0.00341912 -0.000700935 -0.0132203 -0.00293814 0.00127119 0.000628079 -0.000498489
internal_weight=1198 1183 1166 1119 47 1100 1082 271 213 58 193 117 811 661
internal_count=1198 1183 1166 1119 47 1100 1082 271 213 58 193 117 811 661
is_linear=0
shrinkage=0.03


Tree=218
num_leaves=15
num_cat=0
split_feature=36 41 42 7 5 22 7 12 19 22 19 9 14 5
split_gain=15.4627 5.48945 5.66506 12.7074 8.30049 8.9944 11.7994 11.7954 8.07278 7.60822 12.7737 8.98546 8.24732 7.75515
threshold=12.784524258890857 10.157174693333596 7.2038114190589599 3.6546309414379663 1.2172844520170996 9.3368269297085167 3.3990502104244738 0.16440070242957763 0.56838385821251303 10.913463336230757 0.56913782576560956 0.67294537478039207 0.72723636363636379 3.5171852851786993
decision_type=2 2 2 2 2 2 2 2 2 2 2 2 2 2
left_child=1 2 3 -1 -4 7 9 8 -6 11 12 -7 -11 -13
right_child=-2 -3 4 -5 5 6 -8 -9 -10 10 -12 13 -14 -15
leaf_value=1.3508205067345318e-06 0.00508309469235106 0.0051787275686379659 0.00066533461188606423 0.0024471240096815079 6.0072702772512307e-05 0.0013340109031650476 -0.0013174945757870394 -0.00024119939117767385 -5.7284527491915928e-06 -8.9423021483538975e-05 4.2278109825064635e-05 -8.7208903165536536e-06 0.025342822770858399 0.00029278133076140464
leaf_weight=440 15.999999999999998 14.999999999999998 19 43 35 17 104 171 46 132 62 65 15.999999999999998 24
leaf_count=440 16 15 19 43 35 17 104 171 46 132 62 65 16 24
internal_value=-0.000174129 -0.000579832 -0.000817021 0.00167355 -0.0025578 -0.00312036 -0.000427553 -0.00758893 0.00182927 0.00246057 -0.000853081 0.00897196 -0.00563758 0.005
internal_weight=1205 1189 1174 483 691 672 420 252 81 316 210 106 148 89
internal_count=1205 1189 1174 483 691 672 420 252 81 316 210 106 148 89
is_linear=0
shrinkage=0.03


Tree=219
num_leaves=15
num_cat=0
split_feature=22 17 22 10 8 42 8 49 11 11 42 24 42 35
split_gain=10.4359 7.9538 4.3482 6.62128 6.38386 5.0125 4.1251 6.02592 6.27629 7.4347 5.52824 13.7456 8.72352 9.67967
threshold=13.675376409990834 50.942667471333742 12.325878917778089 0.23459414365753628 4.6525945719182067 7.2038114190589599 1.5680430486920489 1.7877093956071803 0.12530831193327099 0.1302342384789073 8.5816750741380101 0.96000331049757126 7.3775551085518165 0.87526124273825778
decision_type=2 2 2 2 2 2 2 2 2 2 2 2 2 2
left_child=2 -2 4 -4 6 -6 -1 8 10 -10 12 -12 -8 -14
right_child=1 -3 3 -5 5 -7 7 -9 9 -11 11 -13 13 -15
leaf_value=-0.00011227799546163152 0.0052066903384028482 -0.00096834994795784001 -0.0031505053655510626 0.0057530780545036308 0.0059851869181254576 2.2720768163297931e-06 -3.0592110798688397e-06 0.0057372290132794409 0.00011398572251081067 3.6775485591011845e-06 -1.3812284293472921e-05 0.0018065647907559378 -0.00050197475299169068 1.9830733649195409e-07
leaf_weight=240 22 14.999999999999998 28 14.999999999999998 14.999999999999998 19 182 15.999999999999998 68 325 90 19 100 51
leaf_count=240 22 15 28 15 15 19 182 16 68 325 90 19 100 51
internal_value=-0.000472637 0.015 -0.000975192 -0.0102273 -0.000612789 0.012 -0.00101648 -3.52113e-05 -0.000394737 0.00236041 -0.00284424 0.003 -0.00476048 -0.0100658
internal_weight=1205 37 1168 43 1125 34 1091 851 835 393 442 109 333 151
internal_count=1205 37 1168 43 1125 34 1091 851 835 393 442 109 333 151
is_linear=0
shrinkage=0.03


Tree=220
num_leaves=15
num_cat=0
split_feature=33 21 22 13 20 24 9 19 34 13 0 42 4 13
split_gain=15.9457 5.61638 6.548 7.79221 5.74625 5.50799 5.6898 5.17225 4.45759 3.9775 3.81333 9.53056 3.78579 4.81046
threshold=12.254793714635218 4.2516912775733315 10.966607461980667 0.14687222616184184 4.0953567650450831 0.98303268497531537 0.33836177426837366 0.39537485254037347 0.99999064534637172 0.25839951561169372 7.5000000000000009 8.4254201679570357 2.096784900161309 0.63692477931872704
decision_type=2 2 2 2 2 2 2 2 2 2 2 2 2 2
left_child=1 4 -3 -4 5 6 -1 8 10 -6 11 12 -7 -14
right_child=-2 2 3 -5 9 7 -8 -9 -10 -11 -12 -13 13 -15
leaf_value=-0.00023780334376859446 0.0048184785183084198 0.0042722340499302255 0.0096098213120643858 -0.0025278820485409728 -0.0022973866420088027 -0.0011476194093593072 -7.0612576498718659e-06 0.004730968404840716 0.0010866727803498157 -0.0001482592583513509 -0.0042355036507710983 0.0015675723390314422 -0.0017075892485041322 0.0031116232332115655
leaf_weight=65 15.999999999999998 30 20 32 14.999999999999998 14.999999999999998 885 14.999999999999998 33 24 15.999999999999998 15.999999999999998 15.999999999999998 17
leaf_count=65 16 30 20 32 15 15 885 15 33 24 16 16 16 17
internal_value=-0.000616776 -0.001025 0.00650602 0 -0.00158318 -0.00116775 -0.00195584 0.00465116 0.00236842 -0.01275 -0.00148148 0.00184615 -0.00489796 0.000882353
internal_weight=1215 1199 82 52 1117 1078 950 128 113 39 80 64 48 33
internal_count=1215 1199 82 52 1117 1078 950 128 113 39 80 64 48 33
is_linear=0
shrinkage=0.03


Tree=221
num_leaves=15
num_cat=0
split_feature=33 6 9 18 23 23 4 22 23 51 20 33 36 11
split_gain=15.2812 6.25553 4.85789 6.75319 8.39194 4.3563 4.21544 6.16178 5.21496 8.39059 5.80562 4.45637 3.9176 3.62089
threshold=12.254793714635218 4.2600751960917718 1.5280887328767403 1.4386856729348871 5.7824595598634216 7.3712440363931711 0.92866624821563437 9.6225400031867192 2.6721381576675429 2.997035777525753 1.7992858317410707 2.5780624734113018 1.9003585391411926 0.12632185295350956
decision_type=2 2 2 2 2 2 2 2 2 2 2 2 2 2
left_child=1 2 6 -4 -5 -6 7 11 9 -8 12 -1 -10 -12
right_child=-2 -3 3 4 5 -7 8 -9 10 -11 13 -13 -14 -15
leaf_value=-3.655217980081282e-05 0.0048011507913285206 0.0065276198635136045 -0.00010384241853927834 0.0011796673813882679 -0.0073177886174974347 0.0015328822532749207 -0.00029061926780220239 0.0011271388462990642 0.00021572253652706042 0.00046705249665049935 -8.185375952454166e-06 -0.0020242532921997914 -0.00091338725163654037 2.1659208455953037e-05
leaf_weight=49 15.999999999999998 15.999999999999998 32 22 15.999999999999998 18 33 22 18 82 349 29 104 360
leaf_count=49 16 16 32 22 16 18 33 22 18 82 349 29 104 360
internal_value=0 -0.000417029 -0.000687225 -0.00741573 -0.00105263 -0.0102857 -0.000114613 -0.00594059 0.000506864 0.00646552 -0.000324519 -0.00987342 -0.00634146 0.00071831
internal_weight=1166 1150 1134 88 56 34 1046 100 946 115 831 78 122 709
internal_count=1166 1150 1134 88 56 34 1046 100 946 115 831 78 122 709
is_linear=0
shrinkage=0.03


Tree=222
num_leaves=15
num_cat=0
split_feature=33 33 41 7 13 23 35 7 42 34 35 24 37 0
split_gain=14.4818 6.08473 8.35085 7.30822 9.83229 12.1289 11.9097 8.30976 7.80805 6.36489 6.45752 4.38206 3.79116 6.15451
threshold=12.254793714635218 11.50774884136599 10.091495064482194 3.6546309414379663 0.036090463361351001 6.7455762834906006 0.048046733905698656 3.0574755408658776 8.6311765752725034 15.472054809505616 0.93763815067430412 0.98768788248379757 0.65051499783199074 5.0000000000000009
decision_type=2 2 2 2 2 2 2 2 2 2 2 2 2 2
left_child=1 2 3 7 -5 -6 8 12 -7 -3 -11 -9 13 -1
right_child=-2 9 -4 4 5 6 -8 11 -10 10 -12 -13 -14 -15
leaf_value=8.7025975861548807e-06 0.0046932389583271214 -0.00013020856571154037 0.00038729806942368051 0.010419496661326589 0.0034098552010422816 -0.0024925701739187595 0.0017501374647600687 -0.0071555497847475384 0.00027955533199278598 -5.1443163536868396e-05 4.5385541452138686e-05 -0.00041060782707306841 -2.5679146471191406e-06 -0.00069907763737969805
leaf_weight=24 14.999999999999998 27 27 14.999999999999998 24 42 32 25 20 15.999999999999998 17 23 863 27
leaf_count=24 15 27 27 15 24 42 32 25 20 16 17 23 863 27
internal_value=-0.000225376 -0.000608622 -0.000106857 -0.000520073 0.00604478 0.00302521 -0.00189474 -0.00143302 -0.00952381 -0.00983607 -0.000882353 -0.0134694 -0.000786885 -0.00865385
internal_weight=1197 1182 1122 1095 133 118 94 962 62 60 33 48 914 51
internal_count=1197 1182 1122 1095 133 118 94 962 62 60 33 48 914 51
is_linear=0
shrinkage=0.03


Tree=223
num_leaves=15
num_cat=0
split_feature=36 45 49 13 13 7 42 42 10 41 12 23 43 11
split_gain=11.1654 5.40354 5.22682 5.67546 8.13902 6.87524 7.94175 5.51622 5.11462 6.25159 14.8618 5.16351 6.89699 8.48532
threshold=12.784524258890857 2.2813248361059588 1.7877093956071803 0.25224859835381136 0.21164605841838866 4.0052867125760043 8.2406764806618025 8.2192222064066041 0.7194572039045003 10.091495064482194 0.16461373392463 2.8054987309270842 1.2172844520170996 0.28571449453167602
decision_type=2 2 2 2 2 2 2 2 2 2 2 2 2 2
left_child=1 2 3 4 -1 8 -7 -6 9 11 -11 -5 -13 -14
right_child=-2 -3 -4 5 7 6 -8 -9 -10 10 -12 12 13 -15
leaf_value=-3.8152592086097554e-05 0.004480196408100383 -0.0010352167640902449 0.0046700362562560492 0.00032726127668619042 -0.0026974952857920466 0.0035542431646183622 -4.8575653287006301e-05 -0.0007418679213265308 -4.5557454695481222e-05 -2.3001622995848512e-05 0.00038713421067113394 2.099031958593296e-06 -0.0020170421659108074 0.0042499609302253097
leaf_weight=270 14.999999999999998 15.999999999999998 25 67 30 35 28 20 105 33 22 436 81 26
leaf_count=270 15 16 25 67 30 35 28 20 105 33 22 436 81 26
internal_value=-0.000520661 -0.000853556 -0.000610687 -0.000909879 -0.00429907 0.000395683 0.00984375 -0.0152941 -0.000389105 0.000585586 0.0101786 -0.000294599 -0.00126838 -0.00805556
internal_weight=1209 1194 1178 1153 320 833 63 50 770 665 55 610 543 107
internal_count=1209 1194 1178 1153 320 833 63 50 770 665 55 610 543 107
is_linear=0
shrinkage=0.03


Tree=224
num_leaves=15
num_cat=0
split_feature=45 33 49 45 20 35 12 36 35 51 41 41 22 42
split_gain=11.2411 10.8267 6.7271 10.1405 4.667 10.9037 5.48312 8.36648 6.55188 7.02663 8.18881 5.93867 4.92244 4.94992
threshold=2.2813248361059588 11.954423474970822 0.88907562519182193 0.88907562519182193 1.755808010284569 0.18240392578894685 0.6488981879606881 4.8125129382738114 0.75039454540416684 4.9299754862733183 6.7451462570724763 4.4495762816055846 11.505081690260374 8.6311765752725034
decision_type=2 2 2 2 2 2 2 2 2 2 2 2 2 2
left_child=1 2 4 -4 5 -1 8 -8 11 -10 -11 -6 13 -13
right_child=-2 -3 3 -5 6 -7 7 -9 9 10 -12 12 -14 -15
leaf_value=-6.5283012797140441e-05 -0.0010140321036693543 0.0043457905158573685 0.0058495938239701067 -1.1282169406893749e-05 0.00014694596109376899 -0.0030089037644189342 6.8717761885654364e-05 0.012276759092623645 0.00065454907805372053 -0.00016038241738830443 6.6695842100339404e-06 -0.0005133348709782104 -0.00097767084974204272 6.3778259337697867e-05
leaf_weight=229 15.999999999999998 14.999999999999998 17 25 28 23 100 27 24 14.999999999999998 405 130 73 36
leaf_count=229 16 15 17 25 28 23 100 27 24 15 405 130 73 36
internal_value=-0.000489691 -0.000130662 -0.000476611 0.0111628 -0.000934922 -0.00450593 0.000143027 0.00585938 -0.000884831 0.00134831 0.000427553 -0.00458955 -0.006125 -0.00323353
internal_weight=1163 1147 1132 42 1090 252 838 127 711 444 420 267 239 166
internal_count=1163 1147 1132 42 1090 252 838 127 711 444 420 267 239 166
is_linear=0
shrinkage=0.03


Tree=225
num_leaves=15
num_cat=0
split_feature=33 45 49 11 41 30 0 42 42 0 43 29 12 13
split_gain=13.4895 7.69346 7.43963 4.77989 6.08851 8.5144 12.2051 10.7584 18.5363 10.7115 15.7822 6.20065 8.96048 5.97934
threshold=12.254793714635218 1.8354011421304721 1.7877093956071803 0.16776596309344624 5.1158101283778281 0.67028985507246386 7.5000000000000009 8.7281667507216216 7.3775551085518165 5.0000000000000009 1.4911356165197844 0.29539951573849882 0.8765243902439025 0.045652584052616067
decision_type=2 2 2 2 2 2 2 2 2 2 2 2 2 2
left_child=1 2 3 4 11 6 7 8 9 10 -6 12 -1 -8
right_child=-2 -3 -4 -5 5 -7 13 -9 -10 -11 -12 -13 -14 -15
leaf_value=0.00050468338653725351 0.0042154168003816573 -0.00055700645832877031 0.0062929800074393921 -0.00019665533503126061 0.0013403026244860094 3.7735524214710378e-06 -0.00068739617888958549 0.00062292655307358887 -0.0029954141327325299 0.0079505681876893639 -0.0024352359440842153 -0.00037529627847639798 -3.2275508820877039e-05 -0.0069930870001281243
leaf_weight=121 17 25 17 252 29 483 25 18 72 18 21 30 43 26
leaf_count=121 17 25 17 252 29 483 25 18 72 18 21 30 43 26
internal_value=-0.000776294 -0.0011685 -0.000804498 -0.00110623 -6.76437e-05 -0.00138528 -0.00642857 -0.00226415 -0.00510638 0.00608696 -0.00117647 0.00461538 0.00690909 -0.0190385
internal_weight=1197 1180 1155 1138 886 692 209 158 140 68 50 194 164 51
internal_count=1197 1180 1155 1138 886 692 209 158 140 68 50 194 164 51
is_linear=0
shrinkage=0.03


Tree=226
num_leaves=15
num_cat=0
split_feature=33 49 45 33 42 29 29 42 30 13 13 40 12 8
split_gain=10.7909 11.0829 5.77835 4.85375 4.47124 8.78269 5.68902 5.56511 5.47445 8.15097 9.28506 7.64107 7.26074 5.54177
threshold=12.254793714635218 3.991927716564355 1.8354011421304721 11.658831784213985 8.6311765752725034 13.451923076923078 12.45916666666667 8.4254201679570357 0.97726098191214483 0.25224859835381136 0.21164605841838866 1.4697596263093093 0.1642537192785303 2.509811508967204
decision_type=2 2 2 2 2 2 2 2 2 2 2 2 2 2
left_child=1 2 3 4 7 6 -6 8 9 10 -1 12 -11 -13
right_child=-2 -3 -4 -5 5 -7 -8 -9 -10 11 -12 13 -14 -15
leaf_value=-5.8179937929786484e-05 0.0042985232591162157 0.0043670504847579394 -0.00050493862767367836 -0.00020308727121835622 2.8192358404075522e-05 0.00060363089661288557 -3.8078189693329102e-05 -0.002008308213986891 -2.9369135322786857e-05 8.3249829226229025e-05 -0.0028021639721551449 -0.00011552461046267503 -3.6388923656757719e-06 0.0028940410966885599
leaf_weight=183 14.999999999999998 14.999999999999998 22 14.999999999999998 245 28 22 33 194 45 27 17 306 43
leaf_count=183 15 15 22 15 245 28 22 33 194 45 27 17 306 43
internal_value=-9.90917e-05 -0.000426421 -0.000762066 -0.000465919 -0.000236014 0.00293919 0.00123134 -0.00134276 -0.000845588 0.000530547 -0.0042654 0.00298544 0.00127841 0.0127869
internal_weight=1210 1195 1180 1158 1143 295 267 848 815 621 210 411 351 60
internal_count=1210 1195 1180 1158 1143 295 267 848 815 621 210 411 351 60
is_linear=0
shrinkage=0.03


Tree=227
num_leaves=15
num_cat=0
split_feature=33 37 49 10 33 24 33 41 31 10 24 41 19 29
split_gain=11.2662 6.44764 5.40233 5.2467 9.5848 8.48328 10.5163 7.83098 7.62338 5.44883 8.53416 5.64065 5.0043 12.4574
threshold=12.254793714635218 0.87409401350310023 2.5376603156764395 0.70056671708886387 11.284041374203758 0.96469568569949726 7.0901314511530433 9.7694604973534211 12.500000000000002 0.71896864817276096 0.94475258728110945 10.132109968840494 0.33148352472156767 0.187061095505618
decision_type=2 2 2 2 2 2 2 2 2 2 2 2 2 2
left_child=1 -1 3 4 7 8 -7 12 -5 -10 11 -11 -3 -14
right_child=-2 2 -4 5 -6 6 -8 -9 9 10 -12 -13 13 -15
leaf_value=-0.0001753985734115826 0.0036896359691749492 -0.00013807195348437717 0.0077244942119417993 0.00051560934735277891 -0.0001174142638384934 -0.00079413273855355123 0.00044595720623878286 2.6536838367703372e-05 6.5520524426614381e-05 -9.4934598681821738e-05 2.3814139441228064e-05 2.8873173190828716e-05 0.0015233380316104317 -7.2367850414467584e-06
leaf_weight=64 14.999999999999998 396 14.999999999999998 35 61 33 17 28 53 27 24 18 74 329
leaf_count=64 15 396 15 35 61 33 17 28 53 27 24 18 74 329
internal_value=-0.000630252 -0.000970213 -0.000432043 -0.000684307 -0.00168729 0.00360577 -0.00705882 -0.000833333 0.00702532 0.00341463 -0.00214286 -0.00978261 -0.0013875 0.000965347
internal_weight=1189 1174 1110 1095 888 207 50 827 157 122 69 45 799 403
internal_count=1189 1174 1110 1095 888 207 50 827 157 122 69 45 799 403
is_linear=0
shrinkage=0.03


Tree=228
num_leaves=15
num_cat=0
split_feature=33 12 50 0 28 31 22 12 22 29 23 24 22 13
split_gain=11.2255 4.72761 8.63516 7.89369 4.05968 8.58752 6.48406 12.0447 11.4676 14.1176 10.4471 9.74342 8.57517 7.71969
threshold=12.254793714635218 0.095742520644375259 3.1611329118964844 5.0000000000000009 10.500000000000002 3.5000000000000004 9.3368269297085167 0.16447431066184387 9.2254929791610447 13.451923076923078 9.3459869816169299 0.91029893843789844 11.62928885108929 0.58078542823072199
decision_type=2 2 2 2 2 2 2 2 2 2 2 2 2 2
left_child=1 -1 4 -4 5 -3 8 12 9 13 11 -9 -8 -6
right_child=-2 2 3 -5 6 -7 7 10 -10 -11 -12 -13 -14 -15
leaf_value=-0.00037777329672411764 0.0039215549009983782 -4.7207487875795119e-05 0.0053207053045215089 0.00021960513718914635 -0.00014111886182058552 -0.00015458597382837216 2.1521951310966568e-05 0.00023971037008945205 -0.00010656374337390084 -0.00037652823087071295 -1.4960330437809865e-05 0.0007642947160423954 -9.1919138699960709e-05 2.5419546931461643e-05
leaf_weight=26 14.999999999999998 600 20 22 19 25 28 43 36 39 39 68 51 150
leaf_count=26 15 600 20 22 19 25 28 43 36 39 39 68 51 150
internal_value=-0.000583756 -0.00092545 -0.000631025 0.0125581 -0.0011465 -0.00273163 0.000949367 0.00456522 -0.00244898 0.000287081 0.00953642 0.0141964 -0.004875 0.00405882
internal_weight=1181 1166 1140 42 1098 625 473 229 244 208 150 111 79 169
internal_count=1181 1166 1140 42 1098 625 473 229 244 208 150 111 79 169
is_linear=0
shrinkage=0.03


Tree=229
num_leaves=15
num_cat=0
split_feature=33 17 4 42 39 10 14 22 19 22 23 14 0 0
split_gain=14.6191 6.24978 6.41493 9.94659 8.24601 5.65477 6.37829 6.23499 9.17698 9.17386 11.2542 11.0745 5.30099 14.236
threshold=12.254793714635218 1.2916666666666667 4.0002920251071341 7.1344629766724639 3.2046511627906979 0.7194572039045003 0.29098529049223443 7.6052603798408658 0.57038581856100112 9.2254929791610447 7.5696881880266238 0.38314925271456463 7.5000000000000009 5.0000000000000009
decision_type=2 2 2 2 2 2 2 2 2 2 2 2 2 2
left_child=1 12 -3 4 -4 6 -5 -8 9 -9 -11 -12 13 -1
right_child=-2 2 3 5 -6 -7 7 8 -10 10 11 -13 -14 -15
leaf_value=-0.00062404467213543425 0.0036405589346606201 1.3170670314153199e-05 -3.9961020918551361e-05 -0.0017930468734181826 6.8007215991913172e-05 -6.3114478427850335e-05 -0.00039181183447714206 0.00012222532552867206 0.00017140715944101713 -0.00020502141381798953 0.0019763023127966468 -3.4453793227151583e-05 -0.0010817914161587948 0.0026935661014276138
leaf_weight=62 18 617 19 51 57 55 17 17 15.999999999999998 14.999999999999998 15.999999999999998 121 40 56
leaf_count=62 18 617 19 51 57 55 17 17 16 15 16 121 40 56
internal_value=-0.000840407 -0.00126724 -0.000389222 -0.00342857 0.00623377 -0.00582524 -0.00389764 -0.00147783 0.00016129 -0.00194118 -0.00431373 -0.00152174 -0.00679245 -0.00352941
internal_weight=1177 1159 1001 384 76 308 253 202 185 169 152 137 158 118
internal_count=1177 1159 1001 384 76 308 253 202 185 169 152 137 158 118
is_linear=0
shrinkage=0.03


Tree=230
num_leaves=15
num_cat=0
split_feature=23 4 24 33 42 27 28 36 24 14 22 4 18 23
split_gain=8.22935 6.02907 4.49947 7.08564 6.22707 9.29987 4.6131 3.89051 3.78134 9.21766 6.33909 8.09184 8.95457 5.86353
threshold=10.23870277516127 4.2364279127903783 0.94697265536988173 8.6331697154417135 8.1907029561001661 25.500000000000004 1.5000000000000002 8.2888854325104226 0.9532325991024333 0.95240761478163505 7.440027050157175 4.0925098067731485 1.1300356939925376 7.4506245741076542
decision_type=2 2 2 2 2 2 2 2 2 2 2 2 2 2
left_child=1 8 -3 6 -5 -6 -4 -8 9 -1 -10 12 -12 -14
right_child=-2 2 3 4 5 -7 7 -9 10 -11 11 -13 13 -15
leaf_value=-1.2363316045882131e-05 0.0039251357967274633 -0.00017857772045031249 -6.7411469298618571e-05 0.0036836068677931653 -0.0037401436573641822 0.00034034569562376267 -0.0006751592721742116 -0.00055052615208276204 0.00014823274085143417 0.015659488322949285 -0.00064693992071865791 5.6573645453600048e-05 0.00017574963249348863 -0.0039392284004687306
leaf_weight=724 14.999999999999998 23 30 17 17 14.999999999999998 21 14.999999999999998 56 21 32 44 138 34
leaf_count=724 15 23 30 17 17 15 21 15 56 21 32 44 138 34
internal_value=-0.00074813 -0.00103535 -0.00690647 -0.00439655 0.0042 -0.00363636 -0.0107463 -0.0178378 -0.000257143 -0.00140751 0.00255738 0.000481928 -0.00204878 0.000693642
internal_weight=1202 1187 138 115 49 32 66 36 1049 745 304 248 204 172
internal_count=1202 1187 138 115 49 32 66 36 1049 745 304 248 204 172
is_linear=0
shrinkage=0.03


Tree=231
num_leaves=15
num_cat=0
split_feature=23 23 8 49 46 12 41 34 41 36 17 0 0 39
split_gain=8.83755 6.65779 3.78811 4.34947 6.65995 4.17339 3.66487 7.1437 4.53131 8.34772 7.21476 6.48402 13.1078 33.5255
threshold=10.23870277516127 9.5470616430173312 0.73856062735983141 1.0000000180025095e-35 1.4837739881094312 0.52634397732530347 10.144762901471962 16.103551335970504 5.1517273206128182 6.362127480360777 49.567274280265458 7.5000000000000009 5.0000000000000009 3.4821428571428577
decision_type=2 2 2 2 2 2 2 2 2 2 2 2 2 2
left_child=1 2 -1 6 5 -5 8 -8 -4 11 -11 12 -10 -14
right_child=-2 -3 3 4 -6 -7 7 -9 9 10 -12 -13 13 -15
leaf_value=-0.00028626884476095493 0.0037142609932959126 -0.0006442351843406912 6.3008009119031041e-05 0.0026606141356735891 -9.5810081602224482e-05 0.0039133155779978168 -5.2089886941737437e-05 0.0007265296117018804 -0.0026868614068348172 -5.1192142131006866e-06 0.00077803660078420436 -0.0039443100952797697 0.0090727124754765853 -0.0069226142507966305
leaf_weight=36 19 23 319 15.000000000000002 23 14.999999999999998 24 29 73 515 17 32 30 27
leaf_count=36 19 23 319 15 23 15 24 29 73 515 17 32 30 27
internal_value=-0.000275459 -0.000610687 -0.000285467 2.67857e-05 0.00833333 0.0174194 -0.000393627 0.00722222 -0.000798817 -0.00215827 -0.000337711 -0.00809816 -0.00503817 0.00568966
internal_weight=1197 1178 1155 1119 53 30 1066 53 1013 694 532 162 130 57
internal_count=1197 1178 1155 1119 53 30 1066 53 1013 694 532 162 130 57
is_linear=0
shrinkage=0.03


Tree=232
num_leaves=15
num_cat=0
split_feature=22 8 49 22 42 10 10 42 39 14 35 10 42 19
split_gain=8.6383 5.40922 8.04074 4.24536 6.2088 8.42917 5.2177 3.29021 7.92403 7.29307 7.87191 7.5296 6.73573 6.07078
threshold=14.447146845027904 0.73856062735983141 2.3119036551835941 12.177952031130118 10.144762901471962 0.7149021608433469 0.11381521270648239 7.4270566078494751 3.1578014184397167 0.38149176652766065 0.7501043841336118 0.68937910889591991 8.1209157439726116 0.057926671587826252
decision_type=2 2 2 2 2 2 2 2 2 2 2 2 2 2
left_child=1 -1 3 4 7 -6 -5 -3 9 12 -11 -12 -9 -10
right_child=-2 2 -4 6 5 -7 -8 8 13 10 11 -13 -14 -15
leaf_value=-0.00033493418916674678 0.0041666595557662096 1.0347864037708321e-05 0.0035924819521297156 -0.0035012840266150612 -1.4653913008233487e-05 0.0011094476775202321 -2.7959317282721941e-07 -4.9628837185897721e-05 7.6591592120802679e-05 2.3208833388882465e-07 6.612953089271956e-05 8.2975145368424649e-06 3.0990509991137835e-05 -4.6308214285115664e-05
leaf_weight=34 19 470 24 29 28 19 43 41 71 56 24 18 53 263
leaf_count=34 19 470 24 29 28 19 43 41 71 56 24 18 53 263
internal_value=-5.02934e-05 -0.000383305 -2.63158e-05 -0.000403226 8.62069e-05 0.010625 -0.00739726 -0.000421264 -0.00204934 0.00279793 0.00848485 0.0181395 -0.00315789 -0.00483582
internal_weight=1192 1173 1139 1115 1043 47 72 996 526 192 98 42 94 334
internal_count=1192 1173 1139 1115 1043 47 72 996 526 192 98 42 94 334
is_linear=0
shrinkage=0.03


Tree=233
num_leaves=15
num_cat=0
split_feature=33 45 49 23 21 13 3 0 0 11 42 10 39 17
split_gain=16.1832 5.12994 6.44722 4.26216 6.67563 5.96493 5.72966 6.45495 14.4682 5.58291 4.11102 9.23948 7.07084 9.53753
threshold=12.254793714635218 2.2813248361059588 1.7877093956071803 2.8054987309270842 1.577808171859582 0.48764242714604128 1.9003585391411926 5.0000000000000009 7.5000000000000009 0.12596362271331102 7.4270566078494751 0.089722636299370495 7.1016304347826091 10.759765625000002
decision_type=2 2 2 2 2 2 2 2 2 2 2 2 2 2
left_child=1 2 3 5 6 -1 -5 -8 -9 -7 12 -12 -6 -14
right_child=-2 -3 -4 4 10 9 7 8 -10 -11 11 -13 13 -15
leaf_value=-1.217551186764726e-05 0.0033405097955549489 -0.00060876739081322908 0.003963076610888296 5.7092165474269535e-05 -1.9516953610859699e-06 0.0017869129433072282 -0.0033807958397735877 0.0012404572376628067 -0.0030295745434253184 6.8220704207150865e-05 -0.003630083518980488 -7.6014116200173733e-07 0.0021257362412870451 2.3864861390781031e-05
leaf_weight=144 17 18 22 27 198 37 22 26 26 46 83 464 33 53
leaf_count=144 17 18 22 27 198 37 22 26 26 46 83 464 33 53
internal_value=9.86031e-05 -0.000325 -7.61421e-05 -0.000387931 -0.00128617 0.00328947 -0.00852941 -0.0128 -0.00679245 0.00964286 -0.000396635 -0.00191606 0.00252632 0.00965517
internal_weight=1216 1199 1181 1159 932 227 101 74 52 83 831 547 284 86
internal_count=1216 1199 1181 1159 932 227 101 74 52 83 831 547 284 86
is_linear=0
shrinkage=0.03


Tree=234
num_leaves=15
num_cat=0
split_feature=33 11 0 0 11 33 23 10 10 10 0 42 42 18
split_gain=10.5306 3.39219 7.21394 16.8928 6.50788 5.54172 6.2004 4.42187 8.97261 4.7732 9.64265 9.19339 7.77497 8.17305
threshold=12.254793714635218 0.28932843927025892 7.5000000000000009 5.0000000000000009 0.16776596309344624 4.2998250838878977 6.3555905746836459 0.7194572039045003 0.71995847415889302 0.7068853745500453 7.5000000000000009 9.8836178932688483 8.6311765752725034 1.096562299177231
decision_type=2 2 2 2 2 2 2 2 2 2 2 2 2 2
left_child=1 4 3 -3 7 -6 -7 9 -9 11 -11 12 -1 -14
right_child=-2 2 -4 -5 5 6 -8 8 -10 10 -12 -13 13 -15
leaf_value=3.0688817599422432e-06 0.0028976864907896346 0.014122335455376686 0.0086807975539392977 -0.0030800289914581212 -8.0237726390667286e-05 -0.002829318258204685 0.00014829676302076725 -0.00015386214127654618 -7.0379714218335437e-06 1.3460397978100058e-05 0.00024975797421557201 -7.8872507025593561e-05 1.307390491125604e-05 0.001000192449115145
leaf_weight=571 14.999999999999998 15.999999999999998 18 19 145 35 20 23 92 51 27 107 35 36
leaf_count=571 15 16 18 19 145 35 20 23 92 51 27 107 35 36
internal_value=0.000198183 -0.000125418 0.00722222 -0.000833333 -0.000472441 -0.00537313 -0.0133929 0.000572641 -0.00491379 0.00134058 0.00835443 0.0006 0.00195956 0.01125
internal_weight=1210 1195 53 35 1142 200 55 942 115 827 78 749 642 71
internal_count=1210 1195 53 35 1142 200 55 942 115 827 78 749 642 71
is_linear=0
shrinkage=0.03


Tree=235
num_leaves=15
num_cat=0
split_feature=36 43 0 11 0 11 11 40 13 13 1 51 9 37
split_gain=10.5095 6.48833 10.043 15.2486 12.4452 27.8208 8.04244 9.45827 7.90258 6.99047 6.32504 6.1264 5.86694 5.71249
threshold=12.472757833218662 1.16110964736696 7.5000000000000009 0.29636406878836885 5.0000000000000009 0.1476292386062813 0.054524779041610939 0.53959062302381255 0.29426843316339357 0.15994277359164985 1.4982558360770895 5.3158809618844876 0.65747950046548287 2.8481886800969582
decision_type=2 2 2 2 2 2 2 2 2 2 2 2 2 2
left_child=1 13 4 11 6 10 -3 12 -9 -7 -6 -4 -8 -1
right_child=-2 2 3 -5 5 9 7 8 -10 -11 -12 -13 -14 -15
leaf_value=4.7680889677015335e-06 0.0034051046544886798 -0.0015834655088728909 -0.0010752453021823148 0.0099577945069224474 3.3889265460095299e-05 -0.0055982742114487147 -9.2973016172060997e-05 0.00035354912564554251 -0.00016977756487587481 -5.2664070665491277e-05 0.0036120351811957849 9.236142716053663e-05 -0.0031833509161707371 0.0021788371861942357
leaf_weight=797 14.999999999999998 34 86 14.999999999999998 17 18 15.000000000000002 37 25 30 59 17 14.999999999999998 41
leaf_count=797 15 34 86 15 17 18 15 37 25 30 59 17 15 41
internal_value=0.000220949 -9.942e-05 -0.00341463 -0.0105882 0 0.00672 -0.00661417 -0.00193548 0.0047619 -0.0110204 0.0179221 -0.0147115 -0.0154839 0.00135876
internal_weight=1221 1206 368 118 250 124 126 92 62 48 76 103 30 838
internal_count=1221 1206 368 118 250 124 126 92 62 48 76 103 30 838
is_linear=0
shrinkage=0.03


Tree=236
num_leaves=15
num_cat=0
split_feature=33 41 20 36 0 10 37 11 11 16 4 3 10 42
split_gain=14.4513 4.13617 4.24971 7.54136 6.03623 8.63049 6.82418 7.20224 4.355 4.24994 4.70736 6.46245 5.77071 4.77024
threshold=12.497110683035936 10.157174693333596 1.8721464915613384 3.1944269946384458 5.0000000000000009 0.11683249300613059 1.4392608977506034 0.21038391172082355 0.2016251479885125 0.27819465596012743 4.2789939178913645 4.8436168971975517 0.15880241132473386 7.1705713926154626
decision_type=2 2 2 2 2 2 2 2 2 2 2 2 2 2
left_child=1 2 3 4 6 -6 7 -1 -7 10 -4 -12 13 -13
right_child=-2 -3 9 -5 5 8 -8 -9 -10 -11 11 12 -14 -15
leaf_value=0.00028391322061985355 0.0030350560985534614 0.003671061282907897 3.5059959381922302e-06 -0.0012680561908860043 0.00032595953445068934 -0.00046888107040037773 -9.0183825686899197e-05 -5.0521203047102501e-05 -0.00010376220203975882 0.0002102261072622347 -0.00037650819114565693 0.0045464975792545116 0.0016233574987242316 -0.0012071341189117833
leaf_weight=34 14.999999999999998 15.999999999999998 694 121 38 55 35 15.999999999999998 40 32 27 14.999999999999998 15.999999999999998 58
leaf_count=34 15 16 694 121 38 55 35 16 40 32 27 15 16 58
internal_value=-0.000197857 -0.00057596 -0.000786802 -0.00361765 -0.000273973 -0.00425373 0.00593023 0.0129412 -0.0090625 0.000355872 -7.39827e-05 -0.00564103 -0.00166667 -0.00527027
internal_weight=1212 1197 1181 339 218 133 85 50 95 842 810 116 89 73
internal_count=1212 1197 1181 339 218 133 85 50 95 842 810 116 89 73
is_linear=0
shrinkage=0.03


Tree=237
num_leaves=15
num_cat=0
split_feature=33 38 38 8 51 12 22 0 14 38 51 51 51 22
split_gain=11.4829 6.32886 5.97976 7.10369 5.94657 4.44773 9.23847 7.50069 11.2705 7.71874 8.88915 6.48573 9.6632 6.09069
threshold=12.254793714635218 0.0078278186274509821 0.0582983193277311 1.6074219240238492 4.3722305065935592 0.16427844394193147 8.1175568754792504 5.0000000000000009 0.38413116264732317 0.06559423769507805 5.5065435855621248 2.9331460330366199 3.3915389605625408 9.8983193761396713
decision_type=2 2 2 2 2 2 2 2 2 2 2 2 2 2
left_child=1 4 3 -3 -1 6 -4 9 11 10 -7 -9 -13 -8
right_child=-2 2 5 -5 -6 7 13 8 -10 -11 -12 12 -14 -15
leaf_value=-0.00064745478071709134 0.0030753812397727918 0.00094922389651374618 -1.2451082020217551e-05 9.6997511892569219e-05 -0.0023635070898826989 -0.00074065913326944004 8.4870273862991399e-05 -0.00072049090317695907 3.4008160600484947e-06 5.6950731354820091e-05 1.566397386315005e-05 2.6715723212140661e-05 -0.0001240970385167417 1.5611612657877582e-05
leaf_weight=20 15.999999999999998 38 74 107 20 29 44 18 290 257 32 31 190 29
leaf_count=20 16 38 74 107 20 29 44 18 290 257 32 31 190 29
internal_value=0.000225753 -0.000127119 0.000289474 0.0059589 -0.0117073 -0.000542714 0.00425676 -0.00137972 -0.00356604 0.00225705 -0.00725806 -0.008375 -0.00689189 0.0117568
internal_weight=1195 1179 1139 145 40 994 147 847 529 318 61 239 221 73
internal_count=1195 1179 1139 145 40 994 147 847 529 318 61 239 221 73
is_linear=0
shrinkage=0.03


Tree=238
num_leaves=15
num_cat=0
split_feature=33 6 42 17 12 9 42 6 18 7 42 42 11 42
split_gain=11.7215 4.80834 4.25843 6.97529 5.61548 4.55686 7.46847 4.79465 6.64243 4.4932 4.10599 5.05985 4.04668 5.87601
threshold=12.254793714635218 3.8022008345821181 10.157174693333596 43.193444697024255 0.6488981879606881 1.5280887328767403 8.3509947212550362 2.4970463435944952 1.8095466653133714 1.0602869656029252 8.6311765752725034 7.4848298600045071 0.14500809196099848 7.1344629766724639
decision_type=2 2 2 2 2 2 2 2 2 2 2 2 2 2
left_child=1 2 5 4 -4 7 -7 8 9 -1 11 -10 13 -11
right_child=-2 -3 3 -5 -6 6 -8 -9 10 12 -12 -13 -14 -15
leaf_value=0.0001649985234758705 0.002859820312791932 0.003139662318071714 0.00072576523037830515 -0.0014024347630741207 0.0057781376580000954 -1.2222893234661302e-05 -0.0026218830037081065 -0.0021285413856812108 0.0026454470392831531 2.4898681869332805e-05 0.00050046430640494433 -0.00014660850817297899 -5.786909773519255e-05 -1.213319786008027e-05
leaf_weight=40 15.999999999999998 17 20 17 19 34 24 14.999999999999998 14.999999999999998 256 20 26 309 353
leaf_count=40 16 17 20 17 19 34 24 15 15 256 20 26 309 353
internal_value=-2.53807e-05 -0.000385935 -0.000626632 0.00736842 0.01425 -0.001043 -0.00915254 -0.00057971 -0.000323529 -0.000938478 0.00919355 0.00357143 -0.00137106 4.91803e-05
internal_weight=1181 1165 1148 56 39 1092 58 1034 1019 958 61 41 918 609
internal_count=1181 1165 1148 56 39 1092 58 1034 1019 958 61 41 918 609
is_linear=0
shrinkage=0.03


Tree=239
num_leaves=15
num_cat=0
split_feature=41 43 51 7 18 11 24 41 22 10 9 22 41 40
split_gain=9.36334 7.6955 4.65843 7.39014 4.25641 4.11988 9.28178 7.46737 5.58802 5.14125 3.8732 3.72391 6.74998 5.86315
threshold=10.157174693333596 2.1088998399735588 2.997035777525753 1.3004864478433744 2.338246208055577 0.16776596309344624 0.99531335277664079 4.4495762816055846 11.520692484453201 0.20612922705314013 1.0023843245039192 7.5716159822295825 8.3385829294489167 0.97712125471966249
decision_type=2 2 2 2 2 2 2 2 2 2 2 2 2 2
left_child=1 2 -1 -4 -3 7 8 9 10 -5 -7 13 -13 -9
right_child=-2 4 3 5 -6 6 -8 11 -10 -11 -12 12 -14 -15
leaf_value=-8.5436591154589567e-05 0.0029348225164504659 -0.0020221855060017233 0.0003685675127303356 0.00035089507653015216 0.00063738524578000493 -0.00044969727388820545 0.0022515049474441627 9.4719605253672226e-06 0.0054021707449815066 2.5862413849244703e-05 -0.0018921028580187254 -1.4134858862198395e-05 1.7854794264635652e-05 0.0012294437134956371
leaf_weight=68 23 85 51 28 21 89 20 178 14.999999999999998 26 18 356 207 19
leaf_count=68 23 85 51 28 21 89 20 178 15 26 18 356 207 19
internal_value=0.00019917 -0.000177665 0.000585502 0.00110119 -0.00785047 0.000501567 -0.0041958 0.00132515 -0.00731707 0.012 -0.00972222 0.000551905 -0.000691489 0.00409091
internal_weight=1204 1181 1075 1007 106 956 142 814 122 54 107 760 563 197
internal_count=1204 1181 1075 1007 106 956 142 814 122 54 107 760 563 197
is_linear=0
shrinkage=0.03


Tree=240
num_leaves=15
num_cat=0
split_feature=41 42 10 42 10 5 9 11 9 10 25 11 16 7
split_gain=11.8019 5.35476 7.1188 12.8423 11.0446 10.7909 10.4264 5.75451 5.01122 4.81046 4.42711 5.72585 5.5324 7.91739
threshold=10.157174693333596 8.6311765752725034 0.70526439244522188 9.8836178932688483 0.7194572039045003 4.5171464319921846 0.64470822301870756 0.17897297298596887 1.09584992458713 0.72887157253339596 45.500000000000007 0.092750606178879744 0.046010867462676075 1.6333509834420441
decision_type=2 2 2 2 2 2 2 2 2 2 2 2 2 2
left_child=1 10 3 6 -4 -5 -3 8 -8 -6 12 -12 -1 -14
right_child=-2 2 4 5 9 -7 7 -9 -10 -11 11 -13 13 -15
leaf_value=-1.5736461892249254e-05 0.0029441276799246551 0.00074277078517992695 0.00018507482920441243 -8.1938414603848202e-05 -3.4129298436313955e-05 0.0030438991497057622 -0.00085051884015522542 -0.0021154044769463314 5.2460657307773494e-05 0.0095512909526292971 -0.0010069617682313314 1.580661590553034e-05 -3.8533672982341558e-05 0.00035088131116309262
leaf_weight=736 22 29 32 109 17 14.999999999999998 19 20 29 15.999999999999998 29 21 37 41
leaf_count=736 22 29 32 109 17 15 19 20 29 16 29 21 37 41
internal_value=-0.000409207 -0.000834057 0.00271777 0.000135135 0.0113636 -0.00624 0.00826531 0.00173913 0.00734694 -0.000882353 -0.00201156 -0.0105882 -0.00147239 0.00607595
internal_weight=1172 1150 286 221 65 124 97 68 48 33 864 50 814 78
internal_count=1172 1150 286 221 65 124 97 68 48 33 864 50 814 78
is_linear=0
shrinkage=0.03


Tree=241
num_leaves=15
num_cat=0
split_feature=36 43 38 0 0 9 22 3 3 24 43 3 42 24
split_gain=7.42271 4.43596 9.34166 8.1432 12.8003 6.27994 6.11229 6.25608 6.0804 5.469 5.35924 4.72943 4.44318 4.96269
threshold=12.472757833218662 2.1088998399735588 0.062249648226074122 5.0000000000000009 7.5000000000000009 0.75319877567398941 7.2740361619583309 2.3063919283598682 2.0842782034318628 0.92110422956023796 1.4547780146205878 3.9715079129356248 7.2280866129518779 0.99643917102312185
decision_type=2 2 2 2 2 2 2 2 2 2 2 2 2 2
left_child=1 2 6 11 5 -5 7 8 -1 -8 -4 -3 -12 -14
right_child=-2 3 10 4 -6 -7 9 -9 -10 -11 12 -13 13 -15
leaf_value=-0.00061075040353966768 0.0025895798631286747 -0.0035078378338861608 3.2338937630704833e-06 0.0058715892304722333 -0.0030415190436525481 -0.00053518602428898716 0.0025981721546533562 -0.00037647800397961169 0.0012510665350541686 0.00061645124328934154 -0.0010622859565333886 -8.4369629776150925e-05 -0.00045581126544243396 0.00078923900135442532
leaf_weight=22 14.999999999999998 28 827 21 32 14.999999999999998 18 15.999999999999998 15.999999999999998 46 45 14.999999999999998 48 14.999999999999998
leaf_count=22 15 28 827 21 32 15 18 16 16 46 45 15 48 15
internal_value=0.000330508 5.15021e-05 0.000654649 -0.005625 0.000869565 0.012973 0.00857143 0.00109091 0.00769231 0.0147692 -0.000352564 -0.0156818 -0.0066055 -0.00140625
internal_weight=1179 1164 1053 111 68 36 118 54 38 64 935 43 108 63
internal_count=1179 1164 1053 111 68 36 118 54 38 64 935 43 108 63
is_linear=0
shrinkage=0.03


Tree=242
num_leaves=15
num_cat=0
split_feature=23 23 29 23 16 4 18 42 0 34 22 23 21 13
split_gain=8.03011 4.94423 7.16748 4.00833 6.90232 6.0664 5.45137 5.2782 4.01496 5.1489 3.89902 3.61442 6.91632 4.77725
threshold=10.23870277516127 9.3538280774998146 13.41346153846154 1.2864358011002401 0.046010867462676075 0.73856062735983141 0.97712125471966249 7.8301465850147078 5.0000000000000009 0.94928441513108341 8.4011899779120007 2.6721381576675429 1.616396116057135 0.25224859835381136
decision_type=2 2 2 2 2 2 2 2 2 2 2 2 2 2
left_child=1 3 -3 5 11 6 8 -6 -1 -10 -8 -5 -13 -14
right_child=-2 2 -4 4 7 -7 10 -9 9 -11 -12 12 13 -15
leaf_value=-0.00075188048875507343 0.0026125630235834672 -0.00016875631258624679 3.8882450220718567e-05 0.00021578069801601998 4.7340103523019202e-05 -0.00054466098079588015 0.00020677146359345642 0.00072039064481163595 -0.00027796507677150026 0.0013212663669824236 -2.8683398555262586e-06 -0.000259086231089915 -0.00036786313845307725 1.489322840445173e-05
leaf_weight=21 19 36 22 98 51 15.999999999999998 15.999999999999998 27 15.000000000000002 15.999999999999998 23 134 75 631
leaf_count=21 19 36 22 98 51 16 16 27 15 16 23 134 75 631
internal_value=0.000649459 0.000329949 -0.00813559 0.000774021 0.00135693 -0.00472222 -0.00163043 0.00987342 -0.00792453 -0.0009375 0.00675 0.000638978 0 0.00118812
internal_weight=1200 1181 58 1123 1016 107 91 78 52 31 39 938 840 706
internal_count=1200 1181 58 1123 1016 107 91 78 52 31 39 938 840 706
is_linear=0
shrinkage=0.03


Tree=243
num_leaves=15
num_cat=0
split_feature=23 34 23 14 14 38 49 45 14 8 14 37 7 23
split_gain=11.1877 5.70004 5.67327 6.84593 7.17348 4.79579 4.30565 2.86613 3.75203 4.6429 7.73934 3.88691 3.78276 5.40093
threshold=10.23870277516127 23.564451668632419 9.3612706254256981 0.39905835009845508 0.4002310059667899 0.0078278186274509821 2.7588004812518885 1.2156818820794939 0.10977443609022557 2.0586024930463922 0.65628316950482268 1.9590151683924404 1.7991215958268116 7.0232420838627183
decision_type=2 2 2 2 2 2 2 2 2 2 2 2 2 2
left_child=1 2 5 -4 -5 -1 7 8 12 11 -11 -10 -7 -14
right_child=-2 -3 3 4 -6 6 -8 -9 9 10 -12 -13 13 -15
leaf_value=-0.0015235413594789837 0.0027646304436748001 0.0023048425261583726 -0.00024763389269358169 1.8923344531871499e-05 -0.00011167043650442742 0.0001380942329783552 0.0015886989536875128 -0.00019505007763048919 -2.4596835530051874e-05 2.5878488671837726e-06 0.011598554421564624 -0.00072742325416345227 -0.0010628891077180858 0.001077955493073835
leaf_weight=42 19 21 17 14.999999999999998 22 83 17 17 212 615 19 56 19 22
leaf_count=42 19 21 17 15 22 83 17 17 212 615 19 56 19 22
internal_value=0.000250627 -0.000127334 -0.000414866 -0.00981818 -0.00236842 5.43971e-05 0.000452403 0.000201149 0.000408958 -0.000265781 0.00113386 -0.00356877 0.00528 -0.00214286
internal_weight=1196 1177 1156 54 37 1102 1060 1043 1026 902 634 268 124 41
internal_count=1196 1177 1156 54 37 1102 1060 1043 1026 902 634 268 124 41
is_linear=0
shrinkage=0.03


Tree=244
num_leaves=15
num_cat=0
split_feature=23 23 29 10 42 22 22 11 22 24 9 38 22 35
split_gain=6.08526 4.59304 8.12616 4.58414 21.284 8.17645 8.24111 8.00419 6.4966 6.24819 6.10554 5.73915 7.16919 5.72821
threshold=10.23870277516127 9.3459869816169299 13.437370062370062 0.70056671708886387 9.9130813529215018 10.913463336230757 10.526127764253575 0.12640605573746005 7.7964555716377353 0.99921033306831752 1.0900774709488703 0.65476190476190488 7.6848875909587369 0.8128434992603778
decision_type=2 2 2 2 2 2 2 2 2 2 2 2 2 2
left_child=1 3 -3 5 7 6 -1 8 -5 10 -7 12 -9 -12
right_child=-2 2 -4 4 -6 9 -8 11 -10 -11 13 -13 -14 -15
leaf_value=2.4082024585314607e-08 0.0025664693749651323 -5.7390534141918966e-05 9.6591331598183669e-06 3.7954085681278779e-05 0.00042625588963635997 -0.0014657763018292779 0.0028436933896721492 -0.00049418310680484408 -2.935760907918583e-05 0.00033041201048157717 7.9014078848504978e-06 0.00011004802375566669 -3.1422600678771006e-06 -0.00016065260368885781
leaf_weight=715 15.999999999999998 38 28 48 40 65 15.999999999999998 23 59 30 64 17 19 23
leaf_count=715 16 38 28 48 40 65 16 23 59 30 64 17 19 23
internal_value=-0.000174709 -0.000430017 -0.0080597 2.67857e-05 0.00405797 -0.000886214 0.000532787 -0.000718563 0.00416667 -0.00655738 -0.00901961 -0.0095 -0.0153488 -0.00375
internal_weight=1201 1185 66 1119 206 913 731 166 107 182 152 59 42 87
internal_count=1201 1185 66 1119 206 913 731 166 107 182 152 59 42 87
is_linear=0
shrinkage=0.03


Tree=245
num_leaves=15
num_cat=0
split_feature=22 11 44 11 49 34 29 19 34 24 6 19 0 28
split_gain=10.0458 5.05734 7.59053 7.284 5.63635 5.43977 6.87144 7.23583 9.91477 5.04058 4.02617 4.00992 3.94121 7.26794
threshold=14.447146845027904 0.12270557639684794 1.0602869656029252 0.1175253982681478 1.7877093956071803 14.78560595512999 0.45056867891513569 0.33311489733508087 0.88172442244224436 0.97271780981375378 1.9701336957230062 0.11303270801179535 7.5000000000000009 12.500000000000002
decision_type=2 2 2 2 2 2 2 2 2 2 2 2 2 2
left_child=1 3 -3 4 5 6 7 9 -9 11 -11 -1 -8 -14
right_child=-2 2 -4 -5 -6 -7 12 8 -10 10 -12 -13 13 -15
leaf_value=0.00046011224859748623 0.0035921883729336823 1.9041635273453484e-05 -0.0010398686068736596 -7.2623570698673038e-05 0.0032120339154676201 0.0021503864486834565 -0.00011855744698781034 0.0031104307273861886 -0.0026242326366748411 -0.00085463452223672235 5.2126779328676151e-06 -6.7713163307001609e-05 -0.0049439832361053322 2.3794051744308043e-05
leaf_weight=35 21 662 19 114 28 29 141 39 14.999999999999998 43 33 20 25 14.999999999999998
leaf_count=35 21 662 19 114 28 29 141 39 15 43 33 20 25 15
internal_value=0.000362903 0 0.00171554 -0.00217472 -0.000353774 -0.00128788 -0.00228883 0.00177419 0.0109091 -0.00204545 -0.00701299 0.00482143 -0.00642857 -0.0146341
internal_weight=1239 1218 681 537 423 395 366 185 54 131 76 55 181 40
internal_count=1239 1218 681 537 423 395 366 185 54 131 76 55 181 40
is_linear=0
shrinkage=0.03


Tree=246
num_leaves=15
num_cat=0
split_feature=33 30 33 23 12 17 14 12 22 49 0 17 42 9
split_gain=7.76038 6.01633 9.20576 7.11486 9.13385 10.449 6.93706 6.45352 5.97002 5.59239 8.85882 5.16673 6.06906 4.25699
threshold=12.254793714635218 0.97915762049500665 6.9987334130595222 8.3265946332991572 0.16441985701375211 10.251100310413372 0.3840689916490832 0.16428407513869481 8.1175568754792504 0.88907562519182193 5.0000000000000009 85.831387798223076 10.157174693333596 0.56520355206351558
decision_type=2 2 2 2 2 2 2 2 2 2 2 2 2 2
left_child=1 3 6 7 -5 -6 -3 8 -1 11 -11 12 -9 -7
right_child=-2 2 -4 4 5 13 -8 9 -10 10 -12 -13 -14 -15
leaf_value=5.9237053598707452e-05 0.0024969317979275816 -1.6144600284796751e-05 -4.4775782000261443e-06 -0.00013905429888201202 9.7620678264420666e-05 -0.0047954920730460381 -0.00062261025752974092 1.6776472994006752e-06 9.3516477464146146e-05 0.0045686520932604422 -0.00021681857077657796 -0.0028736026777274504 0.0034844227217456767 0.0013860997008341691
leaf_weight=46 14.999999999999998 32 195 48 48 26 25 603 25 15.999999999999998 19 20 43 22
leaf_count=46 15 32 195 48 48 26 25 603 25 16 19 20 43 22
internal_value=-0.000126689 -0.000410607 -0.00450593 0.000719738 -0.00537931 0 -0.015 0.00186287 0.0104167 0.000982906 0.0125 0.00035982 0.000834621 -0.00979592
internal_weight=1183 1168 252 916 144 96 57 772 71 701 35 666 646 48
internal_count=1183 1168 252 916 144 96 57 772 71 701 35 666 646 48
is_linear=0
shrinkage=0.03


Tree=247
num_leaves=15
num_cat=0
split_feature=23 6 6 12 4 1 36 10 18 22 24 3 9 39
split_gain=9.20446 7.66154 6.63711 4.36768 13.6195 10.7972 7.5054 8.35731 5.92403 5.61368 9.33113 5.88038 4.84827 7.01362
threshold=10.23870277516127 3.8022008345821181 2.4970463435944952 0.59340312690995856 1.8162286460923622 2.1088998399735588 2.2875939224638313 0.53485576923076927 1.6901056208558032 6.513061371605235 0.24038461538461542 2.2877959601851461 0.35388668108954874 3.2870588235294123
decision_type=2 2 2 2 2 2 2 2 2 2 2 2 2 2
left_child=1 2 3 5 8 6 7 -1 -5 10 -8 -11 -13 -14
right_child=-2 -3 -4 4 -6 -7 9 -9 -10 11 -12 12 13 -15
leaf_value=0.00037708710589326011 0.00244332028071498 0.0029422883405609435 -0.0027532844935930032 -0.00012786516396724677 0.0026086081741442647 -0.0027452258236584635 -0.00022808515787833716 -4.1779859464911025e-05 9.085103675593967e-05 0.0004016024688320379 -0.0036986936377911921 0.00047709077773113947 1.6277651173236817e-06 -0.00027366603832783997
leaf_weight=54 17 18 17 134 86 37 75 36 19 21 15.999999999999998 43 461 163
leaf_count=54 17 18 17 134 86 37 75 36 19 21 16 43 461 163
internal_value=0.000375626 5.08044e-05 -0.000257954 2.6178e-05 0.003625 -0.00092613 -0.000241379 0.00791209 -0.00175325 -0.00119231 -0.00815217 -0.000261248 -0.000763473 -0.00144
internal_weight=1197 1180 1162 1145 239 906 869 90 153 779 91 688 667 624
internal_count=1197 1180 1162 1145 239 906 869 90 153 779 91 688 667 624
is_linear=0
shrinkage=0.03


Tree=248
num_leaves=15
num_cat=0
split_feature=23 43 1 42 37 33 9 13 30 13 23 22 37 14
split_gain=5.61853 4.96991 9.64711 7.53361 7.47078 5.60592 5.58746 5.46652 5.78692 5.22823 5.21577 6.37939 4.65556 4.98235
threshold=10.23870277516127 2.1088998399735588 2.0549579315118973 10.157174693333596 1.8481781943666664 7.5792241202967334 0.59560019522842034 0.67192063929457169 0.99056603773584917 0.29426843316339357 1.4978175972987751 9.2254929791610447 1.8721464915613384 0.065779624596228492
decision_type=2 2 2 2 2 2 2 2 2 2 2 2 2 2
left_child=1 2 3 4 7 6 -3 8 10 -4 -1 -12 -6 -14
right_child=-2 5 9 -5 12 -7 -8 -9 -10 -11 11 -13 13 -15
leaf_value=-2.4879938108022247e-05 0.0023700206722935225 8.7235743239499897e-06 0.00010992502528806881 0.0055118711044359371 -0.00020948180270533246 0.0004246383526469613 -0.0028911969404121795 -0.0003255573715596771 -4.9594608513015006e-06 0.0021816361832423395 0.0001073784003497591 -6.3432346167640043e-05 -0.0019328444167981418 -3.2651691715634977e-06
leaf_weight=63 19 39 25 32 36 15.999999999999998 60 41 117 27 227 52 19 412
leaf_count=63 19 39 25 32 36 16 60 41 117 27 227 52 19 412
internal_value=0.000733558 0.000462725 0.00111217 0.00045 -3.09917e-05 -0.00543103 -0.0081 0.00251497 0.00345652 0.0135849 0.00542274 0.00717857 -0.00275641 -0.001875
internal_weight=1185 1166 1051 999 967 115 99 500 459 52 342 279 467 431
internal_count=1185 1166 1051 999 967 115 99 500 459 52 342 279 467 431
is_linear=0
shrinkage=0.03


Tree=249
num_leaves=15
num_cat=0
split_feature=41 43 14 34 33 34 9 23 24 39 30 42 20 39
split_gain=12.3407 3.41766 5.99982 4.02714 5.70555 5.62365 3.7752 5.31259 5.22477 7.2811 5.31195 4.74076 8.34959 7.9803
threshold=10.157174693333596 2.4090865443215725 0.14049160684397247 15.973206301162554 7.0214366648750888 15.786443596850214 0.38905610230249665 0.73856062735983141 0.98184188733355682 26.937500000000004 0.060661764705882359 8.2510187800329948 4.1093036209520539 3.1686991869918706
decision_type=2 2 2 2 2 2 2 2 2 2 2 2 2 2
left_child=1 3 -3 5 -5 6 8 -8 10 -10 -1 12 -9 -13
right_child=-2 2 -4 4 -6 -7 7 11 9 -11 -12 13 -14 -15
leaf_value=-3.0851411292408537e-05 0.0023915410297944018 0.0057333632038404081 -0.0026732779327715245 -0.00069572442726861827 -2.0723782070568575e-05 7.4655397535438036e-05 0.0027375975987347671 9.7898314248756605e-06 0.0030028527078888342 -0.0011307192869150168 -0.0010856102316300475 2.4594707634149061e-05 0.0029976182146705986 -8.9295971124405681e-05
leaf_weight=75 23 15.999999999999998 36 15.999999999999998 125 15.999999999999998 15.999999999999998 495 25 18 37 89 33 196
leaf_count=75 23 16 36 16 125 16 16 495 25 18 37 89 33 196
internal_value=-4.93016e-05 -0.000477387 -0.00792453 -0.000131349 -0.00485915 0.000539461 0.000243655 0.00104819 -0.00403846 0.00477273 -0.00743363 0.000700246 0.00238185 -0.00241259
internal_weight=1216 1193 52 1141 141 1000 984 829 155 43 112 813 528 285
internal_count=1216 1193 52 1141 141 1000 984 829 155 43 112 813 528 285
is_linear=0
shrinkage=0.03


Tree=250
num_leaves=15
num_cat=0
split_feature=36 43 0 22 38 36 36 9 9 12 24 24 31 24
split_gain=8.81364 3.62511 6.97027 10.5931 6.02658 6.78728 6.37716 5.0375 4.35508 4.8721 5.38476 10.3644 5.28125 5.11476
threshold=12.472757833218662 2.1088998399735588 5.0000000000000009 11.410898431481844 0.05634920634920635 5.20100379593943 3.3396446591055837 1.3320372076510503 0.32642423661803971 0.16376051869223343 0.34166666666666673 0.58181160345634886 2.5000000000000004 0.94522056431819934
decision_type=2 2 2 2 2 2 2 2 2 2 2 2 2 2
left_child=1 4 7 -4 5 6 -1 -3 -6 10 -10 -12 -13 -11
right_child=-2 2 3 -5 8 -7 -8 -9 9 13 11 12 -14 -15
leaf_value=0.00025476471228673831 0.0017990836794852026 -0.0033011120959045713 0.0022100472235976935 -0.001805572012597616 -0.00021177009299140569 0.00057626479580053294 -0.0031436515809523083 -9.4082424427166513e-06 0.0010598450803025303 -1.7645500062493101e-05 -0.00076435519863613964 0.0006024718413198077 -1.1056645758999207e-05 1.7306814572002616e-05
leaf_weight=67 15.999999999999998 24 44 35 45 19 20 14.999999999999998 20 541 18 15.000000000000002 15.999999999999998 314
leaf_count=67 16 24 44 35 45 19 20 15 20 541 18 15 16 314
internal_value=-0.000272727 -0.000577889 -0.00554622 -0.000375 -2.7881e-05 0.00672897 0.00306818 -0.01575 -0.000773196 -0.000324324 0.00728571 0.0018 0.0121875 -0.000946262
internal_weight=1209 1193 118 79 1075 106 87 39 969 924 69 49 31 855
internal_count=1209 1193 118 79 1075 106 87 39 969 924 69 49 31 855
is_linear=0
shrinkage=0.03


Tree=251
num_leaves=15
num_cat=0
split_feature=33 9 0 0 41 10 4 5 7 13 22 11 24 19
split_gain=7.89426 6.00056 6.39169 8.81161 5.36816 6.65591 4.68297 6.15608 4.93008 5.52751 6.56185 8.76882 7.91592 5.77111
threshold=12.254793714635218 0.32642423661803971 7.5000000000000009 5.0000000000000009 4.4650928568396884 0.5854591836734695 4.2789939178913645 4.9470478355063108 3.9465291283602126 0.58071022460470123 4.1853368170764549 0.1619838273109325 0.94789875014333236 0.18992285909579146
decision_type=2 2 2 2 2 2 2 2 2 2 2 2 2 2
left_child=1 2 3 -1 5 -3 8 -8 9 10 -6 12 -12 -14
right_child=-2 4 -4 -5 6 -7 7 -9 -10 -11 11 -13 13 -15
leaf_value=-0.00054730111009901599 0.0019891912668228338 0.00012403982693875325 -0.001745545267924473 0.00071642436321721153 0.0006959349945648318 -8.278932999304489e-05 -0.00051105606822280075 4.5580081626531706e-05 0.0035551381718704682 8.0097036796988869e-06 -0.00028623202591516545 0.00012273196643968975 0.0019340943807532045 -0.00025375685096892667
leaf_weight=26 14.999999999999998 106 20 28 27 27 58 48 20 577 89 80 24 35
leaf_count=26 15 106 20 28 27 27 58 48 20 577 89 80 24 35
internal_value=-0.000304826 -0.000591767 -0.0088 -0.00327273 -2.74725e-05 0.00559701 -0.000813347 -0.00672897 -7.034e-05 -0.000432173 -0.00410156 -0.00576419 -0.0100671 -0.0015
internal_weight=1180 1165 74 54 1091 133 958 106 852 832 255 228 148 59
internal_count=1180 1165 74 54 1091 133 958 106 852 832 255 228 148 59
is_linear=0
shrinkage=0.03


Tree=252
num_leaves=15
num_cat=0
split_feature=28 20 7 31 1 4 13 39 0 14 16 7 38 11
split_gain=8.6174 5.87809 5.53549 5.70537 5.27447 4.37242 4.43254 5.80298 9.7145 14.803 8.6249 7.46628 7.45013 6.41024
threshold=49.000000000000007 5.5855644278750134 5.6449163749976989 22.500000000000004 2.175124009167082 5.4825909258244163 0.92401960784313741 3.1815803244374679 5.0000000000000009 0.4006401790031196 0.064537419651056027 2.7652599281658881 0.51639784946236567 0.12904102608036208
decision_type=2 2 2 2 2 2 2 2 2 2 2 2 2 2
left_child=1 2 3 4 5 6 7 11 9 -9 13 -1 -11 -10
right_child=-2 -3 -4 -5 -6 -7 -8 8 10 12 -12 -13 -14 -15
leaf_value=1.8311040281422384e-05 0.0019295155288181487 0.0072568590051363289 -0.00040557948323477586 -0.003380157081028342 -0.0024191450148234161 0.0022368772077501651 0.0010565329642455434 5.4338394936905838e-05 -0.00011551922914452394 -0.0006203862013339145 0.00046241473731671866 -0.00073374542153751491 -0.00013423473505766337 -9.174857392304502e-06
leaf_weight=460 19 21 15.999999999999998 15.999999999999998 55 17 76 127 176 14.999999999999998 21 15.999999999999998 31 117
leaf_count=460 19 21 16 16 55 17 76 127 176 15 21 16 31 117
internal_value=-2.53378e-05 -0.000360515 -0.000655594 -0.000398936 -0.000134892 0.000340587 8.65385e-05 -0.000466805 -0.00276639 0.00293103 -0.00590476 0.00188679 -0.0114894 -0.0072449
internal_weight=1183 1164 1143 1127 1111 1056 1039 963 487 173 314 476 46 293
internal_count=1183 1164 1143 1127 1111 1056 1039 963 487 173 314 476 46 293
is_linear=0
shrinkage=0.03


Tree=253
num_leaves=15
num_cat=0
split_feature=41 4 4 14 14 24 5 42 24 24 38 12 19 1
split_gain=11.1874 5.30124 5.13903 4.27152 8.73128 7.41535 11.5625 9.72421 9.44052 8.97397 6.75019 6.1022 5.69294 4.55647
threshold=10.157174693333596 6.1313308557490691 4.8732794167556071 0.38323098568590985 0.38205229441175015 0.91443794486195895 2.0897758955825942 8.1209157439726116 0.67906801233099257 0.52927805055464638 0.0708669221620193 0.49975514201762983 0.57038581856100112 1.9369507989322308
decision_type=2 2 2 2 2 2 2 2 2 2 2 2 2 2
left_child=1 2 3 4 5 8 -7 10 9 -1 -8 -9 -6 -12
right_child=-2 -3 -4 -5 12 6 7 11 -10 -11 13 -13 -14 -15
leaf_value=-4.2199531632431952e-05 0.0021606663069165767 0.0084632701523445816 -0.00041658109895117865 -1.1216864896541057e-05 1.0115065087936692e-05 0.00050409134219839779 -0.00022026353945828192 -0.0044081025919365585 -0.0001153540644729395 0.00016244919579355864 0.00026009570465678091 1.3612326740567448e-05 9.1124017407719489e-05 0.003248048635966303
leaf_weight=127 25 14.999999999999998 72 628 31 20 17 28 64 19 59 53 34 22
leaf_count=127 25 15 72 628 31 20 17 28 64 19 59 53 34 22
internal_value=0.000148148 -0.000277311 -0.000510638 0 0.00214737 0.000512195 0.00465 0.00216667 -0.00341232 0.000816327 0.00848485 -0.0054878 0.0122727 0.0120732
internal_weight=1214 1189 1174 1102 474 409 199 179 210 146 98 81 65 81
internal_count=1214 1189 1174 1102 474 409 199 179 210 146 98 81 65 81
is_linear=0
shrinkage=0.03


Tree=254
num_leaves=15
num_cat=0
split_feature=41 49 19 29 10 12 12 43 11 5 27 37 1 42
split_gain=7.51525 5.02441 5.44666 11.8583 10.4401 4.28025 8.06181 5.12202 4.81131 6.43147 6.1947 4.32529 4.92625 4.27273
threshold=10.157174693333596 3.991927716564355 0.33267514359717415 0.187061095505618 0.40646258503401367 0.28044121781966763 0.28586339574014002 1.4911356165197844 0.28571449453167602 1.7323192795475166 14.500000000000002 2.2764374868921138 1.1901056208558034 6.9027814505613252
decision_type=2 2 2 2 2 2 2 2 2 2 2 2 2 2
left_child=1 2 5 4 -4 7 -7 -1 9 -8 11 12 -11 -14
right_child=-2 -3 3 -5 -6 6 8 -9 -10 10 -12 -13 13 -15
leaf_value=0.00060368027235177979 0.0021284845719575516 0.0034956374947389254 0.0028546849123196631 9.1804428059560905e-07 -0.00029175053522603945 -0.0019801248046001879 2.7938914782409395e-05 -3.77973344095453e-05 0.00074759625768803454 -0.0010337089089426676 0.00052529834620685669 -0.0015123679230519048 0.0013440752626968299 -8.31122927445721e-05
leaf_weight=39 24 14.999999999999998 60 606 22 22 78 21 44 23 27 107 14.999999999999998 100
leaf_count=39 24 15 60 606 22 22 78 21 44 23 27 107 15 100
internal_value=0.000523256 0.000177966 -5.15021e-05 0.00165457 0.0122892 -0.00251572 -0.00359712 0.00491803 -0.00258228 -0.00376068 -0.00593407 -0.00743902 -0.00388489 -0.0012931
internal_weight=1203 1179 1164 688 82 476 416 60 394 350 272 245 138 115
internal_count=1203 1179 1164 688 82 476 416 60 394 350 272 245 138 115
is_linear=0
shrinkage=0.03


Tree=255
num_leaves=15
num_cat=0
split_feature=41 43 0 0 10 11 12 13 19 42 10 5 7 13
split_gain=13.9537 4.83564 8.02423 13.8945 13.2292 11.2803 9.39913 6.30317 5.57409 6.03657 5.85498 4.89583 4.88889 4.8625
threshold=10.157174693333596 1.4547780146205878 7.5000000000000009 5.0000000000000009 0.34003025269626613 0.039127090357074214 0.52634397732530347 0.15047169811320757 0.5803225806451614 10.157174693333596 0.72887157253339596 1.8603276782758624 2.1122665313030433 0.8970588235294118
decision_type=2 2 2 2 2 2 2 2 2 2 2 2 2 2
left_child=1 8 3 5 -5 -3 11 12 9 10 -1 -7 -4 -9
right_child=-2 2 7 4 -6 6 -8 13 -10 -11 -12 -13 -14 -15
leaf_value=-3.0123311653301733e-06 0.0021101173524075722 -0.0030914251985310159 -0.00020784736779917877 0.0016715879762256858 -0.00079216299595764698 5.168798882844161e-06 6.0443562863978784e-05 -0.0061157269770410212 4.1946760869437104e-05 0.019643911259464766 -0.0011386187759018184 -0.0015682169484020369 0.00083918092085251363 -0.0034444655659837719
leaf_weight=730 24 24 15.999999999999998 59 31 14.999999999999998 32 29 118 18 36 29 17 14.999999999999998
leaf_count=730 24 24 16 59 31 15 32 29 118 18 36 29 17 15
internal_value=-0.000577889 -0.00105128 -0.00458955 -0.00125654 0.00725275 -0.00891089 -0.00311688 -0.0126923 0 -0.000917197 -0.00132986 -0.012 -0.00264706 -0.02
internal_weight=1193 1169 267 190 90 100 76 77 902 784 766 44 33 44
internal_count=1193 1169 267 190 90 100 76 77 902 784 766 44 33 44
is_linear=0
shrinkage=0.03


Tree=256
num_leaves=15
num_cat=0
split_feature=23 11 5 42 24 21 23 42 42 23 12 39 39 23
split_gain=5.93244 5.893 4.89934 10.1485 7.975 7.23046 4.81893 3.85256 6.91184 3.6489 3.12345 3.00055 2.85317 2.80372
threshold=10.640780815334091 0.30420275419155102 4.3882596125730311 7.2038114190589599 0.99955893150725361 3.6545593252317023 5.3327170978393275 10.199129736871194 10.157174693333596 7.8456712109721058 0.97946081339397539 2.6035714285714291 0.90625000000000011 2.8407042947295422
decision_type=2 2 2 2 2 2 2 2 2 2 2 2 2 2
left_child=1 2 5 -4 -5 7 -3 8 10 -6 12 -12 -1 -14
right_child=-2 6 3 4 9 -7 -8 -9 -10 -11 11 -13 13 -15
leaf_value=-0.00060046787439688935 0.0021397850238101279 0.0050546010839726454 0.0018156213303126998 -0.0018139018798617656 -0.0022605008977168435 0.0022436888388226084 0.00013181696774122953 -0.001615176460337797 0.019997791402848904 0.00055111328853104876 -5.2310378679315538e-05 -0.00023880150558977457 8.5725926233473217e-05 -2.6029973267338581e-06
leaf_weight=22 15.999999999999998 21 24 42 16.000000000000004 23 25 29 17 14.999999999999998 28 30 148 758
leaf_count=22 16 21 24 42 16 23 25 29 17 15 28 30 148 758
internal_value=4.93827e-05 -0.000200167 -0.000624458 -0.00704082 -0.0125676 -2.84091e-05 0.0102128 -0.000406583 -8.96414e-05 -0.0009375 -0.000425532 -0.00711864 0 0.000264609
internal_weight=1214 1198 1152 97 73 1055 46 1032 1003 31 986 58 928 906
internal_count=1214 1198 1152 97 73 1055 46 1032 1003 31 986 58 928 906
is_linear=0
shrinkage=0.03


Tree=257
num_leaves=15
num_cat=0
split_feature=10 6 42 17 12 36 15 43 24 1 28 11 8 42
split_gain=6.60966 5.50617 5.67065 6.27797 4.64332 5.15928 7.31946 4.44085 6.19601 8.68342 6.36025 7.46784 6.04529 6.02853
threshold=0.011298013444598094 3.8022008345821181 10.157174693333596 43.16279062004029 0.16482896412684236 3.3051361058640354 0.0035353694411826911 1.4547780146205878 0.96319053287652678 1.5249964284600714 18.500000000000004 0.078330573771097853 2.7126423614801376 7.4270566078494751
decision_type=2 2 2 2 2 2 2 2 2 2 2 2 2 2
left_child=-1 2 4 -4 -2 -6 7 8 -7 -10 11 13 -9 -11
right_child=1 -3 3 -5 5 6 -8 12 9 10 -12 -13 -14 -15
leaf_value=-0.0085310045632069481 1.0876307700710686e-05 0.007001288969439425 0.0029323018407507373 -0.00085231290717284187 1.1408113181359812e-05 -0.00042407355865789139 0.00013961866887001018 -0.0018681751484253863 0.0023902908758386271 0.00076381956468852706 0.00031627426406143023 -0.002035937589801343 -0.0054748274509523066 -0.0014268098144533847
leaf_weight=19 469 19 43 21 266 99 26 68 15.999999999999998 31 39 22 23 33
leaf_count=19 469 19 43 21 266 99 26 68 16 31 39 22 23 33
internal_value=0.00060251 0.000892857 0.000622299 0.00923077 0.00010979 -0.00158654 -0.00393855 -0.0051506 -0.00298755 0.00105634 -0.00166667 -0.0062069 -0.0107609 -0.000923077
internal_weight=1194 1175 1156 64 1092 623 357 331 240 141 125 86 91 64
internal_count=1194 1175 1156 64 1092 623 357 331 240 141 125 86 91 64
is_linear=0
shrinkage=0.03


Tree=258
num_leaves=15
num_cat=0
split_feature=33 23 6 43 0 0 11 38 11 33 42 42 34 39
split_gain=7.9293 4.46165 4.09013 3.97689 8.77941 14.5003 15.7899 12.0757 11.6586 5.63353 4.08734 3.93912 8.50461 8.4446
threshold=12.254793714635218 9.5470616430173312 4.2111002955586896 1.4911356165197844 7.5000000000000009 5.0000000000000009 0.12048492496402911 0.94099610610373186 0.28754050401478998 2.709693663043824 10.157174693333596 7.7376447404344288 19.72466991623681 3.2870588235294123
decision_type=2 2 2 2 2 2 2 2 2 2 2 2 2 2
left_child=1 2 3 10 5 7 -7 9 -6 -5 11 -1 13 -13
right_child=-2 -3 -4 4 8 6 -8 -9 -10 -11 -12 12 -14 -15
leaf_value=3.1503638250471585e-05 0.0018546629213477316 -0.00044754950345694101 0.0048035520555909312 -2.9427927051344227e-05 -0.0024642738097768084 0.0051449605410144915 -0.00050572092207868703 0.0046253808271940235 0.0071886361747428859 -0.0023952432697248336 0.0027201377262687297 2.6585463592443404e-06 0.00025262948442458463 -0.0004568994591136466
leaf_weight=426 15.999999999999998 24 17 28 56 56 30 19 15.999999999999998 46 23 298 14.999999999999998 115
leaf_count=426 16 24 17 28 56 56 30 19 16 46 23 298 15 115
internal_value=0.000834739 0.000538462 0.000811518 0.000584588 -0.0027381 0.000833333 0.00965517 -0.00734043 -0.0115068 -0.0128 0.00153759 0.00119298 -0.000839161 -0.00166667
internal_weight=1185 1169 1145 1128 251 179 86 93 72 74 877 854 428 413
internal_count=1185 1169 1145 1128 251 179 86 93 72 74 877 854 428 413
is_linear=0
shrinkage=0.03


Tree=259
num_leaves=15
num_cat=0
split_feature=22 36 0 22 19 22 10 49 19 9 24 36 26 14
split_gain=4.36461 4.23373 9.58799 4.47983 4.29333 6.06431 5.43787 3.64684 3.23943 8.13416 7.03482 4.62812 5.25201 4.8992
threshold=14.447146845027904 2.156828173309016 5.0000000000000009 2.6154606394950002 0.96875000000000011 8.1909113387530521 0.43303571428571436 1.7877093956071803 0.33200231399827868 0.57195328784214017 0.98418534080298792 3.119423463171155 1.9835789757049602 0.30963913384425173
decision_type=2 2 2 2 2 2 2 2 2 2 2 2 2 2
left_child=1 2 -1 -3 5 6 -4 8 9 -5 11 12 -10 -13
right_child=-2 3 4 7 -6 -7 -8 -9 10 -11 -12 13 -14 -15
leaf_value=0.00025597152851895231 0.0019754990227868552 -0.00057170719938926971 -0.00069539265192994186 -0.00074646548273767934 0.00028905789142003925 6.8159938083001695e-05 1.2712743508431768e-05 0.0030441932994025056 2.6607805182211617e-05 2.4241551058824389e-05 0.0033705129321950716 -0.0046010504364146039 0.00065417811052559947 -1.1195524442383918e-06
leaf_weight=47 22 28 28 157 24 15.999999999999998 21 30 29 235 26 26 17 524
leaf_count=47 22 28 28 157 24 16 21 30 29 235 26 26 17 524
internal_value=9.74817e-05 -0.000148883 0.00481752 -0.000782852 -0.001 -0.005 -0.0102 -0.00045933 -0.000768473 -0.00290076 0.000577849 -0.000100503 0.00893617 -0.000871143
internal_weight=1230 1208 136 1072 89 65 49 1044 1014 392 622 596 46 550
internal_count=1230 1208 136 1072 89 65 49 1044 1014 392 622 596 46 550
is_linear=0
shrinkage=0.03


Tree=260
num_leaves=15
num_cat=0
split_feature=10 0 5 12 14 7 18 23 23 17 35 24 17 42
split_gain=5.0169 6.34611 4.28168 5.90724 6.72167 10.0017 5.27403 6.19474 5.18914 4.98879 4.34883 6.51119 6.83712 5.62942
threshold=0.04576838994823329 7.5000000000000009 3.1271017750195109 0.42486220104699252 0.27549717204889623 2.1156073239813011 1.16110964736696 1.4978175972987751 4.3362364345606936 6.3345367027677506 0.76881103729548028 0.82501291989664094 3.3154409817250818 7.2038114190589599
decision_type=2 2 2 2 2 2 2 2 2 2 2 2 2 2
left_child=1 -1 6 10 -5 -6 9 -8 -9 -2 13 12 -12 -4
right_child=2 -3 3 4 5 -7 7 8 -10 -11 11 -13 -14 -15
leaf_value=-4.7566381989323499e-05 -4.7790426632488004e-06 -0.0016118973273378733 0.00093132717709567658 -0.00017919973408171417 -0.001456492255151397 0.0048581889248404406 -0.00046379307533827348 4.4040083837157958e-05 -0.00029637400946168845 0.00048729933464131348 0.00011153247549609001 2.6123765417951362e-06 -4.4749064003599676e-05 -0.0004348957498289829
leaf_weight=120 345 36 19 27 23 40 18 45 102 14.999999999999998 23 344 20 49
leaf_count=120 345 36 19 27 23 40 18 45 102 15 23 344 20 49
internal_value=-0.000342298 -0.00535032 0.000392157 0.00225275 0.00923077 0.0145312 -0.00153992 -0.00596386 -0.00385135 0.000498615 0.000855263 0.00208763 0.0129545 -0.00608696
internal_weight=1226 156 1070 545 90 63 525 165 147 360 455 387 43 68
internal_count=1226 156 1070 545 90 63 525 165 147 360 455 387 43 68
is_linear=0
shrinkage=0.03


Tree=261
num_leaves=15
num_cat=0
split_feature=28 1 36 9 24 39 37 41 23 10 13 22 33 21
split_gain=5.72087 9.81359 7.79178 6.35057 7.43223 5.78623 5.24421 8.56655 9.74561 6.40005 10.7142 8.19977 6.00397 5.90638
threshold=8.5000000000000018 2.0549579315118973 2.156828173309016 0.72256697191410313 0.99004314855272613 2.8819444444444451 0.65051499783199074 4.4495762816055846 5.2979624000158223 0.56553571428571436 0.63692477931872704 8.9173002295824677 2.5263373539540921 2.4746352957487336
decision_type=2 2 2 2 2 2 2 2 2 2 2 2 2 2
left_child=2 3 5 -2 -5 -1 -4 8 -8 10 12 13 -9 -12
right_child=1 -3 6 4 -6 -7 7 9 -10 -11 11 -13 -14 -15
leaf_value=9.4299813145503066e-05 0.0017550947735376842 0.0014184264580401251 -0.00088568159553081838 5.0784047748186896e-06 -0.00018151173354348014 -0.00023746729329072956 -9.9778313760227048e-05 2.0876261226395185e-05 0.0015983716644598922 1.6283660978519408e-05 0.00029779359091703484 -0.0015436304086434854 -0.0010524085261910832 0.0039470101087188568
leaf_weight=108 26 26 24 436 25 25 25 40 22 109 29 69 217 17
leaf_count=108 26 26 24 436 25 25 25 40 22 109 29 69 217 17
internal_value=0 0.002393 -0.001793 0.00141393 0.000584416 0.00470149 -0.00336347 -0.00272212 0.009375 -0.00392116 -0.00579088 0.00181034 -0.00918605 0.0114894
internal_weight=1198 513 685 487 461 133 552 528 47 481 372 115 257 46
internal_count=1198 513 685 487 461 133 552 528 47 481 372 115 257 46
is_linear=0
shrinkage=0.03


Tree=262
num_leaves=15
num_cat=0
split_feature=36 34 11 14 35 11 30 22 19 30 42 13 36 38
split_gain=5.92783 7.80766 6.81609 7.10275 7.71412 9.06577 5.05355 4.90702 5.41474 4.65288 4.38894 6.12421 4.25789 6.72222
threshold=7.6512042784799874 11.098837926051877 0.1619838273109325 0.065779624596228492 0.023763082810921946 0.078330573771097853 0.94590643274853814 10.913463336230757 0.56913782576560956 0.93063352044907788 10.157174693333596 0.29426843316339357 2.2659182120664325 0.0582983193277311
decision_type=2 2 2 2 2 2 2 2 2 2 2 2 2 2
left_child=1 12 3 -2 -5 -6 7 9 -9 -7 11 -4 13 -1
right_child=2 -3 10 4 5 6 -8 8 -10 -11 -12 -13 -14 -15
leaf_value=0.00063340405989193544 -0.0016992815333276567 -0.00028605972980762006 -0.00022975753273601462 -0.001020836270405352 0.0042648151267035712 1.5840109232190812e-05 9.6525571588945705e-06 -0.00019067566331630202 9.6726913818534489e-06 -2.7267065422820202e-05 0.0024192093025925706 0.00054223894668331161 -0.00013441077264928525 -2.0441012822058901e-07
leaf_weight=14.999999999999998 17 21 14.999999999999998 17 27 64 226 46 22 31 14.999999999999998 30 515 128
leaf_count=15 17 21 15 17 27 64 226 46 22 31 15 30 515 128
internal_value=-0.00103361 -0.00286765 0.001409 0.000133038 0.000898618 0.00172662 0.000538462 -0.00347561 -0.00956522 0.0009375 0.0108197 0.00586957 -0.00227618 0.00229167
internal_weight=1189 679 510 450 433 416 389 163 68 95 60 45 658 143
internal_count=1189 679 510 450 433 416 389 163 68 95 60 45 658 143
is_linear=0
shrinkage=0.03


Tree=263
num_leaves=15
num_cat=0
split_feature=41 11 8 11 19 0 11 13 29 10 9 13 3 14
split_gain=6.02389 5.07728 7.49005 7.05493 6.14085 10.0746 6.55515 9.06612 6.42708 7.79032 5.59459 6.78225 5.90003 5.57762
threshold=10.157174693333596 0.012987991822596067 4.5162163890666358 0.0022841132094253928 0.33200231399827868 5.0000000000000009 0.28754050401478998 0.21969627129285277 0.187061095505618 0.51610265544041456 0.74225506230732496 0.65026208503203276 4.2386848000716455 0.59753265602322214
decision_type=2 2 2 2 2 2 2 2 2 2 2 2 2 2
left_child=1 3 4 -1 5 6 7 -3 9 -6 11 12 -9 -7
right_child=-2 2 -4 -5 8 13 -8 10 -10 -11 -12 -13 -14 -15
leaf_value=5.8010201080169183e-06 0.0017944437427582271 0.00011750483991430638 0.0022018108291353843 -0.00090761914964319673 0.0016378839707757592 -0.0006821987864530732 0.010239436417041689 -0.0035191202712979795 8.7341477754077072e-07 -0.00017673846108611613 -0.0022297370384245277 0.00049607124914450586 0.00021222110011089645 0.00011746496827568897
leaf_weight=43 24 55 49 38 70 189 21 22 575 25 20 15.999999999999998 14.999999999999998 47
leaf_count=43 24 55 49 38 70 189 21 22 575 25 20 16 15 47
internal_value=-0.000173554 -0.000480607 5.42986e-05 -0.00768293 -0.000482955 -0.00349741 0.0026 0 0.00125186 0.0084375 -0.00689189 -0.00166667 -0.00868421 -0.00734177
internal_weight=1209 1185 1104 81 1055 385 149 128 670 95 73 53 37 236
internal_count=1209 1185 1104 81 1055 385 149 128 670 95 73 53 37 236
is_linear=0
shrinkage=0.03


Tree=264
num_leaves=15
num_cat=0
split_feature=43 0 23 34 12 8 0 14 21 10 0 0 12 12
split_gain=8.20807 9.32206 7.6012 7.256 6.83879 6.42077 8.48937 8.36625 7.64232 6.76897 5.4674 10.312 10.701 9.99839
threshold=1.5118319590988969 5.0000000000000009 7.4506245741076542 0.88172442244224436 0.3913664093682096 1.5249964284600714 7.5000000000000009 0.49272477177835972 1.5146147719867575 0.043104906999759912 5.0000000000000009 7.5000000000000009 0.62212635117690296 0.16440070242957763
decision_type=2 2 2 2 2 2 2 2 2 2 2 2 2 2
left_child=10 4 5 -4 -2 -3 7 9 -8 -7 -1 13 -13 -12
right_child=1 2 3 -5 -6 6 8 -9 -10 -11 11 12 -14 -15
leaf_value=3.1645189174077383e-05 -0.0015710469946552557 -0.00062237837591498472 -0.004532681700355405 0.00092246667750473855 -0.0004607399254997768 0.0055005406497209272 -0.0026070740539445789 0.0062446968367913143 9.5453365409836621e-05 -9.5887953899141329e-05 1.5183613923160921e-05 5.865907503479484e-06 0.0022909548118745693 -0.00012864753586515232
leaf_weight=342 24 21 22 19 65 18 23 19 20 28 79 218 43 254
leaf_count=342 24 21 22 19 65 18 23 19 20 28 79 218 43 254
internal_value=-0.000476589 -0.00519231 -0.00105263 -0.0121429 -0.013 0.00253846 0.00550459 0.0122727 -0.00477273 0.00510638 0.000832444 -0.000907563 0.00354962 -0.0044012
internal_weight=1195 259 170 41 89 129 108 65 43 46 936 594 261 333
internal_count=1195 259 170 41 89 129 108 65 43 46 936 594 261 333
is_linear=0
shrinkage=0.03


Tree=265
num_leaves=15
num_cat=0
split_feature=40 12 11 42 42 14 30 41 42 9 38 4 8 12
split_gain=4.59649 6.07701 6.09007 5.17077 5.08253 9.98813 7.1995 7.16656 6.37656 6.1327 5.79167 5.25308 5.15759 4.84776
threshold=0.87409401350310023 0.94137940364738359 0.28754050401478998 10.157174693333596 7.4848298600045071 0.47433636868674672 0.93063352044907788 4.5477204932788604 8.3934495283363635 0.48732009031449591 0.1855820105820106 2.152277575060221 4.5351159932429059 0.43119790021143706
decision_type=2 2 2 2 2 2 2 2 2 2 2 2 2 2
left_child=3 4 -3 -1 5 9 7 -6 10 13 -9 -11 -10 -2
right_child=1 2 -4 -5 6 -7 -8 8 12 11 -12 -13 -14 -15
leaf_value=3.3582002691623367e-06 0.0027265354784042871 -4.854752556880379e-05 0.0042482484885614192 0.0042430208132522339 2.3389483748315618e-05 -0.00054411196914854463 0.0014425341342517895 -0.0014728397107012469 -0.00068417723440199912 0.0010121029434219558 -0.0069014214625430824 -0.00012858781897007177 0.00012158063987291245 2.0646205671530637e-05
leaf_weight=752 23 23 25 27 48 54 31 17 61 15.999999999999998 39 42 31 14.999999999999998
leaf_count=752 23 23 25 27 48 54 31 17 61 16 39 42 31 15
internal_value=-9.95851e-05 -0.00260563 0.00734694 0.00126923 -0.00388889 0.000397351 -0.00671053 -0.00883249 -0.0120805 0.00618557 -0.02 0 -0.00709677 0.0153846
internal_weight=1204 425 48 779 377 150 227 196 148 96 56 58 92 38
internal_count=1204 425 48 779 377 150 227 196 148 96 56 58 92 38
is_linear=0
shrinkage=0.03


Tree=266
num_leaves=15
num_cat=0
split_feature=42 42 28 24 21 4 10 3 14 21 38 11 21 24
split_gain=4.60298 8.60628 7.57981 7.80672 7.244 10.7021 6.98252 7.63865 6.50502 11.5012 7.70547 5.80231 7.44 5.64558
threshold=8.7315597453869476 8.4322065715263879 27.500000000000004 0.89002636169523119 1.5183015709211547 1.2172844520170996 0.70056671708886387 4.1803200900285526 0.38250430411250813 2.2289982270427173 0.51203277009728632 0.16330789911350482 2.1011020961345106 0.89751769553963379
decision_type=2 2 2 2 2 2 2 2 2 2 2 2 2 2
left_child=1 2 3 -1 -5 -6 8 -8 10 -10 11 12 -2 -7
right_child=6 -3 -4 4 5 13 7 -9 9 -11 -12 -13 -14 -15
leaf_value=-2.2466369891034897e-05 -0.00037338856194129634 -0.0018337865389990093 -0.0010021257731287364 0.00052340620718257537 -0.0018161791840492646 7.7541953733626927e-05 0.00030418195441558768 1.209568008225581e-05 -0.00016973310996053258 2.5915397432538788e-05 -0.0002733488675130413 0.0014578153371063122 5.3395671372293838e-05 1.21740347084065e-05
leaf_weight=380 24 42 18 20 19 18 36 36 49 65 29 26 29 419
leaf_count=380 24 42 18 20 19 18 36 36 49 65 29 26 29 419
internal_value=0.000198183 -0.0008506 -0.000205714 0.000210035 0.0027673 0.00196937 0.00345763 0.0115068 0.000807175 -0.00417391 0.00605505 0.010875 0.005 0.00294521
internal_weight=1210 916 874 856 476 456 294 72 222 114 108 79 53 437
internal_count=1210 916 874 856 476 456 294 72 222 114 108 79 53 437
is_linear=0
shrinkage=0.03


Tree=267
num_leaves=15
num_cat=0
split_feature=33 16 12 43 42 12 12 38 5 51 22 1 17 51
split_gain=6.33651 4.2047 6.97653 5.7878 5.58985 5.29809 5.02233 5.83691 4.62019 7.47964 4.10815 3.94523 5.68558 3.95707
threshold=12.254793714635218 0.046010867462676075 0.57482591996692023 1.1901056208558034 10.157174693333596 0.42713246372475322 0.49975514201762983 0.99998468137254914 2.3961117714793341 3.1182336122984777 12.247487950150054 1.9956130378462478 21.852416042774031 5.4918321548436166
decision_type=2 2 2 2 2 2 2 2 2 2 2 2 2 2
left_child=1 3 -3 4 10 -5 -7 -8 9 -4 11 12 13 -1
right_child=-2 2 8 5 -6 6 7 -9 -10 -11 -12 -13 -14 -15
leaf_value=-9.4163600955515785e-06 0.001447591207387613 0.00047642257331025073 -3.8141014354579062e-05 -0.00037920528496658199 0.005034509875623927 0.0008429790404487291 -0.00056700787514664223 0.0003196618001139084 -0.00068258049843871295 9.805367064269599e-05 -0.00020796908659926448 0.0010439455389966296 -0.0014103498224247715 9.8188631872214717e-06
leaf_weight=466 15.999999999999998 50 17 127 26 23 95 46 33 37 22 15.999999999999998 15.999999999999998 228
leaf_count=466 16 50 17 127 26 23 95 46 33 37 22 16 16 228
internal_value=-0.000541427 -0.000798005 0.00413043 -0.00143527 -7.74194e-05 -0.00503425 -0.00145455 -0.00359155 -0.00102273 0.00436364 -0.000560748 -0.000165062 -0.000506329 -8.63309e-05
internal_weight=1218 1202 137 1065 774 291 164 141 87 54 748 726 710 694
internal_count=1218 1202 137 1065 774 291 164 141 87 54 748 726 710 694
is_linear=0
shrinkage=0.03


Tree=268
num_leaves=15
num_cat=0
split_feature=22 29 23 30 10 24 35 5 35 3 36 26 7 33
split_gain=7.20497 8.29181 6.43248 7.0837 8.85657 6.12972 6.11837 5.89684 7.67952 6.41456 5.62613 5.61246 6.14213 5.54482
threshold=9.3368269297085167 13.591269841269844 5.3327170978393275 0.90336134453781525 0.71896864817276096 0.99581470450863774 0.87526880266497009 3.4450469585889079 0.88704648526077101 4.2890362464321576 4.5205065469975949 19.577380952380956 2.7264794139464885 10.098417545053698
decision_type=2 2 2 2 2 2 2 2 2 2 2 2 2 2
left_child=1 5 10 13 -5 7 -6 8 11 -9 -2 12 -1 -4
right_child=2 -3 3 4 6 -7 -8 9 -10 -11 -12 -13 -14 -15
leaf_value=-1.9753897463581362e-06 0.00022250608554559958 -0.0010460427685443573 3.0434038926063775e-05 7.7383274881823725e-05 -0.00010382766514050567 -0.0022156012113821711 2.4620559357477754e-05 0.00085757639450479589 -0.00032448470127859449 -3.2939167841483371e-05 0.015501533395120396 0.00017559134896671886 -0.00076956162488637896 -9.0237420739005536e-05
leaf_weight=577 33 17 189 149 20 17 30 25 25 20 14.999999999999998 14.999999999999998 36 47
leaf_count=577 33 17 189 149 20 17 30 25 25 20 15 15 36 47
internal_value=0.000320724 -0.00155525 0.00316116 0.00199541 0.00615 -0.00104749 -0.00470588 -0.000600858 -0.00133028 0.00978261 0.0134694 -0.000667727 -0.00112378 -0.00151899
internal_weight=1215 732 483 435 199 715 50 698 653 45 48 628 613 236
internal_count=1215 732 483 435 199 715 50 698 653 45 48 628 613 236
is_linear=0
shrinkage=0.03


Tree=269
num_leaves=15
num_cat=0
split_feature=8 7 49 7 4 35 33 35 17 12 30 36 33 30
split_gain=5.01068 7.5847 6.19935 6.07539 5.23397 9.04468 7.84478 7.13267 5.79446 7.10165 6.22934 5.71044 5.65006 4.89732
threshold=1.6384605660328873 1.2670130530280677 1.7877093956071803 1.2428607132407901 2.4090865443215725 0.62589352311219082 10.098417545053698 0.81272026578833889 13.410294168252255 0.28177237979303887 0.8765243902439025 7.0438221371444127 8.0216356785098544 0.057983193277310933
decision_type=2 2 2 2 2 2 2 2 2 2 2 2 2 2
left_child=1 3 4 -1 -2 6 11 -7 9 10 -9 13 -13 -6
right_child=2 -3 -4 -5 5 7 -8 8 -10 -11 -12 12 -14 -15
leaf_value=-2.0224769902603135e-05 9.5171322215803492e-05 -0.00019282532294255861 0.0040566168398972402 0.0018295293840368419 -0.00013228893971581245 8.222284969185755e-05 -0.00025291252884000694 5.2727575992850548e-05 0.0015842131484649234 -0.00037302903013302301 -1.0371708827283664e-06 0.00073700502772040127 -3.8730528442720848e-08 -0.0023305550862235389
leaf_weight=100 143 152 23 17 130 50 32 38 30 17 338 18 43 61
leaf_count=100 143 152 23 17 130 50 32 38 30 17 338 18 43 61
internal_value=0.00015088 -0.00344444 0.0012013 0.00228814 0.000799112 -0.000197889 -0.00442105 0.00234177 0.00106132 7.61421e-05 0.000954907 -0.0026087 0.00532258 -0.00515625
internal_weight=1192 269 923 117 900 757 284 473 423 393 376 252 61 191
internal_count=1192 269 923 117 900 757 284 473 423 393 376 252 61 191
is_linear=0
shrinkage=0.03


Tree=270
num_leaves=15
num_cat=0
split_feature=28 33 11 35 35 39 33 22 22 22 22 5 31 27
split_gain=3.64106 7.30866 6.80919 6.33267 12.0592 10.582 9.36496 5.44172 8.78087 4.98574 7.34266 4.5787 3.76063 4.65562
threshold=18.500000000000004 11.394708617849407 0.11984256033915182 0.87530030245779511 0.87523571315396642 3.239243498817967 7.0644836916530034 7.7964555716377353 9.5394804728547111 13.967627580715499 12.80639317759834 3.4643548402442996 20.500000000000004 22.500000000000004
decision_type=2 2 2 2 2 2 2 2 2 2 2 2 2 2
left_child=1 9 12 4 5 -4 -5 -8 11 10 -1 -9 13 -2
right_child=2 -3 3 6 -6 -7 7 8 -10 -11 -12 -13 -14 -15
leaf_value=-7.9396890705658162e-06 -6.9714983558194495e-06 -0.00024638204576387767 9.6123464051159615e-05 -0.00034175295761962652 0.00012599561208529787 -3.1814366662401562e-05 0.00016892738820719621 -1.8934575615784375e-05 8.790892439325404e-05 0.0065426607856529807 -0.0037722270257072709 -0.00015802081149477343 0.00030370849916651343 -0.00013414399179379366
leaf_weight=814 69 15.999999999999998 37 23 24 31 14.999999999999998 20 55 19 15.999999999999998 15.999999999999998 17 19
leaf_count=814 69 16 37 23 24 31 15 20 55 19 16 16 17 19
internal_value=-0.00067953 -0.00169746 0.00201835 0.005 0.0109677 0.00434783 0.000692308 0.00448598 0.00163043 -0.00130588 -0.00166065 -0.00972973 -0.00424528 -0.00674157
internal_weight=1191 865 326 221 92 68 129 106 91 849 830 36 105 88
internal_count=1191 865 326 221 92 68 129 106 91 849 830 36 105 88
is_linear=0
shrinkage=0.03


Tree=271
num_leaves=15
num_cat=0
split_feature=41 31 23 42 10 13 30 35 11 22 22 36 12 29
split_gain=5.0251 6.13665 4.74287 3.69972 6.81538 5.87967 4.51808 6.42875 8.50167 10.1097 6.18694 8.29403 8.19745 6.90438
threshold=10.199129736871194 22.500000000000004 9.3612706254256981 10.091495064482194 0.7149021608433469 0.58158204889942211 0.97726098191214483 0.75067558111232824 0.12632185295350956 9.2610102737604123 10.913463336230757 6.362127480360777 0.3913664093682096 0.45056867891513569
decision_type=2 2 2 2 2 2 2 2 2 2 2 2 2 2
left_child=1 2 3 6 5 -5 7 10 9 -9 11 13 -12 -1
right_child=-2 -3 -4 4 -6 -7 -8 8 -10 -11 12 -13 -14 -15
leaf_value=3.7589570057395272e-05 0.0017470571254068988 -0.00085581646555325851 -3.9727018740571826e-05 -0.00018050703321230264 0.00094993211238873602 6.0561837962866961e-05 -1.4000505400933103e-05 -3.8293933080167928e-05 8.2668409152844013e-05 7.9201240125201803e-05 -0.00041091957527628065 0.00032811901873754849 6.5894487404711822e-05 -0.00045869949299374378
leaf_weight=294 14.999999999999998 27 69 18 25 31 226 58 91 49 34 54 43 167
leaf_count=294 15 27 69 18 25 31 226 58 91 49 34 54 43 167
internal_value=0.000174709 -5.05476e-05 0.000284483 0.000769936 0.0072 0.0006 0.000294985 0.00136536 0.00603015 0.000277778 -0.000202361 0.000988372 -0.00807692 -0.000324675
internal_weight=1201 1186 1159 1090 74 49 1016 790 198 107 592 515 77 461
internal_count=1201 1186 1159 1090 74 49 1016 790 198 107 592 515 77 461
is_linear=0
shrinkage=0.03


Tree=272
num_leaves=15
num_cat=0
split_feature=43 22 14 42 42 14 24 14 17 34 22 13 1 13
split_gain=4.31491 5.64712 4.80138 6.80718 14.67 10.5137 10.1766 9.64414 7.32447 6.49147 7.74594 6.38664 4.97904 5.62143
threshold=1.2172844520170996 2.4161809970682468 0.38378862057565738 7.8301465850147078 8.6311765752725034 0.38271523941972513 0.92658567035108563 0.38303175248621152 10.099562363238514 0.90279336070960847 6.9126929697943771 0.24672504286206981 1.6180165735588183 0.58205839999408127
decision_type=2 2 2 2 2 2 2 2 2 2 2 2 2 2
left_child=2 -2 3 6 5 12 9 -6 -8 -1 -11 -10 13 -5
right_child=1 -3 -4 4 7 -7 8 -9 11 10 -12 -13 -14 -15
leaf_value=0.00010663469991243901 -0.00040949104954913774 -3.8776703231639949e-05 -2.6610866021203881e-06 3.651832660934606e-05 0.00012803912192747678 1.9205403507149277e-05 0.00028772869811976188 -0.00010722396077666562 -0.00021089656590737247 -0.00070777285850640796 4.9437627891167202e-05 0.00058671962762234242 -0.0011427239296927028 -4.7180088431888479e-05
leaf_weight=37 21 315 459 27 78 28 46 19 17 23 34 28 43 17
leaf_count=37 21 315 459 27 78 28 46 19 17 23 34 28 43 17
internal_value=-0.00015088 -0.00302671 0.000980163 0.00339196 -0.00028169 -0.0075 0.00758065 0.00826531 0.0146739 0.000631579 -0.00568966 0.00586957 -0.0126136 -0.00533333
internal_weight=1192 336 856 397 212 115 185 97 91 94 57 45 87 44
internal_count=1192 336 856 397 212 115 185 97 91 94 57 45 87 44
is_linear=0
shrinkage=0.03


Tree=273
num_leaves=15
num_cat=0
split_feature=23 23 51 0 7 0 16 16 3 26 0 42 9 51
split_gain=3.76489 2.924 6.8044 5.9686 5.57272 4.6864 5.66362 4.9053 3.49988 3.30849 6.33995 6.32697 10.2829 6.09036
threshold=10.484869973107777 2.8216127997806395 2.997035777525753 5.0000000000000009 1.2670130530280677 5.0000000000000009 0.32408102025506386 0.32408102025506386 1.2428607132407901 2.9646132468735531 5.0000000000000009 6.9027814505613252 0.95844795716626818 5.1582026099593028
decision_type=2 2 2 2 2 2 2 2 2 2 2 2 2 2
left_child=1 2 3 -1 -4 7 -7 -6 -5 10 -3 12 -11 -14
right_child=-2 9 4 8 5 6 -8 -9 -10 11 -12 -13 13 -15
leaf_value=5.5832657305252548e-05 0.0017721997577499593 -0.00081270516974431435 0.00044862242086644632 -7.5506714362640892e-05 -0.00048762406406269772 0.0010547912230908054 -6.6333733097038712e-05 3.3099650592557369e-05 -0.00076669078805933816 0.0015977567246834789 -0.0003866855340348296 -4.7862231904383096e-06 -0.00019241103758159297 6.0976518002732044e-05
leaf_weight=27 15.999999999999998 27 30 21 32 72 30 14.999999999999998 18 41 53 771 18 14.999999999999998
leaf_count=27 16 27 30 21 32 72 30 15 18 41 53 771 18 15
internal_value=0.000101095 -0.000102477 0.00280488 -0.00537313 0.00583333 0.0034 0.00699029 -0.004375 -0.01275 -0.00087473 -0.00666667 -0.000319149 0.008 -0.00441176
internal_weight=1186 1170 245 66 179 149 102 47 39 925 80 845 74 33
internal_count=1186 1170 245 66 179 149 102 47 39 925 80 845 74 33
is_linear=0
shrinkage=0.03


Tree=274
num_leaves=15
num_cat=0
split_feature=41 20 20 10 22 24 36 36 9 34 12 37 20 12
split_gain=3.87401 3.63532 5.13002 2.92066 6.71184 9.03093 8.3842 8.32786 7.4253 7.51995 7.28118 7.07837 7.67885 7.15827
threshold=10.199129736871194 0.38907562519182187 0.53959062302381255 0.64064128256513031 10.913463336230757 0.97030398730526957 3.2857822155436245 8.8538633513392337 0.72256697191410313 1.569997346072187 0.64460940871817007 2.8481886800969582 4.2178391305798737 0.38703495816759742
decision_type=2 2 2 2 2 2 2 2 2 2 2 2 2 2
left_child=1 -1 -3 4 5 6 -4 -8 9 -7 -10 13 -13 -6
right_child=-2 2 3 -5 11 8 7 -9 10 -11 -12 12 -14 -15
leaf_value=-0.00052300231838557252 0.0014843518770786511 0.0010105525536176563 5.2213831280053524e-05 5.1513173838158005e-06 -0.0011082986251062076 0.00015213562701799963 -0.00082092515994483723 0.00034120542200020585 -0.0013096746069892994 0.0015897873047406338 0.0010479025236219803 -0.003616125516071724 0.0017006634311875323 -0.00034580754875332295
leaf_weight=59 15.999999999999998 38 145 473 33 72 142 17 29 26 30 25 39 44
leaf_count=59 16 38 145 473 33 72 142 17 29 26 30 25 39 44
internal_value=-0.000100925 -0.000306905 8.07899e-05 -0.000306691 -0.00169154 6.49351e-05 -0.00295082 -0.0076875 0.00588608 0.0109091 -0.0025 -0.00739437 0 -0.0134615
internal_weight=1188 1172 1113 1075 602 461 304 159 157 98 59 141 64 77
internal_count=1188 1172 1113 1075 602 461 304 159 157 98 59 141 64 77
is_linear=0
shrinkage=0.03


Tree=275
num_leaves=15
num_cat=0
split_feature=12 10 33 22 11 14 42 22 23 14 31 22 51 29
split_gain=3.70014 4.63975 13.056 10.7869 4.76446 4.5958 4.49066 11.8081 8.60948 7.49103 7.88063 6.9854 6.6584 7.43535
threshold=0.16468822031869537 0.7068853745500453 8.7910331033908893 7.4917479743165911 0.12920671833274502 0.38343850336395707 7.559964235332135 9.5650242220153512 5.0082015518293863 0.55803628360415936 19.500000000000004 13.967627580715499 5.1980719824917259 12.950000000000001
decision_type=2 2 2 2 2 2 2 2 2 2 2 2 2 2
left_child=1 4 3 -3 5 -1 12 -8 -9 10 11 -10 -2 -14
right_child=6 2 -4 -5 -6 -7 7 8 9 -11 -12 -13 13 -15
leaf_value=-9.9929584998692525e-05 -3.5849560924082758e-05 0.00033443465010748281 0.00015291073771763085 -9.2870306117915911e-05 9.8328381876100482e-06 -4.7971760162396348e-06 -0.00028930944399035486 0.0023317476015147776 -0.00020661336758589943 0.0024079313012715601 0.00033486573663051407 0.001620794117692772 0.0010263779271590828 -0.00010033024620279662
leaf_weight=26 299 20 20 19 234 77 132 41 139 36 25 26 76 22
leaf_count=26 299 20 20 19 234 77 132 41 139 36 25 26 76 22
internal_value=-0.000553227 0.0018136 0.0095 -0.00075 0.000443787 -0.00490385 -0.00173149 -0.003975 -0.000335821 -0.00264317 -0.00502618 -0.00740964 0.000527638 0.00727273
internal_weight=1192 396 59 39 337 103 796 399 267 226 190 165 397 98
internal_count=1192 396 59 39 337 103 796 399 267 226 190 165 397 98
is_linear=0
shrinkage=0.03


Tree=276
num_leaves=15
num_cat=0
split_feature=41 40 23 40 17 7 17 3 23 23 23 12 10 39
split_gain=6.10398 5.36748 4.85503 6.83604 6.3964 6.9073 6.16379 5.75753 4.25291 13.9886 6.98918 6.53521 10.6496 7.30309
threshold=10.199129736871194 0.97712125471966249 5.2483818730868839 1.1901056208558034 32.617239605505894 5.3552175477024315 57.833333333333336 2.9738026245176745 7.5696881880266238 7.5327767332932707 7.6015758535146887 0.16447431066184387 0.71896864817276096 3.1578014184397167
decision_type=2 2 2 2 2 2 2 2 2 2 2 2 2 2
left_child=1 8 7 -4 5 -5 -6 -3 9 -1 -10 13 -13 -12
right_child=-2 2 3 4 6 -7 -8 -9 10 -11 11 12 -14 -15
leaf_value=1.3055332223438353e-06 0.0015481878270502823 -1.0046991182006138e-05 -0.0022995062150073186 -9.6875146980664452e-05 -0.0020649072572132146 0.0043454375337787753 -0.00012790979580081438 0.010481606031000951 7.6846136535555501e-05 -0.00016553984342669635 1.3072948035683929e-05 0.00012972704104737831 -1.3573702957085931e-05 -5.9246999106421505e-05
leaf_weight=580 15.999999999999998 80 26 136 43 15.999999999999998 36 19 21 14.999999999999998 37 50 60 57
leaf_count=580 16 80 26 136 43 16 36 19 21 15 37 50 60 57
internal_value=-0.000201174 -0.000458794 -0.00352941 -0.00569767 -0.00400862 -0.000392157 -0.010875 0.0021 0.000876979 -0.00045302 0.00438053 0.00263415 0.00756757 -0.00315789
internal_weight=1192 1176 356 257 231 152 79 99 820 595 225 204 110 94
internal_count=1192 1176 356 257 231 152 79 99 820 595 225 204 110 94
is_linear=0
shrinkage=0.03


Tree=277
num_leaves=15
num_cat=0
split_feature=36 42 34 43 0 31 17 24 22 24 27 14 14 35
split_gain=7.30776 10.9063 10.5987 6.30906 8.04997 5.52486 6.54751 7.87995 13.2975 10.0174 9.26141 5.875 5.70501 8.53091
threshold=7.8663136520131802 7.8301465850147078 15.690841833598776 1.4911356165197844 7.5000000000000009 1.0000000180025095e-35 19.655502348145408 0.89751769553963379 9.3368269297085167 0.86996585739666932 24.500000000000004 0.39981645549779776 0.38303175248621152 0.81286582619394643
decision_type=2 2 2 2 2 2 2 2 2 2 2 2 2 2
left_child=2 -2 3 4 -1 -3 7 9 -9 12 -10 -12 13 -7
right_child=1 5 -4 -5 -6 6 -8 8 10 -11 11 -13 -14 -15
leaf_value=-2.0815884330800394e-05 0.00018627571926026098 -0.0010481131855075276 -0.00029320359313063951 -0.00036585120575816533 0.0002774255257130853 4.6241642599261779e-05 0.0014846168287473694 -8.3060501800193975e-05 8.3460053225229417e-05 7.5735671941909997e-05 -0.00024062257183158131 2.4468804041051228e-05 -1.5786116028787545e-05 -1.4883829888086563e-05
leaf_weight=402 63 23 34 235 86 41 23 33 34 44 23 22 97 24
leaf_count=402 63 23 34 235 86 41 23 33 34 44 23 22 97 24
internal_value=-0.000962025 0.0021729 -0.00273087 -0.00194751 0 0.000164384 0.00114035 0 -0.00637168 0.00347826 0.000375 -0.00847826 0 0.00681818
internal_weight=1184 427 757 723 488 364 341 318 112 206 79 45 162 65
internal_count=1184 427 757 723 488 364 341 318 112 206 79 45 162 65
is_linear=0
shrinkage=0.03


Tree=278
num_leaves=15
num_cat=0
split_feature=29 27 21 22 51 34 36 34 23 3 34 3 23 41
split_gain=3.30198 8.48079 5.41222 6.21937 9.63222 4.55891 4.23398 8.29225 6.19927 6.82654 4.37576 4.33021 5.18941 6.55488
threshold=10.988095238095239 18.500000000000004 2.2704900872251046 9.2610102737604123 5.4920518057036514 15.441478292070327 11.905798447481221 11.098837926051877 8.3265946332991572 6.3105454366578142 7.4104166666666673 3.3152332612315072 5.7824595598634216 6.6614007299384701
decision_type=2 2 2 2 2 2 2 2 2 2 2 2 2 2
left_child=1 6 3 5 -5 -2 7 8 11 10 -10 -1 -13 -14
right_child=2 -3 -4 4 -6 -7 -8 -9 9 -11 -12 12 13 -15
leaf_value=-2.7128438233605666e-05 -4.2711121506145977e-05 0.00014028947587257701 1.883126978405869e-06 4.0593980931309388e-05 -2.0374568652252733e-05 -0.00056502084480079318 4.2175942070294958e-05 -0.00015893497465606309 -0.0029147442781267902 0.0070939863934192755 -2.0087348620807521e-05 0.00084561563243534192 -0.0009408430124395429 2.9049395969241302e-05
leaf_weight=425 41 53 141 45 34 25 26 31 42 14.999999999999998 21 68 102 141
leaf_count=425 41 53 141 45 34 25 26 31 42 15 21 68 102 141
internal_value=-0.000743187 0.00012973 -0.00355401 -0.00760274 -0.001875 -0.0143284 -0.000584862 -0.000957447 -0.000368098 -0.00835443 -0.0126562 0.000488467 0.00317308 0.00110656
internal_weight=1210 924 286 145 79 66 871 845 814 78 63 736 311 243
internal_count=1210 924 286 145 79 66 871 845 814 78 63 736 311 243
is_linear=0
shrinkage=0.03


Tree=279
num_leaves=15
num_cat=0
split_feature=11 12 12 24 23 23 17 23 41 35 13 38 0 11
split_gain=4.79785 4.31959 5.95755 6.95678 5.5678 10.1397 10.0685 7.5547 6.28549 7.59449 11.4168 7.08828 5.76374 5.06918
threshold=0.30420275419155102 0.16468822031869537 0.16454005895868412 0.8953546884978888 6.4968650985055509 6.2658195664262859 3.4396515867310264 7.0067703956254439 4.7623389049748397 0.87526880266497009 0.24672504286206981 0.062802092920203167 5.0000000000000009 0.12920671833274502
decision_type=2 2 2 2 2 2 2 2 2 2 2 2 2 2
left_child=1 2 13 -4 5 -3 -6 -8 -9 12 -11 -12 -10 -1
right_child=-2 4 3 -5 6 -7 7 8 9 10 11 -13 -14 -15
leaf_value=-1.6184014427000904e-05 0.00084744849691873673 -2.2679199191856234e-05 0.00015716992276387564 1.910821767440618e-05 -0.00028514211401994057 8.0342328264969566e-05 -0.00041860876594094099 0.0090001908048990484 6.605714861654177e-05 -0.00036170114804015438 2.4164620011839498e-05 0.0022305259797048113 -0.0010816347831364092 1.1896130775264079e-05
leaf_weight=115 37 445 19 23 23 37 44 25 26 25 35 23 91 225
leaf_count=115 37 445 19 23 23 37 44 25 26 25 35 23 91 225
internal_value=-0.000226131 -0.000570441 0.00203655 0.0125581 -0.00185806 0.000124224 -0.00511945 -0.00344444 -0.00119469 -0.00298507 0.00392857 0.0111864 -0.00788136 0.000703812
internal_weight=1193 1156 382 42 774 482 292 269 225 200 83 58 117 340
internal_count=1193 1156 382 42 774 482 292 269 225 200 83 58 117 340
is_linear=0
shrinkage=0.03


Tree=280
num_leaves=15
num_cat=0
split_feature=11 23 43 0 0 1 11 12 24 24 24 0 11 35
split_gain=4.43773 5.53409 5.086 7.79287 23.2534 7.42647 5.74447 9.59314 5.42171 7.8168 6.62892 5.39249 9.96736 10.4975
threshold=0.29636406878836885 5.3327170978393275 1.5118319590988969 5.0000000000000009 7.5000000000000009 1.5118319590988969 0.016440287352742573 0.52634397732530347 0.67906801233099257 0.58181160345634886 0.99921033306831752 5.0000000000000009 0.16446670756761328 0.87522348943364736
decision_type=2 2 2 2 2 2 2 2 2 2 2 2 2 2
left_child=2 -2 8 6 5 -5 -4 -8 9 -1 11 12 13 -10
right_child=1 -3 3 4 -6 -7 7 -9 10 -11 -12 -13 -14 -15
leaf_value=1.1549548764280271e-05 0.003382887259645678 -0.00020947702846364712 -0.0012803807591630744 -0.00013167659382641749 -0.0010395021382996893 0.0028687223114564867 -0.0019457415806436551 3.72501658759139e-05 0.00022805835386381589 0.00028776171279337178 0.0015795415994780849 -2.342020363462871e-05 -0.0011079344385582178 -3.7942548239620896e-06
leaf_weight=210 20 23 15.999999999999998 17 75 50 33 25 99 28 26 389 36 128
leaf_count=210 20 23 16 17 75 50 33 25 99 28 26 389 36 128
internal_value=-0.000484694 0.00886364 -0.000847308 -0.00497696 -0.000839161 0.0119118 -0.0128 -0.00813559 0.000130862 0.00401674 -0.00123711 -0.00183767 0.00147727 0.00381579
internal_weight=1175 43 1132 216 142 67 74 58 916 238 678 652 263 227
internal_count=1175 43 1132 216 142 67 74 58 916 238 678 652 263 227
is_linear=0
shrinkage=0.03


Tree=281
num_leaves=15
num_cat=0
split_feature=28 43 0 0 38 24 11 29 34 11 13 30 12 3
split_gain=5.26349 4.16602 6.38134 8.37233 11.0649 15.4347 8.02281 13.3192 8.09567 7.37004 6.49514 7.91604 10.1388 6.90442
threshold=49.000000000000007 1.5118319590988969 7.5000000000000009 5.0000000000000009 0.25378787878787884 0.68402619778236717 0.16607468549901874 1.3921568627450982 16.040817727331191 0.14528461358467773 0.58198686220554285 0.97726098191214483 0.53520997615991217 4.1705048388734616
decision_type=2 2 2 2 2 2 2 2 2 2 2 2 2 2
left_child=1 2 3 6 5 -5 8 -8 9 10 11 12 -1 -12
right_child=-2 -3 -4 4 -6 -7 7 -9 -10 -11 13 -13 -14 -15
leaf_value=0.00020300289469956016 0.001332455654800384 -0.00012772629601162544 3.2746731551855925e-05 0.00033322648591850633 -0.00068519588234517586 -1.5698637348997568e-05 0.00032311898625165424 -0.0011918900212766371 -0.00016428824521233648 0.00033433459703860452 0.00025323879863449862 -0.0001525991283104944 -9.9801713771490713e-05 -3.6520114064719778e-06
leaf_weight=64 18 235 270 35 100 191 40 27 40 36 53 22 22 22
leaf_count=64 18 235 270 35 100 191 40 27 40 36 53 22 22 22
internal_value=0.000127551 -0.000129534 0.000780065 -0.000826953 -0.00422018 -0.000528634 0.00256881 -0.00661765 0.00496154 0.00722727 0.00472826 0 0.00413793 0.0114474
internal_weight=1175 1157 922 652 326 226 326 67 259 219 183 108 86 75
internal_count=1175 1157 922 652 326 226 326 67 259 219 183 108 86 75
is_linear=0
shrinkage=0.03


Tree=282
num_leaves=15
num_cat=0
split_feature=20 16 11 11 23 40 40 31 29 24 37 18 37 33
split_gain=3.34869 3.99807 3.08172 6.04651 4.06952 3.07569 8.30275 7.2999 4.35524 5.06075 7.96696 6.18393 6.14706 4.68531
threshold=5.5855644278750134 0.3362892598493204 0.31045977616033699 0.26169597799194094 5.6867412520465681 1.6674278448086459 1.5965622991772308 20.500000000000004 0.15736607142857145 0.98687186146888861 2.0273065272784447 1.6901056208558032 1.9344690891664558 6.9848531736803467
decision_type=2 2 2 2 2 2 2 2 2 2 2 2 2 2
left_child=1 2 3 5 -4 6 8 -7 9 10 12 -11 -1 -10
right_child=-2 -3 4 -5 -6 7 -8 -9 13 11 -12 -13 -14 -15
leaf_value=8.610224015544399e-05 0.0065724263167000101 -0.00035910351784553592 0.0086734040909834109 -0.00035730624919246164 -9.8864993861713652e-06 -0.0006136834344659392 0.0022357500323047673 0.0012992178372566365 -7.8555309971926337e-05 -0.0033782407182270722 0.0029634427513675369 3.9964449779984476e-05 -0.00065622547152530716 3.8208361090497076e-06
leaf_weight=144 20 22 17 72 19 65 19 21 313 14.999999999999998 27 19 15.999999999999998 417
leaf_count=144 20 22 17 72 19 65 19 21 313 15 27 19 16 417
internal_value=-0.00044739 -0.000657119 -0.000412017 -0.000690877 0.00810811 -0.000113529 0.000370752 -0.00551724 -3.15126e-05 0.00364865 0.00558511 -0.00685714 0.00298137 -0.00114911
internal_weight=1206 1186 1164 1128 36 1056 970 86 951 221 187 34 160 730
internal_count=1206 1186 1164 1128 36 1056 970 86 951 221 187 34 160 730
is_linear=0
shrinkage=0.03


Tree=283
num_leaves=15
num_cat=0
split_feature=36 12 34 11 28 22 22 14 11 9 9 6 37 5
split_gain=7.39124 6.4387 5.40966 7.44129 3.52247 4.53616 7.96761 5.96315 6.58879 6.36837 6.63579 5.68545 6.61438 5.13444
threshold=12.076797215045532 0.16441985701375211 16.789281489260397 0.12367971625469601 27.500000000000004 10.966607461980667 10.526127764253575 0.65531524865774049 0.01453771042807755 0.34533024836481119 0.4776830341473966 1.908352591833258 2.2764374868921138 3.4038861346698801
decision_type=2 2 2 2 2 2 2 2 2 2 2 2 2 2
left_child=4 -2 -3 -4 5 6 11 8 -7 -10 -11 13 -13 -1
right_child=1 2 3 -5 -6 7 -8 -9 9 10 -12 12 -14 -15
leaf_value=-1.167574323330478e-05 -4.6801092474697545e-05 7.9099562749609386e-05 -0.00015923587131903892 0.0002203853836180336 -0.0005354970907757295 -0.0034146236481435335 0.002523933048825251 0.012098298041420243 0.0024459367934730578 -0.0047723226348048396 -4.0217811559870587e-05 0.00034472018244390852 -0.00056979931918332285 2.5507463746807789e-05
leaf_weight=679 29 46 14.999999999999998 17 27 20 21 21 14.999999999999998 23 110 15.999999999999998 17 152
leaf_count=679 29 46 15 17 27 20 21 21 15 23 110 16 17 152
internal_value=-0.000545906 0.00694444 0.0113924 0.00181818 -0.00127949 -0.00100465 -0.00010158 -0.00521053 -0.00710059 -0.00483221 -0.0069403 -0.000554913 0.0114706 -0.00104567
internal_weight=1208 107 78 32 1101 1074 885 189 168 148 133 864 33 831
internal_count=1208 107 78 32 1101 1074 885 189 168 148 133 864 33 831
is_linear=0
shrinkage=0.03


Tree=284
num_leaves=15
num_cat=0
split_feature=19 29 36 13 51 43 33 22 23 33 19 4 17 21
split_gain=5.75521 8.19905 6.54671 5.82227 5.14771 4.9964 7.72246 6.99682 4.96931 5.22155 6.71407 6.68771 9.10796 4.2393
threshold=0.33267514359717415 0.187061095505618 3.3855915634697009 0.58065216067899006 3.5898821166413839 2.1088998399735588 4.4981379001093922 13.675376409990834 9.0402667237798209 8.6019502454729775 0.059252461514088188 2.9934203393195333 31.790641576259215 2.219641188239911
decision_type=2 2 2 2 2 2 2 2 2 2 2 2 2 2
left_child=5 2 4 -3 -2 7 -7 8 9 11 -11 12 -1 -5
right_child=1 3 -4 13 -6 6 -8 -9 -10 10 -12 -13 -14 -15
leaf_value=-4.7443803135915892e-05 0.0015760474454534713 -0.00012653217448207465 0.004492081343127733 -8.7807382102211831e-06 -0.00017705734578625341 -0.002151381642424659 -0.00022680487954887863 0.0016395574298165715 -0.0019484840755025145 0.0034855134680360856 -0.00012737349921202978 -0.00062821171638421155 0.00046340286646024076 1.0428852861269211e-05
leaf_weight=229 22 101 22 224 37 31 43 23 20 25 15.999999999999998 99 21 252
leaf_count=229 22 101 22 224 37 31 43 23 20 25 16 99 21 252
internal_value=-0.000849057 0.00100152 0.00987805 -0.000259516 0.0045 -0.00324803 -0.0104 -0.00200461 -0.00291971 -0.00214834 0.00785714 -0.00334286 -0.000717131 0.00113208
internal_weight=1165 658 81 577 59 507 74 433 410 390 41 349 250 476
internal_count=1165 658 81 577 59 507 74 433 410 390 41 349 250 476
is_linear=0
shrinkage=0.03


Tree=285
num_leaves=15
num_cat=0
split_feature=43 12 33 42 12 43 33 36 43 26 8 10 33 7
split_gain=6.00411 4.91652 5.44924 4.74037 11.0725 5.14346 5.31066 4.66745 5.73193 4.47097 4.14897 3.89268 4.39671 3.7953
threshold=1.5118319590988969 0.8588157485216309 9.8615680919439601 10.157174693333596 0.60079133079398839 1.3105881408875177 1.8864540974856361 4.5205065469975949 2.1088998399735588 15.877049180327871 1.8836521587266368 0.083266615137743541 3.006250732713263 2.0986127030590964
decision_type=2 2 2 2 2 2 2 2 2 2 2 2 2 2
left_child=3 2 9 5 -5 13 -7 8 10 11 -3 12 -2 -1
right_child=1 7 -4 4 -6 6 -8 -9 -10 -11 -12 -13 -14 -15
leaf_value=-4.5712466738686009e-05 0.00053094150130045703 -0.0001881026147722503 0.0013389518153704128 -0.00038460598741579143 0.0030215748157585588 0.00080789306009976572 2.6259076231625044e-05 0.011444210004286859 -0.00067600397588906389 -0.00078388258446253746 7.872990484175557e-05 -0.00099199251140349434 -0.0033212458652814381 5.967645830995405e-06
leaf_weight=232 22 15.999999999999998 14.999999999999998 15.999999999999998 20 14.999999999999998 21 17 28 56 27 43 29 640
leaf_count=232 22 16 15 16 20 15 21 17 28 56 27 43 29 640
internal_value=-0.000275459 -0.00437008 -0.00740964 0.000825397 0.0113514 0.00039604 0.0113514 0.00134831 -0.00208333 -0.00913907 0.00477273 -0.00505263 0.000576923 -6.87285e-05
internal_weight=1197 253 165 944 36 908 36 88 71 150 43 94 51 872
internal_count=1197 253 165 944 36 908 36 88 71 150 43 94 51 872
is_linear=0
shrinkage=0.03


Tree=286
num_leaves=15
num_cat=0
split_feature=43 33 30 42 0 9 11 12 42 12 10 33 34 0
split_gain=5.45303 11.432 5.75466 7.6909 6.65476 7.8786 6.32165 8.5624 5.47755 10.6787 5.44498 5.8995 11.3298 5.43121
threshold=1.5118319590988969 8.6019502454729775 0.060661764705882359 10.534346723906078 5.0000000000000009 1.2418833046545696 0.056804228605242528 0.49622695035461001 10.157174693333596 0.62212635117690296 0.7194572039045003 11.482582657292177 15.224455190088078 7.5000000000000009
decision_type=2 2 2 2 2 2 2 2 2 2 2 2 2 2
left_child=8 2 3 4 6 13 -2 -8 10 -10 11 -1 -13 -6
right_child=1 -3 -4 -5 5 -7 7 -9 9 -11 -12 12 -14 -15
leaf_value=2.4490921526054696e-06 -0.0012561091978029815 0.0031279456676720852 -0.0011905030168170134 -0.0020665600738752465 0.0039038482853340929 -0.0013706694564181963 -0.0024649056036783138 0.00018504458071904096 -0.00038054474205163836 0.0020888968697897249 -2.3698144527739551e-05 -3.5655119317157257e-06 0.00012890936397583986 -0.00052660520213755331
leaf_weight=757 23 27 50 21 51 19 15.999999999999998 22 14.999999999999998 17 123 25 26 27
leaf_count=757 23 27 50 21 51 19 16 22 15 17 123 25 26 27
internal_value=-0.000319672 -0.00420233 -0.0063913 -0.00383333 -0.00150943 0.00336735 -0.00919355 -0.00153846 0.000715768 0.0127273 0.0002897 0.00118665 0.0109615 0.00759494
internal_weight=1219 256 229 179 158 97 61 38 963 32 931 808 51 78
internal_count=1219 256 229 179 158 97 61 38 963 32 931 808 51 78
is_linear=0
shrinkage=0.03


Tree=287
num_leaves=15
num_cat=0
split_feature=43 36 23 30 22 8 19 0 37 17 20 29 19 13
split_gain=4.35732 4.42888 7.1148 5.37327 4.14459 3.92083 3.65943 3.35906 9.164 10.7043 8.27232 9.86083 6.41384 5.86978
threshold=1.4547780146205878 8.128756392421062 5.1082004167082768 0.09302884615384617 3.276948367302658 1.7518953415285907 0.060413211571852227 5.0000000000000009 0.87409401350310023 2.7615682949424536 2.5262450089963728 13.41346153846154 0.13031983607287631 0.24672504286206981
decision_type=2 2 2 2 2 2 2 2 2 2 2 2 2 2
left_child=7 2 3 4 -2 -6 -4 10 -9 -10 11 -1 13 -12
right_child=1 -3 6 -5 5 -7 -8 8 9 -11 12 -13 -14 -15
leaf_value=1.155163853195272e-05 -0.0002632771630291186 0.0012185382100355446 -0.00019959797675273602 -0.0028293700919833874 0.0018714742880794543 3.4675837527837762e-05 -0.0044430143359602374 -0.00029330750268629187 0.00023368615525992786 -4.3597837269571114e-06 -0.0017343271698048301 -0.0006211459054411289 0.0006210453380646741 0.0013112039342568903
leaf_weight=208 37 28 56 14.999999999999998 15.999999999999998 92 30 33 80 457 15.999999999999998 15.999999999999998 43 35
leaf_count=208 37 28 56 15 16 92 30 33 80 457 16 16 43 35
internal_value=0.000464316 -0.00283636 -0.00412955 -0.000372671 0.00143836 0.00440367 -0.0110345 0.00148481 0.000105079 0.00105948 0.00394984 0.0008 0.0113684 0.00403846
internal_weight=1162 274 246 160 145 108 86 888 570 537 318 224 94 51
internal_count=1162 274 246 160 145 108 86 888 570 537 318 224 94 51
is_linear=0
shrinkage=0.03


Tree=288
num_leaves=15
num_cat=0
split_feature=19 12 41 7 12 10 23 3 51 51 34 23 41 12
split_gain=3.92938 4.84661 10.302 6.90083 6.64763 7.68569 5.35295 4.76798 8.18551 8.44823 7.54642 4.58009 4.41429 7.9058
threshold=0.56551379519577416 0.64119671030547176 4.4495762816055846 2.2290770955844255 0.56779167878964221 0.73232917071210968 5.0082015518293863 4.1705048388734616 5.5146798766028171 5.5362180690256269 14.071328989748514 3.7412132436928864 7.0365565354368034 0.22475961538461542
decision_type=2 2 2 2 2 2 2 2 2 2 2 2 2 2
left_child=1 2 6 -3 12 -6 11 10 -9 -10 -2 -1 13 -4
right_child=7 3 4 -5 5 -7 -8 8 9 -11 -12 -13 -14 -15
leaf_value=0.0002806687889307871 1.1443981224650291e-05 -3.0052546449704784e-05 -0.00037801174928454444 0.00084312938722282149 -0.002318831654773089 0.0020263607572078434 0.00032868727496342229 -4.3183349757638375e-05 3.2480110362639316e-05 -0.00011132289361915681 3.1405231718660829e-05 -0.00035272362395898479 -4.7498652501731793e-06 -0.00012091854956890024
leaf_weight=24 329 122 32 74 53 14.999999999999998 24 18 29 17 24 15.999999999999998 287 151
leaf_count=24 329 122 32 74 53 15 24 18 29 17 24 16 287 151
internal_value=-0.000419408 -0.00165207 -0.00298507 0.00243655 -0.00434137 -0.0130435 0.00830769 0.0019378 -0.00553846 0.0012766 0.00330508 0.00146341 -0.00305732 -0.00668478
internal_weight=1215 798 602 196 538 68 64 417 64 46 353 40 470 183
internal_count=1215 798 602 196 538 68 64 417 64 46 353 40 470 183
is_linear=0
shrinkage=0.03


Tree=289
num_leaves=15
num_cat=0
split_feature=10 19 51 20 22 1 13 11 41 22 10 10 24 10
split_gain=5.37795 9.36058 6.07374 3.64257 11.1838 5.6309 4.81189 4.00303 3.4244 2.85244 2.80052 3.7344 3.81075 3.67519
threshold=0.043104906999759912 0.33267514359717415 7.2921937034962161 4.4236146691504468 11.505081690260374 2.175124009167082 0.24672504286206981 0.28250594458625583 6.0197504358280804 10.913463336230757 0.77574441687344919 0.7194572039045003 0.90640664521883763 0.7068853745500453
decision_type=2 2 2 2 2 2 2 2 2 2 2 2 2 2
left_child=1 2 -1 5 -5 7 -6 10 -3 -9 11 13 -13 -2
right_child=3 8 -4 4 6 -7 -8 9 -10 -11 -12 12 -14 -15
leaf_value=-0.00061823010208302269 -1.0030283989381771e-06 0.0046503751394064378 0.0061987428741944895 0.0039605026265594895 -0.00036885511032077819 -0.0011449469197310569 0.0013499138453396586 4.3385371301353777e-05 -0.0031493354714326391 0.001942477346663889 0.00078753919736175289 -6.4216749170085122e-05 -7.8200448144494222e-07 6.7644397395848763e-05
leaf_weight=73 713 27 14.999999999999998 26 21 26 14.999999999999998 34 21 17 52 42 44 68
leaf_count=73 713 27 15 26 21 26 15 34 21 17 52 42 44 68
internal_value=-0.000100418 -0.00569343 -0.0114607 0.000623229 0.00761905 0.000180542 -0.00324324 0.000556128 0.00489796 0.00865385 9.78261e-05 -0.00031106 -0.0062069 0.000345269
internal_weight=1194 136 88 1058 62 996 36 970 48 51 919 867 86 781
internal_count=1194 136 88 1058 62 996 36 970 48 51 919 867 86 781
is_linear=0
shrinkage=0.03


Tree=290
num_leaves=15
num_cat=0
split_feature=43 9 10 24 22 22 11 1 6 22 10 10 10 22
split_gain=6.34053 4.94682 3.94793 3.78489 4.5215 3.64006 3.33723 3.71803 6.54938 4.14431 11.2965 13.9156 9.34995 10.6345
threshold=2.1088998399735588 1.5635220339730906 0.50291828793774329 0.43632958801498128 9.0434432576225525 11.860458944843771 0.30079280639228334 1.4392608977506034 1.8618509469956341 9.3368269297085167 0.69544786396199865 0.68898886374519563 0.69565957063297057 10.913463336230757
decision_type=2 2 2 2 2 2 2 2 2 2 2 2 2 2
left_child=1 6 3 -2 -5 -6 7 8 -1 10 11 -9 13 -11
right_child=2 -3 -4 4 5 -7 -8 9 -10 12 -12 -13 -14 -15
leaf_value=6.1623656913378787e-06 -0.00084460595800101338 0.0015141866866456022 0.00026714192801162716 -0.0029831299974257619 -7.3277599339397688e-05 -0.0021215351637032102 0.00026961643658103383 -1.3861783317389297e-05 0.0002195927297759037 5.1283102078174543e-05 -6.0417124529415501e-05 9.5482093068688381e-05 7.2027511763119722e-05 -0.00014129687248099599
leaf_weight=337 34 20 23 14.999999999999998 28 22 20 225 14.999999999999998 71 126 26 119 144
leaf_count=337 34 20 23 15 28 22 20 225 15 71 126 26 119 144
internal_value=-0.000856444 -0.00013587 -0.00731707 -0.0099 -0.0140909 -0.00941176 -0.000415129 -0.000648496 0.00186969 -0.00189607 -0.00404762 -0.000357143 0.000537313 -0.00319444
internal_weight=1225 1103 122 99 65 50 1083 1063 352 711 377 251 334 215
internal_count=1225 1103 122 99 65 50 1083 1063 352 711 377 251 334 215
is_linear=0
shrinkage=0.03


Tree=291
num_leaves=15
num_cat=0
split_feature=41 34 42 24 42 36 43 33 34 22 24 7 26 39
split_gain=5.24635 5.68075 4.91895 13.2681 10.1758 6.68434 7.54357 6.53757 6.97158 6.47934 6.27825 7.59729 5.1421 5.65962
threshold=10.046856452189283 17.259123389051936 8.2510187800329948 0.89751769553963379 8.308378565444789 10.395172690043688 1.2172844520170996 7.0214366648750888 14.695637441959631 10.315930074311519 0.90257083348304501 2.6994038651016328 6.3804347826086962 3.175109443402127
decision_type=2 2 2 2 2 2 2 2 2 2 2 2 2 2
left_child=2 -2 7 5 -5 6 -4 8 10 -9 11 -1 -12 -14
right_child=1 -3 3 4 -6 -7 -8 9 -10 -11 12 -13 13 -15
leaf_value=-4.4951191909422534e-05 8.5843897912374338e-06 0.0002054977784239975 0.00031269449401779669 -0.000317112886895583 -6.3124349289065405e-05 -1.6537934820939348e-05 -9.3990505575536348e-06 7.852619863444321e-06 -8.4377137293653587e-05 0.0028347233472764311 0.0001437771979794028 -0.00071995644358168679 -0.00015615717802897581 6.2067412007497659e-05
leaf_weight=265 76 29 39 19 221 49 31 147 21 18 47 33 78 118
leaf_count=265 76 29 39 19 221 49 31 147 21 18 47 33 78 118
internal_value=-0.000427852 0.0059434 -0.00104876 -0.00391667 -0.0079668 0.00425 0.0101408 0.000370879 -0.00117229 0.00560241 -0.000498155 -0.00341137 0.00307377 0.000913706
internal_weight=1191 105 1086 359 240 119 70 727 562 165 541 298 243 196
internal_count=1191 105 1086 359 240 119 70 727 562 165 541 298 243 196
is_linear=0
shrinkage=0.03


Tree=292
num_leaves=15
num_cat=0
split_feature=10 42 23 38 29 8 0 49 12 18 12 1 33 41
split_gain=5.53129 6.20964 6.09671 5.36936 4.75823 3.6182 5.23723 4.39459 3.71972 4.96732 3.29695 3.93206 2.88 2.86694
threshold=0.043927033509854593 10.157174693333596 6.4541939577762575 0.93610262756677487 0.47540528022232525 0.87409401350310023 5.0000000000000009 1.7877093956071803 0.98965739710046108 1.096562299177231 0.50658848625266295 1.9956130378462478 2.8799441673881954 4.2004329674369361
decision_type=2 2 2 2 2 2 2 2 2 2 2 2 2 2
left_child=2 5 4 -3 12 6 -2 8 -7 -10 11 -4 -1 -8
right_child=1 3 10 -5 -6 7 13 -9 9 -11 -12 -13 -14 -15
leaf_value=3.4254995166621557e-06 3.297289982770346e-05 0.0038521744218721074 -0.0012591936804758868 -0.00028064123589568443 -0.00053993054490400255 1.9087610128026843e-06 -0.00013466049640007858 0.0020192659205116679 -0.00079380217805650631 3.142185995282043e-05 -0.0026220627988659223 0.0011187993459479944 0.0042730250632642425 -0.001340602603360157
leaf_weight=32 17 37 22 18 37 888 15.000000000000002 17 15.999999999999998 17 20 15.999999999999998 17 14.999999999999998
leaf_count=32 17 37 22 18 37 888 15 17 16 17 20 16 17 15
internal_value=-0.000303797 0.000461095 -0.0057931 0.0101786 -0.000689655 -9.12779e-05 -0.008125 0.000319489 3.2538e-05 -0.00970588 -0.0132203 -0.00769231 0.0054 -0.0154839
internal_weight=1184 1040 144 55 86 985 47 938 921 33 58 38 49 30
internal_count=1184 1040 144 55 86 985 47 938 921 33 58 38 49 30
is_linear=0
shrinkage=0.03


Tree=293
num_leaves=15
num_cat=0
split_feature=22 39 31 31 9 37 6 9 9 12 12 9 13 22
split_gain=3.76417 4.37829 3.89678 5.68745 5.30631 5.08177 6.26577 5.0728 5.57035 4.00149 4.23558 4.00449 6.18715 6.12281
threshold=13.675376409990834 50.181201550387605 6.5000000000000009 3.5000000000000004 1.0720585701993983 2.2417793854714732 1.908352591833258 0.72256697191410313 0.79640980321261712 0.64119671030547176 0.56779167878964221 1.1945400337861323 0.58071022460470123 11.804033877806704
decision_type=2 2 2 2 2 2 2 2 2 2 2 2 2 2
left_child=2 -2 3 5 -5 6 -1 -4 -9 10 11 -10 13 -13
right_child=1 -3 7 4 -6 -7 -8 8 9 -11 -12 12 -14 -15
leaf_value=-1.1699861318640315e-05 0.0060888444364343595 -4.0298049719813545e-05 0.0012164167924222113 -0.0010928737289805381 -8.3203823670943689e-06 -0.00057544323303457278 0.00012960097101970768 -0.0018361000225652012 0.00013940661920963646 0.0011121064429817462 -0.0013291871822423119 -0.00021132086086591922 7.8095499173930208e-06 0.00014899921804306437
leaf_weight=458 14.999999999999998 22 24 17 36 170 19 14.999999999999998 17 17 15.999999999999998 30 315 14.999999999999998
leaf_count=458 15 22 24 17 36 170 19 15 17 17 16 30 315 15
internal_value=-0.000606571 0.00868421 -0.000913043 -0.00231098 -0.0116667 -0.00152778 6.27615e-05 0.00126667 0.000492958 0.00116788 0.000532995 0.00119048 0.000498615 -0.00978261
internal_weight=1186 37 1149 700 53 647 477 449 425 410 393 377 360 45
internal_count=1186 37 1149 700 53 647 477 449 425 410 393 377 360 45
is_linear=0
shrinkage=0.03


Tree=294
num_leaves=15
num_cat=0
split_feature=33 35 12 41 33 23 9 22 9 1 36 14 24 26
split_gain=5.27379 6.6925 6.57171 8.4541 6.69046 3.86134 5.91836 4.91448 3.52444 3.42809 3.52717 3.21278 3.09504 3.32539
threshold=6.9848531736803467 0.88704648526077101 0.6488981879606881 7.1743479613101249 8.0576215644080111 7.0232420838627183 0.98960858410973984 8.8943330374732259 0.48817988316367594 1.7032700902169777 7.8663136520131802 0.40086255045392111 0.99990284599377344 14.004631217838766
decision_type=2 2 2 2 2 2 2 2 2 2 2 2 2 2
left_child=1 12 3 9 -5 6 -6 -7 -9 -2 -11 -10 13 -1
right_child=2 -3 -4 4 5 7 -8 8 11 10 -12 -13 -14 -15
leaf_value=-3.7115532453290341e-05 7.9374176259819351e-05 -0.00073470923254388308 0.0012453734342017908 -0.00053164824873694783 -8.2135403291587461e-06 -1.4354763394737735e-05 0.00056054596913213866 -0.0029120596640705779 -1.3086961815567121e-07 -2.349875362763626e-05 6.8147579910349812e-05 0.00072754642248046948 -0.0013775722210141472 7.0581299040999856e-05
leaf_weight=484 45 19 18 23 23 18 17 18 289 22 23 18 19 152
leaf_count=484 45 19 18 23 23 18 17 18 289 22 23 18 19 152
internal_value=-0.000656013 -0.0024 0.00163107 0.000965795 -0.000884521 7.8125e-05 0.00878049 -0.000959302 -9.20245e-05 0.00923077 0.00326087 0.000681818 -0.001875 -0.00150706
internal_weight=1188 674 514 496 406 383 40 343 325 90 45 307 655 636
internal_count=1188 674 514 496 406 383 40 343 325 90 45 307 655 636
is_linear=0
shrinkage=0.03


Tree=295
num_leaves=15
num_cat=0
split_feature=43 49 35 23 22 42 41 29 20 34 23 23 24 37
split_gain=4.52634 6.83468 4.83391 4.22394 4.37317 3.96954 7.71789 6.00417 4.69179 4.62083 4.68779 4.42616 4.27985 4.3248
threshold=2.1088998399735588 2.5376603156764395 1.0000000180025095e-35 5.7824595598634216 9.9292149025673222 10.046856452189283 10.114558537326888 13.437370062370062 2.6122147309113495 13.411323111633335 8.3265946332991572 9.1890559500451783 0.99781818902857145 1.854295422575172
decision_type=2 2 2 2 2 2 2 2 2 2 2 2 2 2
left_child=1 5 3 4 -2 11 9 -8 -9 10 -7 12 13 -1
right_child=2 -3 -4 -5 -6 6 7 8 -10 -11 -12 -13 -14 -15
leaf_value=5.2622036483296329e-06 -0.00074924931888987697 0.0017732155606034715 0.00013861037174253354 -0.0033671562407709432 0.00091448539790073605 0.0083674147380476526 -2.9593104469241014e-05 0.00093579748637143015 -3.575206099064587e-06 9.0454748051072012e-05 -0.00020556666894260722 -0.00022570282908849658 0.00017782484801123392 -2.2028250201608922e-05
leaf_weight=484 56 17 21 31 14.999999999999998 28 46 22 14.999999999999998 17 19 23 58 363
leaf_count=484 56 17 21 31 15 28 46 22 15 17 19 23 58 363
internal_value=-0.000616776 0 -0.00604839 -0.00873786 -0.00458333 -0.000306691 0.00425676 -0.00178571 0.00710526 0.012 0.006875 -0.00103337 -0.000695364 -0.00123821
internal_weight=1215 1092 123 102 71 1075 147 83 37 64 47 928 905 847
internal_count=1215 1092 123 102 71 1075 147 83 37 64 47 928 905 847
is_linear=0
shrinkage=0.03


Tree=296
num_leaves=15
num_cat=0
split_feature=22 10 22 21 12 22 51 35 10 31 31 30 22 12
split_gain=4.77875 9.66433 11.0193 8.05014 7.69835 11.5287 9.12903 13.2225 8.00706 7.52638 6.99348 6.89129 5.48561 5.24031
threshold=9.5394804728547111 0.70526439244522188 10.913463336230757 2.2556886008477952 0.16440070242957763 8.3679430951756366 5.5522034161713236 0.88704648526077101 0.62318569669247015 20.500000000000004 15.500000000000002 0.94590643274853814 14.447146845027904 0.16454005895868412
decision_type=2 2 2 2 2 2 2 2 2 2 2 2 2 2
left_child=4 2 -2 -3 8 6 7 13 -1 10 11 12 -4 -6
right_child=1 3 9 -5 5 -7 -8 -9 -10 -11 -12 -13 -14 -15
leaf_value=-0.00010682114992773939 0.00017617912200279751 0.00023320935569452137 -0.00010946899682235277 3.2162927861718592e-05 -7.2883478601070694e-05 -8.498011200495314e-05 0.00015964175845816276 -0.00048872691140885549 2.5502925984448587e-05 0.0012583872939167849 -0.0003226243351266089 2.5688606921064894e-05 0.0014560335483908915 4.8392193173818484e-07
leaf_weight=29 106 30 157 61 21 157 29 23 169 17 22 30 15.999999999999998 359
leaf_count=29 106 30 157 61 21 157 29 23 169 17 22 30 16 359
internal_value=-0.000391198 0.00211364 -0.00017192 0.0107609 -0.00178934 -0.00350847 -0.000969977 -0.00215347 0.00331658 -0.0037037 -0.00517699 -0.00338235 -0.00568966 -0.000787402
internal_weight=1226 439 348 91 787 589 432 403 198 242 225 203 173 380
internal_count=1226 439 348 91 787 589 432 403 198 242 225 203 173 380
is_linear=0
shrinkage=0.03


Tree=297
num_leaves=15
num_cat=0
split_feature=34 21 42 9 0 42 12 12 49 10 42 37 41 41
split_gain=5.19613 3.93334 4.83352 3.79639 7.40543 4.53044 8.59695 5.50885 10.4295 8.33363 6.19052 7.13571 11.7969 7.08286
threshold=36.025159872102329 5.217394471340115 10.238386543929932 1.559589012910463 5.0000000000000009 8.6889498293263916 0.58631035145709831 0.16440070242957763 0.88907562519182193 0.68937910889591991 7.5240467802475157 1.7813842715082597 5.1517273206128182 4.8130668977087838
decision_type=2 2 2 2 2 2 2 2 2 2 2 2 2 2
left_child=1 2 3 5 -5 7 -7 9 10 -1 11 12 -9 -13
right_child=-2 -3 -4 4 -6 6 -8 8 -10 -11 -12 13 -14 -15
leaf_value=-2.0568785050394112e-06 0.0010900536515075232 0.0060628085696941047 -0.00092949819755724081 0.0011591782371230196 -0.0033177338274789302 8.9024590373920622e-06 0.0018010317847398482 -1.8555560945515692e-05 0.003075437434337146 5.9671763656423957e-05 -8.0763456973508281e-05 -0.0010092813668257838 -0.0011216371267456166 5.2049553287291101e-05
leaf_weight=154 20 23 34 17 22 183 45 134 26 46 238 29 32 183
leaf_count=154 20 23 34 17 22 183 45 134 26 46 238 29 32 183
internal_value=-0.000505476 -0.000771208 -0.00102273 -0.000675676 -0.00975 -0.000336134 0.00340611 -0.00135231 -0.00270607 0.00298507 -0.00350081 -0.00110818 -0.0057485 0.00253521
internal_weight=1186 1166 1143 1109 39 1070 228 842 642 200 616 378 166 212
internal_count=1186 1166 1143 1109 39 1070 228 842 642 200 616 378 166 212
is_linear=0
shrinkage=0.03


Tree=298
num_leaves=15
num_cat=0
split_feature=11 43 34 31 23 10 22 22 1 11 14 51 1 24
split_gain=3.97808 4.65012 5.95783 5.5163 7.0326 5.38921 4.15753 11.5446 4.06936 4.04772 3.85573 4.78805 3.67882 3.69408
threshold=0.29636406878836885 1.4547780146205878 0.74342105263157909 8.5000000000000018 5.1082004167082768 0.7194572039045003 9.8983193761396713 11.721396895114589 2.0549579315118973 0.320700161993551 0.38400111325717151 5.5362180690256269 1.7402908934145846 0.99210245310245326
decision_type=2 2 2 2 2 2 2 2 2 2 2 2 2 2
left_child=1 2 -1 4 -3 8 -6 -8 12 -2 -7 -12 -4 -14
right_child=9 3 5 -5 6 10 7 -9 -10 -11 11 -13 13 -15
leaf_value=0.00015083956719856294 0.0028564418591432595 -7.5075865662034279e-05 2.6490067003948067e-07 0.001223128986881754 -0.0046334806620463055 -5.7370352417487331e-05 0.00035137972839167529 -0.0041743412532390996 0.0010978481643119796 -1.7745301464955342e-05 3.0930966254736349e-05 -1.5116148838965059e-05 -0.001360388586782141 -0.00019295015964903905
leaf_weight=228 26 146 519 19 31 29 19 29 15.999999999999998 25 29 33 32 30
leaf_count=228 26 146 519 19 31 29 19 29 16 25 29 33 32 30
internal_value=-0.000618812 -0.000981912 0 -0.00465306 -0.00597345 -0.00139332 -0.013125 -0.00734694 -0.000351171 0.0075 -0.00815217 -0.00380952 -0.000773196 -0.00761905
internal_weight=1211 1160 916 244 225 688 79 48 597 51 91 62 581 62
internal_count=1211 1160 916 244 225 688 79 48 597 51 91 62 581 62
is_linear=0
shrinkage=0.03


Tree=299
num_leaves=15
num_cat=0
split_feature=42 10 9 29 3 10 42 34 41 41 34 49 11 42
split_gain=4.09198 8.88102 9.51915 9.86924 8.48584 8.06137 7.21155 6.26819 6.60476 6.25182 6.07912 5.80803 5.89787 9.45499
threshold=8.6311765752725034 0.69565957063297057 1.2418833046545696 14.346570972886765 4.1328532779250216 0.7194572039045003 8.4254201679570357 16.040817727331191 7.1344629766724639 8.317242948881864 15.505458774133791 1.7877093956071803 0.12392440613835957 7.4270566078494751
decision_type=2 2 2 2 2 2 2 2 2 2 2 2 2 2
left_child=6 2 -2 -4 -3 -6 7 10 -9 -10 11 12 13 -1
right_child=1 4 3 -5 5 -7 -8 8 9 -11 -12 -13 -14 -15
leaf_value=-6.2536433221008214e-06 4.9407047824719177e-05 0.00048646848889884794 -0.00012624988447126117 0.00095951116600298644 7.3229691168756885e-05 -6.1208625211153222e-05 -0.0010519321903228957 3.1357134687028388e-05 -0.00028103607122282519 -1.7254642539545893e-05 4.0809910177292959e-05 0.00095383976731260977 7.2257333979014455e-06 -0.00013899008468827966
leaf_weight=202 142 29 76 19 30 26 34 14.999999999999998 46 40 31 37 391 115
leaf_count=202 142 29 76 19 30 26 34 15 46 40 31 37 391 115
internal_value=-0.00104538 0.00185759 -0.00113445 -0.0084375 0.0101163 0.00315789 -0.00207237 -0.00153759 -0.00852941 -0.0117241 -0.000617761 -0.00116622 -0.00177715 -0.00481132
internal_weight=1233 322 237 95 85 56 911 877 101 86 776 745 708 317
internal_count=1233 322 237 95 85 56 911 877 101 86 776 745 708 317
is_linear=0
shrinkage=0.03


Tree=300
num_leaves=15
num_cat=0
split_feature=45 49 12 22 24 10 5 23 30 10 11 3 33 9
split_gain=3.63528 5.60606 4.06374 5.0073 7.14976 8.09419 8.11785 7.11396 7.03442 8.42069 8.60933 6.8664 8.08974 6.58673
threshold=1.2156818820794939 0.88907562519182193 0.16376051869223343 9.3368269297085167 0.99581470450863774 0.69544786396199865 3.3102670659871012 5.3327170978393275 0.94590643274853814 0.71896864817276096 0.1375664941288843 4.1391146713225337 7.0644836916530034 0.9207631571419963
decision_type=2 2 2 2 2 2 2 2 2 2 2 2 2 2
left_child=1 2 -1 4 5 6 -4 13 -9 10 -10 -8 -13 -5
right_child=-2 -3 3 7 -6 -7 11 8 9 -11 -12 12 -14 -15
leaf_value=0.00015505645865699204 -0.00038521167616234947 0.0023234041741510081 -1.2290460781475554e-05 3.8573425515270322e-05 -0.0015942841305736633 -4.5963020877144435e-05 0.0011888609410680799 -1.6675922136509813e-05 0.00011995416901976252 -1.4349558959736441e-05 2.9230106906885656e-06 -2.9994673311832807e-05 7.4750268114547315e-05 0.015420481082757743
leaf_weight=67 36 26 399 29 23 146 18 272 45 49 42 19 19 19
leaf_count=67 36 26 399 29 23 146 18 272 45 49 42 19 19 19
internal_value=-0.000471074 -0.000178876 -0.000496516 -0.000943571 -0.002688 -0.00204319 -6.57895e-05 0.0014442 0.000146699 0.00569343 0.01125 0.0105263 0.00307692 0.0122449
internal_weight=1209 1173 1147 1080 624 601 455 456 408 136 87 56 38 48
internal_count=1209 1173 1147 1080 624 601 455 456 408 136 87 56 38 48
is_linear=0
shrinkage=0.03


Tree=301
num_leaves=15
num_cat=0
split_feature=33 11 18 36 19 29 28 11 24 11 43 10 3 18
split_gain=4.2483 6.83009 6.46707 6.12817 8.65681 5.98299 4.63071 4.12234 3.23402 3.22254 4.66983 6.09256 5.60676 8.12854
threshold=6.9848531736803467 0.1619838273109325 1.6674278448086459 9.0653435411998036 0.56931572760326976 11.488636363636365 10.500000000000002 0.26927797693492905 0.58181160345634886 0.1476292386062813 1.4911356165197844 0.086774103300545621 5.8135225171878959 1.7442753582502224
decision_type=2 2 2 2 2 2 2 2 2 2 2 2 2 2
left_child=5 2 3 4 -2 9 -5 8 -3 10 12 -12 13 -1
right_child=1 7 -4 6 -6 -7 -8 -9 -10 -11 11 -13 -14 -15
leaf_value=2.5813056451763903e-05 0.00014040910501889934 0.00016753673267198285 -0.00055052727711026647 -5.8042630302887199e-05 -2.9724234559863616e-06 -0.00037284609856285246 5.2869737373062438e-07 1.034574209765049e-05 0.0010217331367877633 -0.00013157590679467346 -2.3628540595072022e-05 -0.0010384621853345465 -0.0011442419380779721 0.0022264920290605361
leaf_weight=207 55 22 63 20 36 24 279 22 18 254 121 39 15.999999999999998 14.999999999999998
leaf_count=207 55 22 63 20 36 24 279 22 18 254 121 39 16 15
internal_value=-0.000830537 0.00122093 -6.60793e-05 0.00138107 0.00815217 -0.00239291 -0.0007 0.0104762 0.0160976 -0.00183767 -0.000150376 -0.00409938 0.00251046 0.00376682
internal_weight=1191 515 453 390 91 676 299 62 40 652 398 160 238 222
internal_count=1191 515 453 390 91 676 299 62 40 652 398 160 238 222
is_linear=0
shrinkage=0.03


Tree=302
num_leaves=15
num_cat=0
split_feature=22 12 40 39 33 28 21 30 22 14 41 15 12 17
split_gain=4.49577 9.49077 11.1918 8.91062 7.9454 5.45602 5.36459 4.52126 4.38965 5.46542 5.42336 4.09308 3.96967 3.54596
threshold=9.8233240646918443 0.16441985701375211 0.97712125471966249 3.1578014184397167 11.524506689449421 26.500000000000004 2.2689461040786618 0.93683510638297884 10.913463336230757 0.40386727551273133 7.0365565354368034 0.0031395660492735769 0.16417332694870351 2.5492063492063495
decision_type=2 2 2 2 2 2 2 2 2 2 2 2 2 2
left_child=5 3 4 12 -3 11 -4 8 10 -10 -8 -1 13 -2
right_child=1 2 6 -5 -6 -7 7 -9 9 -11 -12 -13 -14 -15
leaf_value=-1.5301258606505996e-05 9.718334875303602e-05 0.0003334052310827662 -0.0004261388134543442 -0.00010313473148464425 1.2311383538365915e-05 -0.00050892308214676388 -6.823787612767348e-05 0.0011705669755379233 -0.00050295280209297524 0.00015467422108559115 0.0012407199509281582 0.0004708188575418881 4.3670609469943501e-05 -0.00032440291812576791
leaf_weight=763 15.000000000000002 71 32 39 37 17 31 21 60 33 22 47 18 15.999999999999998
leaf_count=763 15 71 32 39 37 17 31 21 60 33 22 47 18 16
internal_value=-0.000735895 0.00189394 0.00438312 -0.00674157 0.0121101 -0.00199275 0.00015 0.00232143 0.000408163 -0.00351064 0.00722222 -0.00162762 0.0018 -0.0046875
internal_weight=1222 395 307 88 108 827 199 167 146 93 53 810 49 31
internal_count=1222 395 307 88 108 827 199 167 146 93 53 810 49 31
is_linear=0
shrinkage=0.03


Tree=303
num_leaves=15
num_cat=0
split_feature=37 37 21 22 38 12 22 17 37 3 4 22 5 22
split_gain=4.53313 5.00331 5.93389 4.29563 4.98181 6.90014 6.42906 6.45425 6.8107 6.43791 6.26946 5.70866 9.47936 11.1834
threshold=0.87409401350310023 1.8481781943666664 2.219641188239911 13.540629337135702 0.0708669221620193 0.6471814671814673 8.0842717184540458 4.0723547308061052 2.1730982218646053 3.6138887117009602 2.410776414647263 9.2427017683400834 3.3801199905406425 12.078340970095345
decision_type=2 2 2 2 2 2 2 2 2 2 2 2 2 2
left_child=-1 2 -2 4 11 6 9 -8 -9 -6 -7 -3 13 -13
right_child=1 3 -4 -5 5 10 7 8 -10 -11 -12 12 -14 -15
leaf_value=-7.9208106247142802e-05 1.2202350354409627e-05 -3.2176804614477135e-05 7.2786746240480763e-05 0.0011354499662717908 -0.00064689666746066681 -0.00014663810759436518 -0.0002386736384662791 0.0028123512741385151 -0.00079684423249253282 6.7793239924771598e-05 0.0067126771204968462 8.0238725392173181e-05 -2.4607337426574282e-06 -0.0012422699409126757
leaf_weight=67 391 168 57 37 19 50 24 20 129 15.999999999999998 20 69 124 15.999999999999998
leaf_count=67 391 168 57 37 19 50 24 20 129 16 20 69 124 16
internal_value=2.48344e-05 0.000473269 0.00293987 -0.00112554 -0.00169207 -0.00473118 -0.00746411 -0.00982759 -0.0074 0.00416667 0.00338028 0.000555556 0.00385714 0.0115116
internal_weight=1207 1140 448 692 655 278 208 173 149 35 70 377 209 85
internal_count=1207 1140 448 692 655 278 208 173 149 35 70 377 209 85
is_linear=0
shrinkage=0.03


Tree=304
num_leaves=15
num_cat=0
split_feature=37 21 41 1 8 11 37 26 14 22 27 9 0 12
split_gain=4.61452 5.68947 8.1015 6.94427 6.09868 4.39576 3.63478 7.43766 4.16829 3.98021 3.9023 3.45175 3.68324 4.03337
threshold=3.6447431262479113 2.3686555866903034 4.4650928568396884 1.4697596263093093 2.509811508967204 0.01453771042807755 1.9242485090451835 14.004631217838766 0.67069497238757814 12.044376294546206 24.500000000000004 1.5128467566594119 7.5000000000000009 0.59340312690995856
decision_type=2 2 2 2 2 2 2 2 2 2 2 2 2 2
left_child=1 4 -3 -4 6 -5 7 8 -1 10 11 12 -8 -14
right_child=-2 2 3 5 -6 -7 9 -9 -10 -11 -12 -13 13 -15
leaf_value=1.4374161070018765e-06 -0.00077095010799094416 0.0012450753764694489 -0.0011823798868301359 -0.00073132016815208973 -0.0017163463142077368 7.3920813956669383e-05 -1.778285178964667e-05 0.00028431715489322414 -0.00031139710543504393 4.6748869951390155e-05 -0.00020034623183133314 0.00016460967209242617 -0.00066645411905345115 -0.00028469643216599838
leaf_weight=571 52 22 20 31 20 191 95 14.999999999999998 29 20 62 18 21 19
leaf_count=571 52 22 20 31 20 191 95 15 29 20 62 18 21 19
internal_value=-0.000404381 0 0.00384906 0.00222222 -0.00117107 0.00376682 -0.000775558 0.000438312 -9.98336e-05 -0.00394068 -0.00513889 -0.00253247 -0.00419118 -0.0117073
internal_weight=1186 1134 264 242 870 222 850 615 600 235 215 153 135 40
internal_count=1186 1134 264 242 870 222 850 615 600 235 215 153 135 40
is_linear=0
shrinkage=0.03


Tree=305
num_leaves=15
num_cat=0
split_feature=33 20 7 5 14 14 42 22 40 24 14 37 33 39
split_gain=3.08038 3.32282 5.54371 4.06216 3.9173 10.2204 6.80205 13.3861 7.14286 6.49883 6.76269 5.06346 4.84544 4.48444
threshold=11.758167479717034 5.6639780595668201 5.6449163749976989 4.9470478355063108 0.38214564172939575 0.38303175248621152 7.7192222120816023 9.8233240646918443 1.2172844520170996 0.80289543687333753 0.10036246337656939 2.750366538194577 10.88368925253881 1.9883264933880531
decision_type=2 2 2 2 2 2 2 2 2 2 2 2 2 2
left_child=1 2 3 4 6 -6 9 13 12 10 -1 -11 -9 -8
right_child=-2 -3 -4 -5 5 -7 7 8 -10 11 -12 -13 -14 -15
leaf_value=8.4293400610317977e-05 -0.00019120005352088132 0.0065466968488620521 -0.00058704322887390245 0.0014149070106738982 4.6741931042377782e-05 -1.3774533686472524e-06 -7.0954153968860729e-06 0.0012811848875576035 -0.00038168487487976632 9.4759307694836507e-05 -0.00026437624322542264 -0.00052538812530546371 -3.7121360707059734e-06 -0.00020546177831104952
leaf_weight=69 18 14.999999999999998 15.999999999999998 26 49 646 19 28 71 87 36 17 27 80
leaf_count=69 18 15 16 26 49 646 19 28 71 87 36 17 27 80
internal_value=-0.000647303 -0.000454928 -0.000639932 -0.000389273 -0.000663717 0.000732759 -0.00289655 -0.00650442 0 0.001 -0.00424528 0.00628571 0.00803571 -0.0147
internal_weight=1204 1186 1171 1155 1129 695 434 225 126 209 105 104 55 99
internal_count=1204 1186 1171 1155 1129 695 434 225 126 209 105 104 55 99
is_linear=0
shrinkage=0.03


Tree=306
num_leaves=15
num_cat=0
split_feature=5 21 21 13 13 42 51 42 36 11 0 22 42 20
split_gain=4.03132 5.46503 6.19128 4.77284 6.00503 7.12588 3.93771 2.97984 2.91456 3.5712 2.89902 2.3292 3.13928 4.42039
threshold=4.5154565616664941 2.5943761204130147 2.8339665077752407 0.036090463361351001 0.2413142744543022 8.2993294544433525 6.1526941212119706 8.8487065297325262 6.5434454541542033 0.28571449453167602 5.0000000000000009 12.265439853835327 10.123422920806428 2.4424542970813041
decision_type=2 2 2 2 2 2 2 2 2 2 2 2 2 2
left_child=1 11 -3 -2 -5 -6 8 -7 9 10 -4 12 -1 -14
right_child=3 2 6 4 5 7 -8 -9 -10 -11 -12 -13 13 -15
leaf_value=-1.9028954004152165e-06 0.003218160682544022 0.00581518942364614 -0.0054365839099770703 -0.0015573384218010643 0.0038389678254380352 -0.003654826959000281 0.0015293360718294667 -6.8759033003269466e-05 0.00017762122927678092 0.00045220774383149416 -0.00066300412824410514 -0.00017603509256682636 0.00015014955069510448 -1.4883600081407877e-05
leaf_weight=891 17 18 15.999999999999998 33 22 15.000000000000002 18 14.999999999999998 26 21 23 19 41 29
leaf_count=891 17 18 16 33 22 15 18 15 26 21 23 19 41 29
internal_value=-0.000149378 0.00038078 0.00634146 -0.00582524 -0.00872093 -0.00226415 0.00342857 -0.0116129 0.000689655 -0.00295082 -0.00825 -0.000366972 -0.000155925 0.00591549
internal_weight=1204 1102 122 102 85 52 104 30 86 60 39 980 961 70
internal_count=1204 1102 122 102 85 52 104 30 86 60 39 980 961 70
is_linear=0
shrinkage=0.03


Tree=307
num_leaves=15
num_cat=0
split_feature=11 37 22 22 6 0 42 0 23 14 42 4 23 22
split_gain=4.29153 7.04429 6.47461 9.63885 5.50612 6.51497 4.46713 9.30166 3.41854 2.9465 4.74049 5.24751 8.68237 3.83407
threshold=0.28754050401478998 3.6770577938263034 13.675376409990834 12.33850656524446 2.1105375083058608 5.0000000000000009 10.23160014033569 5.0000000000000009 8.5897070306477588 1.0000000180025095e-35 10.157174693333596 3.4322380671861787 6.5735770391047712 6.9126929697943771
decision_type=2 2 2 2 2 2 2 2 2 2 2 2 2 2
left_child=1 2 3 4 9 -6 7 -2 -5 -1 11 12 -11 -13
right_child=6 -3 -4 8 5 -7 -8 -9 -10 10 -12 13 -14 -15
leaf_value=9.0876972921065667e-05 0.0018131082180053836 -0.0024810726055262875 0.0013441455827756731 -0.0007664177400513927 -1.4486442349929128e-05 0.0037165457328898021 0.002544729891797761 -0.00048383122427784195 -0.0047259463564242737 -7.3281708342727564e-05 0.0029471592758702945 -0.00090557837234675747 -0.0057812109246646965 1.1968459112327023e-06
leaf_weight=97 25 24 24 14.999999999999998 21 19 14.999999999999998 25 18 334 21 21 17 531
leaf_count=97 25 24 24 15 21 19 15 25 18 334 21 21 17 531
internal_value=-0.000620861 -0.00104987 -0.000697051 -0.0010411 -0.000536723 0.0102439 0.00681818 0.00235294 -0.0167647 -0.000968689 -0.00149189 -0.00182522 -0.0046875 0
internal_weight=1207 1142 1118 1094 1061 40 65 50 33 1021 924 903 351 552
internal_count=1207 1142 1118 1094 1061 40 65 50 33 1021 924 903 351 552
is_linear=0
shrinkage=0.03


Tree=308
num_leaves=15
num_cat=0
split_feature=12 12 34 34 33 13 36 22 42 18 14 42 36 36
split_gain=3.82693 9.84193 9.7499 8.49365 8.19583 6.08388 5.70708 4.92347 6.67677 5.8067 4.17919 5.17798 4.09293 3.90339
threshold=0.5889153349200954 0.56412867512663856 18.723094327027123 17.25755468116051 8.0033745492250272 0.1818623547813242 9.7087018060519767 11.949838694665857 7.7923235103270914 0.92866624821563437 0.33267514359717415 8.3934495283363635 7.1280368062701163 6.0134364431309644
decision_type=2 2 2 2 2 2 2 2 2 2 2 2 2 2
left_child=1 2 3 5 7 12 -4 8 9 -2 -10 -12 -1 -3
right_child=4 13 6 -5 -6 -7 -8 -9 10 -11 11 -13 -14 -15
leaf_value=5.7812370493097174e-05 -6.1339703124396736e-06 -0.00024481285207166525 -0.00038769516049355049 8.2987426802501039e-05 0.003537914389576353 -4.6169180923718786e-06 -1.4788902972386885e-05 0.012157255226412507 -0.00033692586169601854 0.00033421178711505846 -0.00077974514897117706 0.00030673436872964309 0.0022940064612589016 -0.0022485719877188681
leaf_weight=104 70 38 26 25 21 690 37 26 33 55 23 25 21 17
leaf_count=104 70 38 26 25 21 690 37 26 33 55 23 25 21 17
internal_value=-0.000321782 -0.00118874 -0.000431416 0.000428062 0.00295276 -0.000110294 -0.0117188 0.00128755 -0.000289855 0.00404762 -0.00695122 -0.00122449 0.00595238 -0.0133929
internal_weight=1211 958 903 840 253 815 63 232 206 125 81 48 125 55
internal_count=1211 958 903 840 253 815 63 232 206 125 81 48 125 55
is_linear=0
shrinkage=0.03


Tree=309
num_leaves=15
num_cat=0
split_feature=10 0 12 3 42 5 19 9 27 36 10 16 42 42
split_gain=6.2692 14.4543 5.8005 6.3283 5.22916 7.93053 7.47123 5.3123 10.1498 5.29689 9.88417 5.55771 5.1506 7.06395
threshold=0.70056671708886387 7.5000000000000009 0.16457564531289195 4.155954272014867 7.4270566078494751 3.4450469585889079 0.13031983607287631 0.57879382892264442 1.5000000000000002 2.2875939224638313 0.16285624944161534 0.16942464358452142 8.1344918668932049 9.9130813529215018
decision_type=2 2 2 2 2 2 2 2 2 2 2 2 2 2
left_child=4 2 -2 -4 5 9 -7 8 12 10 -1 -11 -6 -14
right_child=1 -3 3 -5 7 6 -8 -9 -10 11 -12 -13 13 -15
leaf_value=0.00087267969347540244 3.846106394833626e-05 8.7863124955471774e-05 -0.00020499847833859697 1.0461718390861184e-05 -0.00026142364840625707 0.00015625939842721091 0.0019175507688818272 -9.5017859587098741e-06 -0.0056076360893819854 -3.2569924200913579e-05 4.5805286641764643e-06 -0.0013231518716755031 0.00058809017176373061 -0.00048532620209929878
leaf_weight=20 33 74 66 71 34 38 26 392 49 252 90 14.999999999999998 37 20
leaf_count=20 33 74 66 71 34 38 26 392 49 252 90 15 37 20
internal_value=-0.000862069 0.00342857 -0.00140351 -0.00413043 -0.00194045 0.000475113 0.0101538 -0.00393996 -0.00893617 -0.00119048 0.00432432 -0.00347015 -0.00293478 0.00258621
internal_weight=1217 244 170 137 973 441 64 532 140 377 110 267 91 57
internal_count=1217 244 170 137 973 441 64 532 140 377 110 267 91 57
is_linear=0
shrinkage=0.03


Tree=310
num_leaves=15
num_cat=0
split_feature=11 4 42 20 36 41 31 42 51 43 36 36 41 19
split_gain=4.67374 6.32977 4.84283 4.36999 6.05952 5.53328 7.89248 6.17975 3.5838 3.44025 2.75028 4.26291 6.84788 6.07468
threshold=0.025775383885204891 4.9690161639641692 8.6182729434998393 4.4236146691504468 10.728400914336978 10.157174693333596 23.500000000000004 10.199129736871194 6.5296813911996407 1.5118319590988969 1.462139643030941 2.5780655049026495 4.7424035066719936 0.40697777475782088
decision_type=2 2 2 2 2 2 2 2 2 2 2 2 2 2
left_child=1 2 9 5 8 6 7 10 -5 -1 -2 -12 13 -13
right_child=3 -3 -4 4 -6 -7 -8 -9 -10 -11 11 12 -14 -15
leaf_value=0.00031187305857697579 -6.0533637557992346e-05 -0.0015265620948148317 0.00045265936100399303 0.0062145960458522293 -0.00040566723435818018 0.0011132299269222389 -0.0025330179697296584 -0.0010935830785792488 0.00083274837908346548 -0.00067666491973811466 6.1334867540634999e-05 -0.0010972457548248059 -2.1761790097440946e-08 0.00011142909245019926
leaf_weight=27 22 25 21 20 22 14.999999999999998 15.999999999999998 25 22 33 156 47 744 17
leaf_count=27 22 25 21 20 22 15 16 25 22 33 156 47 744 17
internal_value=-0.000741962 -0.00672897 -0.00256098 -0.000162602 0.00738462 -0.00063279 -0.000904669 -0.000563241 0.0139535 -0.00688525 -0.000182371 6.21762e-05 -0.000815822 -0.0101538
internal_weight=1212 106 81 1106 64 1042 1027 1011 42 60 986 964 808 64
internal_count=1212 106 81 1106 64 1042 1027 1011 42 60 986 964 808 64
is_linear=0
shrinkage=0.03


Tree=311
num_leaves=15
num_cat=0
split_feature=5 37 37 20 42 22 35 31 51 51 24 34 24 18
split_gain=5.82105 7.72058 5.29526 6.32091 4.2935 4.95162 4.80308 13.4507 6.09233 11.1192 6.16648 7.14588 4.93601 9.73021
threshold=3.283389568170596 1.8162286460923622 2.6101272861575504 2.332419668643634 7.1344629766724639 7.6052603798408658 0.87526124273825778 15.500000000000002 5.4669913544436604 5.5522034161713236 0.94447861145278134 18.908529690325469 0.90478645066273944 1.4982558360770895
decision_type=2 2 2 2 2 2 2 2 2 2 2 2 2 2
left_child=2 -2 3 -1 -3 -6 7 12 -8 -10 -11 -12 -7 -14
right_child=1 4 -4 -5 5 6 8 -9 9 10 11 -13 13 -15
leaf_value=-8.7067031823571598e-06 0.00015397838576679311 2.459954604369041e-05 0.0025995539856099557 -0.00016803483420947839 -0.00027712122148310591 4.0396926001848853e-05 -4.0119835973553287e-05 -0.00013840508641312809 6.562454880833624e-05 -7.601487909212667e-05 0.00017232855035058335 -1.4658434581236168e-05 -0.0022059054549955245 2.0460726011839457e-05
leaf_weight=526 17 77 26 121 17 60 19 22 49 26 26 39 14.999999999999998 124
leaf_count=526 17 77 26 121 17 60 19 22 49 26 26 39 15 124
internal_value=-0.000103004 0.00237805 -0.00191395 -0.0024537 0.00164211 0.000376884 0.00110236 -0.00175676 0.0050625 0.00723404 0.000978261 0.00590909 0.00075 -0.00235714
internal_weight=1164 491 673 647 474 397 380 221 159 140 91 65 199 139
internal_count=1164 491 673 647 474 397 380 221 159 140 91 65 199 139
is_linear=0
shrinkage=0.03


Tree=312
num_leaves=15
num_cat=0
split_feature=8 43 38 26 38 49 33 42 3 42 41 10 24 17
split_gain=5.62516 6.13439 5.66451 8.90883 8.07029 5.10389 5.92437 3.77303 5.85668 5.54772 3.62769 3.92369 5.05075 7.37084
threshold=1.5680430486920489 1.5118319590988969 0.062802092920203167 4.8823529411764719 0.35129870129870139 1.7877093956071803 2.105506845301913 10.199129736871194 4.3950277462276448 10.157174693333596 4.8420624504540344 0.50585937500000011 0.94488864157034269 11.190382978723406
decision_type=2 2 2 2 2 2 2 2 2 2 2 2 2 2
left_child=1 2 -1 4 -4 6 -2 9 -9 10 11 12 -8 -14
right_child=5 -3 3 -5 -6 -7 7 8 -10 -11 -12 -13 13 -15
leaf_value=0.00029410673969093023 8.3384936094302306e-05 -0.00075776854161752614 0.00025455124226226867 -0.0014406785155057634 -0.00011042621835074928 0.002864796469838633 -0.00070052365764035947 -0.0019386387726451815 0.00084294045341088081 0.019676231950900031 3.9243176958904393e-06 -0.0021397282913456581 0.0042473687092573409 -0.0003038748607596531
leaf_weight=39 30 40 66 23 86 24 38 28 21 15.999999999999998 712 25 21 19
leaf_count=39 30 40 66 23 86 24 38 28 21 16 712 25 21 19
internal_value=-5.04626e-05 -0.004 -0.00195349 -0.00426136 -0.00156863 0.00102674 0.000658617 0.000204313 -0.0078 0.000685096 0.000330882 -0.00490385 -0.00151899 0.00585366
internal_weight=1188 254 214 175 152 934 910 880 49 831 815 103 78 40
internal_count=1188 254 214 175 152 934 910 880 49 831 815 103 78 40
is_linear=0
shrinkage=0.03


Tree=313
num_leaves=15
num_cat=0
split_feature=19 29 39 9 42 42 38 10 33 19 0 0 11 5
split_gain=3.82233 6.97998 7.57964 5.62678 6.44617 9.2446 5.27734 6.55926 5.19706 7.15613 8.90567 9.0256 13.646 6.09007
threshold=0.33267514359717415 0.45056867891513569 1.5500000000000003 0.51650512972171891 10.23160014033569 8.6311765752725034 0.072077922077922088 0.086774103300545621 7.0259923680590832 0.56139405025512679 7.5000000000000009 5.0000000000000009 0.11958709003261928 1.8095466653133714
decision_type=2 2 2 2 2 2 2 2 2 2 2 2 2 2
left_child=3 2 -2 4 5 -1 7 -4 9 -3 11 12 -11 -13
right_child=1 8 6 -5 -6 -7 -8 -9 -10 10 -12 13 -14 -15
leaf_value=-0.00014940788477116551 -0.00015096088307172266 -0.00038870822605197351 0.0029263579051178085 1.008190539673215e-05 -0.0021284984197436361 0.00018788392171631689 0.0023731697972806513 -0.00027884146160923217 5.2399237945802143e-06 -0.00018082556226293344 -0.0011897661740570325 1.5671627535585042e-06 1.9645057230127103e-05 0.010806431491535902
leaf_weight=148 18 46 24 312 14.999999999999998 33 51 22 352 40 22 15.000000000000002 82 15.999999999999998
leaf_count=148 18 46 24 312 15 33 51 22 352 40 22 15 82 16
internal_value=-0.000150376 0.00130624 0.00801724 -0.00212181 -0.00609137 -0.00445055 0.0113265 0.00382979 -5.22648e-05 -0.00364865 -0.000852273 0.00175325 -0.00195122 0.0159375
internal_weight=1196 688 115 508 196 181 97 46 573 221 175 153 122 31
internal_count=1196 688 115 508 196 181 97 46 573 221 175 153 122 31
is_linear=0
shrinkage=0.03


Tree=314
num_leaves=15
num_cat=0
split_feature=10 23 24 42 11 4 14 19 29 14 36 42 36 28
split_gain=4.22179 7.06241 7.00286 5.79168 4.48626 4.8527 4.04152 5.03761 6.18976 6.72972 4.82029 6.05848 5.2779 10.6391
threshold=0.043104906999759912 6.792616846095977 0.99158558049485623 10.091495064482194 0.174145424701839 2.9934203393195333 0.38314925271456463 0.028391490606324052 11.054642166344296 0.38214564172939575 9.5610478230133094 8.325929996875141 6.7324456418826086 1.0000000180025095e-35
decision_type=2 2 2 2 2 2 2 2 2 2 2 2 2 2
left_child=1 2 -1 4 6 -6 7 -2 9 -9 11 12 13 -8
right_child=3 -3 -4 -5 5 -7 10 8 -10 -11 -12 -13 -14 -15
leaf_value=-0.00016519537400204175 0.0003632935856535113 -0.0017386677364271347 0.0022773873720098948 5.203337389692031e-05 -2.566805679965367e-05 -0.0019763580305420009 1.4444972055883686e-05 2.4153560560977726e-05 -0.00017081020313931993 4.5771342421773166e-05 -2.1177586724603348e-05 0.00012505518175104146 1.0001474854297588e-05 -0.0030855627951035633
leaf_weight=59 27 56 24 119 175 26 83 208 39 39 77 45 192 35
leaf_count=59 27 56 24 119 175 26 83 208 39 39 77 45 192 35
internal_value=0.00039834 -0.0045 0.00107143 0.00104128 0.000253432 -0.00371287 0.00132708 0.0039172 0.00271777 0.00447581 -0.000554273 0.000926966 -0.000578778 -0.00554622
internal_weight=1204 139 83 1065 946 201 745 313 286 247 432 355 310 118
internal_count=1204 139 83 1065 946 201 745 313 286 247 432 355 310 118
is_linear=0
shrinkage=0.03


Tree=315
num_leaves=15
num_cat=0
split_feature=43 1 23 11 10 22 35 23 11 12 33 19 34 35
split_gain=4.32881 5.25673 4.64757 4.0945 3.99974 3.63373 3.47136 4.47602 4.57053 6.08975 6.73906 5.77232 5.89899 5.26772
threshold=2.1088998399735588 1.9369507989322308 7.936632914208487 0.13900697859523556 0.33756045951240521 7.8684859353810728 0.94204684170722608 9.5774912194509856 0.12270557639684794 0.26432490936562297 8.2922375732526188 0.33311489733508087 0.94928441513108341 0.81270359842344242
decision_type=2 2 2 2 2 2 2 2 2 2 2 2 2 2
left_child=1 3 -3 6 5 -5 7 8 9 -1 11 -11 -13 -10
right_child=-2 2 -4 4 -6 -7 -8 -9 13 10 -12 12 -14 -15
leaf_value=-2.2648914213507788e-05 -0.00060645531582597496 0.00059855283132306705 -0.00011265836386884942 -0.00063895415727857716 -5.5041551767986968e-06 1.318024354820202e-05 -0.00024489677591674864 0.0020646233312705438 -6.0579090885287679e-06 -0.00011205110048417843 0.0015907703688030938 0.0021203677513532927 -0.00030024407439978475 3.3424212880254762e-05
leaf_weight=131 109 57 25 38 353 14.999999999999998 29 18 50 145 21 35 32 138
leaf_count=131 109 57 25 38 353 15 29 18 50 145 21 35 32 138
internal_value=-0.000601504 -2.75735e-05 0.00722892 -0.000626243 -0.0029484 -0.0105556 0.00095 0.0014711 0.000976492 -0.000986301 0.00192308 0.00028169 0.0075 0.0047619
internal_weight=1196 1087 82 1005 406 53 599 570 552 364 233 212 67 188
internal_count=1196 1087 82 1005 406 53 599 570 552 364 233 212 67 188
is_linear=0
shrinkage=0.03


Tree=316
num_leaves=15
num_cat=0
split_feature=42 30 43 5 10 35 21 13 22 9 10 0 0 29
split_gain=3.4009 8.02153 8.57801 8.21455 7.9097 7.07399 8.98095 5.95578 5.2593 5.21276 5.113 5.1033 10.8608 13.1893
threshold=7.7192222120816023 0.98076211616722164 1.1901056208558034 3.4643548402442996 0.70056671708886387 0.93767745198173702 2.2311870459880532 0.58158204889942211 9.3368269297085167 0.34533024836481119 0.7194572039045003 5.0000000000000009 7.5000000000000009 0.44222222222222224
decision_type=2 2 2 2 2 2 2 2 2 2 2 2 2 2
left_child=1 2 9 7 -2 6 -6 -3 -8 -1 -10 -4 13 -13
right_child=4 3 11 -5 5 -7 8 -9 10 -11 -12 12 -14 -15
leaf_value=0.000670028051506453 -2.2873065290087701e-05 -0.00020103838894413369 -0.00013199627104590995 5.9333152450933289e-05 0.00014574959858012658 0.00013567690378561535 -3.6059067626792453e-05 -0.00010378159359181461 6.0079370755108382e-05 5.2258040678007234e-05 -1.6041893655269757e-05 -0.00040645231841349893 -0.00058672820616497204 0.0055647769840657252
leaf_weight=28 484 30 97 21 28 21 15.999999999999998 36 24 266 54 19 34 23
leaf_count=28 484 30 97 21 28 21 16 36 24 266 54 19 34 23
internal_value=0.000126904 0.00183784 0.00339744 -0.00647727 -0.00138535 0.00479167 0.00195122 -0.0116418 -0.00252632 0.00650847 0.000759494 -0.00189655 0.0038961 0.0139535
internal_weight=1181 554 467 87 627 143 122 66 94 294 78 173 76 42
internal_count=1181 554 467 87 627 143 122 66 94 294 78 173 76 42
is_linear=0
shrinkage=0.03


Tree=317
num_leaves=15
num_cat=0
split_feature=36 34 43 23 23 8 36 23 26 4 35 30 11 11
split_gain=4.41925 11.3975 6.36941 6.30785 9.67317 7.94106 7.88563 6.80427 7.0231 5.53383 4.7592 7.82932 7.25373 5.26765
threshold=7.6512042784799874 11.098837926051877 1.4547780146205878 7.5327767332932707 7.5696881880266238 2.1020871330367603 8.2888854325104226 7.6015758535146887 6.0716112531969317 3.0417459349169049 0.87526124273825778 0.99056603773584917 0.11984256033915182 0.14441625773053821
decision_type=2 2 2 2 2 2 2 2 2 2 2 2 2 2
left_child=1 2 -1 5 -5 6 -2 -6 -9 -4 11 -7 -12 -13
right_child=3 -3 9 4 7 10 -8 8 -10 -11 12 13 -14 -15
leaf_value=1.6051662333346205e-05 -0.0005617595665579272 -0.00027545335205566234 -7.1442376204068899e-05 -0.00024031572720475735 5.9548591891390724e-05 9.2071553028332255e-05 0.00058128243834208336 -0.00033544566098579141 -6.9808271809801423e-07 -0.0025740898432387222 -4.7175887496428976e-05 -3.8039744926756381e-05 6.4053302575134142e-05 4.0117185766109786e-05
leaf_weight=413 22 28 191 18 22 55 17 14.999999999999998 249 50 23 15.999999999999998 56 23
leaf_count=413 22 28 191 18 22 55 17 15 249 50 23 16 56 23
internal_value=-0.000700584 -0.00228404 -0.00146565 0.00139265 -0.00137705 0.00535211 -0.00675 0 -0.00135849 -0.00533058 0.00810345 0.0126316 0.002625 0.00225
internal_weight=1198 682 654 516 304 212 39 286 264 241 173 94 79 39
internal_count=1198 682 654 516 304 212 39 286 264 241 173 94 79 39
is_linear=0
shrinkage=0.03


Tree=318
num_leaves=15
num_cat=0
split_feature=3 37 11 11 13 4 13 36 11 0 35 11 39 22
split_gain=3.18358 4.03938 5.5396 6.39486 5.77304 6.82061 6.34255 6.95691 5.20087 3.5908 3.45392 3.2701 3.23705 3.95892
threshold=1.1276362525516535 0.87409401350310023 0.12270557639684794 0.11822477706924511 0.25224859835381136 2.4090865443215725 0.21164605841838866 7.4834613140959823 0.12434197699987468 5.0000000000000009 0.87566087922820357 0.11984256033915182 1.8035714285714288 6.4004695900463355
decision_type=2 2 2 2 2 2 2 2 2 2 2 2 2 2
left_child=-1 -2 3 4 6 -6 7 -3 -4 -5 -7 -11 -10 -14
right_child=1 2 8 9 5 10 -8 -9 12 11 -12 -13 13 -15
leaf_value=0.00017194853488365245 -0.00014181907192084231 -9.8443869645259972e-05 6.0973913707673684e-05 -1.4427785292614459e-06 0.0026951743468528219 -3.1353052623139808e-06 -0.0012771924217459861 0.0019930421595885806 0.00048917096219163456 -0.00012185914224131622 0.0032645705546230073 -1.2661645088016815e-05 -0.00010192614338866701 1.4907461843755576e-05
leaf_weight=14.999999999999998 60 122 41 29 30 195 49 25 15.999999999999998 21 18 36 74 502
leaf_count=15 60 122 41 29 30 195 49 25 16 21 18 36 74 502
internal_value=-0.000170178 -0.000344545 5.17688e-05 -0.00222433 -0.00075 0.00233607 -0.00456853 -0.00141892 0.00194006 -0.00965517 0.000420561 -0.0139655 0.00121417 0.000831889
internal_weight=1233 1218 1158 525 439 243 196 147 633 86 213 57 592 576
internal_count=1233 1218 1158 525 439 243 196 147 633 86 213 57 592 576
is_linear=0
shrinkage=0.03


Tree=319
num_leaves=15
num_cat=0
split_feature=16 49 45 10 42 24 13 34 22 24 19 41 38 38
split_gain=3.61303 5.39981 4.94152 3.21619 7.41334 11.9662 4.92574 4.81046 4.66648 6.40829 7.47237 3.45356 2.95066 6.91183
threshold=0.33200231399827868 1.7877093956071803 2.2813248361059588 0.035262819712788142 10.157174693333596 0.92110422956023796 0.98460013389668721 0.64901209537532167 12.032130356933665 0.99158558049485623 0.022876941268147415 5.7178676248811025 0.22533936651583714 0.25378787878787884
decision_type=2 2 2 2 2 2 2 2 2 2 2 2 2 2
left_child=1 3 -3 8 6 -6 12 -7 9 11 -11 -1 -5 -14
right_child=-2 2 -4 4 5 7 -8 -9 -10 10 -12 -13 13 -15
leaf_value=-1.3591761333783258e-05 -0.00025481850057061271 0.0031378920103357598 -5.6254057984060913e-05 -6.5437166050119623e-06 0.021029913839649798 -0.0076048816541694026 -0.001156577773980733 0.0035730979531908894 -0.0025999477608906352 -0.0012228911016881779 0.0021933693374008526 -0.00590996696616586 0.00055325612903986301 7.0471480624259558e-06
leaf_weight=21 37 20 17 614 19 17 32 15.999999999999998 22 15.999999999999998 15.999999999999998 22 14.999999999999998 304
leaf_count=21 37 20 17 614 19 17 32 16 22 16 16 22 15 304
internal_value=-0.00116064 -0.000859375 0.0102632 -0.00123767 -0.000736739 0.0101887 -0.0013354 -0.000882353 -0.00642857 -0.00276316 0.00727273 -0.0102273 -0.000931478 0.00140625
internal_weight=1188 1151 37 1114 1017 52 965 33 97 75 32 43 933 319
internal_count=1188 1151 37 1114 1017 52 965 33 97 75 32 43 933 319
is_linear=0
shrinkage=0.03


Tree=320
num_leaves=15
num_cat=0
split_feature=43 28 9 0 43 9 34 51 13 11 29 27 1 36
split_gain=5.27076 8.91964 4.72234 5.28561 12.5463 10.2771 8.85122 7.70949 7.52871 5.40906 4.5667 7.74031 4.30035 5.10355
threshold=2.1780224943436148 1.0000000180025095e-35 0.51650512972171891 5.0000000000000009 0.87409401350310023 0.3259766438530336 1.0533018867924531 3.0283541157189284 0.61892831610496912 0.072997305894964962 11.022727272727275 18.500000000000004 1.6626551858555307 7.6979793817642141
decision_type=2 2 2 2 2 2 2 2 2 2 2 2 2 2
left_child=2 -2 3 4 8 -6 7 -5 -1 -7 11 -4 -12 -14
right_child=1 -3 10 6 5 9 -8 -9 -10 -11 12 -13 13 -15
leaf_value=5.1880854390315974e-05 -0.0023067346821467583 0.00077209387893161668 1.5585260807275957e-05 -0.00019038502384195464 -0.00056551003586382425 -0.00056517462008146891 -0.0062684543878923776 -2.1707753825670472e-05 0.0016724111981574988 7.019885400025183e-05 -0.00011800705647592391 5.9405165333257235e-05 -0.00028000176163681887 3.1828914299403266e-06
leaf_weight=40 31 31 498 23 19 14.999999999999998 29 129 24 26 23 53 14.999999999999998 241
leaf_count=40 31 31 498 23 19 15 29 129 24 26 23 53 15 241
internal_value=-0.000125209 -0.00857143 0.00034331 -0.00284314 0.00192 -0.00786885 -0.0060989 -0.00313725 0.0110769 0.000714286 0.00151625 0.00309783 -0.00160714 -0.000466926
internal_weight=1197 62 1135 305 124 60 181 152 64 41 830 551 279 256
internal_count=1197 62 1135 305 124 60 181 152 64 41 830 551 279 256
is_linear=0
shrinkage=0.03


Tree=321
num_leaves=15
num_cat=0
split_feature=42 22 8 30 3 38 13 42 8 24 49 7 42 13
split_gain=3.57763 4.92379 3.11547 5.28327 3.63441 3.98402 3.61738 4.47827 9.76147 6.31768 4.03597 4.02492 10.1819 3.3375
threshold=10.570264180020482 13.675376409990834 1.5680430486920489 0.76798349056603787 1.2428607132407901 0.49837622549019617 0.61892831610496912 7.811915639724341 2.509811508967204 0.88528180843977189 1.7877093956071803 4.7386876756087313 7.1705713926154626 0.6040464530775892
decision_type=2 2 2 2 2 2 2 2 2 2 2 2 2 2
left_child=1 2 3 4 -1 -6 10 8 -8 -9 11 -4 -13 -14
right_child=-2 -3 6 -5 5 -7 7 9 -10 -11 -12 12 13 -15
leaf_value=7.5472379549544881e-05 -0.0010681918570126126 0.0013182644584860315 -2.9516199690016176e-06 -0.0017507301899830317 -2.1505043616418804e-05 -9.6533464864212437e-05 0.00012859643942790598 0.011873756851706432 0.0021953936000220697 -0.00087023416903934253 0.0042547471229067322 0.0021483615102946296 -0.0038196731289656758 -5.1635367554023759e-05
leaf_weight=29 19 22 687 14.999999999999998 150 57 41 14.999999999999998 25 78 18 15.999999999999998 24 14.999999999999998
leaf_count=29 19 22 687 15 150 57 41 15 25 78 18 16 24 15
internal_value=-0.000915842 -0.000704107 -0.000973527 -0.00392857 -0.00278481 -0.00418269 -0.000163043 0.0039375 0.00985075 -0.000319149 -0.00102497 -0.00137281 -0.00910714 -0.01725
internal_weight=1211 1192 1170 251 236 207 919 159 66 93 760 742 55 39
internal_count=1211 1192 1170 251 236 207 919 159 66 93 760 742 55 39
is_linear=0
shrinkage=0.03


Tree=322
num_leaves=15
num_cat=0
split_feature=22 7 3 10 22 9 13 13 23 7 12 10 12 3
split_gain=4.15406 7.38697 2.40444 2.63556 7.52583 9.22178 5.63993 6.74829 4.59296 8.73617 7.03203 9.1627 7.69174 8.97872
threshold=2.6154606394950002 1.0602869656029252 6.4187398138392 0.70056671708886387 10.391400485152124 1.4580752954251999 0.58140086530913349 0.58236805168855987 6.792616846095977 3.6546309414379663 0.16427844394193147 0.67860350727117213 0.58637458742500259 3.6384386895270779
decision_type=2 2 2 2 2 2 2 2 2 2 2 2 2 2
left_child=1 -1 3 8 -5 -6 -7 -8 9 -2 11 -10 13 -12
right_child=2 -3 -4 4 5 6 7 -9 10 -11 12 -13 -14 -15
leaf_value=0.0001536397742947182 -5.8998501241494521e-06 -0.00014191821846813612 0.0053242406354859833 -7.1158885086936016e-06 0.00043858704696768223 0.00013136968865260279 -1.9329553534492837e-05 2.6859301448660665e-05 -2.8630713699318023e-06 0.0017350327912994846 -0.0025027646541709433 4.4268361751909065e-05 0.0003660763385069421 -2.7970996196622909e-05
leaf_weight=19 523 50 15.999999999999998 150 21 19 25 19 47 22 22 14.999999999999998 32 218
leaf_count=19 523 50 16 150 21 19 25 19 47 22 22 15 32 218
internal_value=-0.00105088 -0.00814286 -0.000610619 -0.000780969 0.00204255 0.00917647 0.00328125 -0.00266667 -0.00153409 0.000164835 -0.00429851 0.0047619 -0.00637363 -0.00821577
internal_weight=1198 69 1129 1113 234 84 63 44 879 545 334 62 272 240
internal_count=1198 69 1129 1113 234 84 63 44 879 545 334 62 272 240
is_linear=0
shrinkage=0.03


Tree=323
num_leaves=15
num_cat=0
split_feature=13 12 12 35 35 23 9 35 24 30 1 11 49 36
split_gain=3.38106 5.55687 4.93337 4.85872 8.46325 4.20038 4.08868 3.69465 5.28977 3.75665 3.67399 3.5119 3.45622 3.85591
threshold=0.58203239204367863 0.94137940364738359 0.1642537192785303 0.87523571315396642 0.81284956873344727 5.3327170978393275 1.5163035870772088 0.56306074544764806 0.34166666666666673 0.99056603773584917 0.87409401350310023 0.14472683060034899 0.88907562519182193 12.223001467540156
decision_type=2 2 2 2 2 2 2 2 2 2 2 2 2 2
left_child=2 3 7 4 6 -3 10 8 -1 -9 -2 -5 13 -4
right_child=1 5 12 11 -6 -7 -8 9 -10 -11 -12 -13 -14 -15
leaf_value=0.00026908071034106748 -0.0004768177037688012 0.010188720954388554 -1.8244937758401246e-05 2.7426787651028684e-05 -3.4397754088995033e-05 -5.6363557543255422e-05 -0.0023979613343725692 8.8765376996271516e-05 -0.00036477702760888241 4.7083883244658504e-06 -3.0225865612183433e-05 -4.048337435103466e-05 0.0020307108481719639 4.9371461293299388e-05
leaf_weight=21 21 29 608 47 40 27 23 19 14.999999999999998 21 235 14.999999999999998 38 51
leaf_count=21 21 29 608 47 40 27 23 19 15 21 235 15 38 51
internal_value=-0.00138728 -0.00349315 -0.000193798 -0.00479058 -0.00628125 0.00526316 -0.00439286 0.00701299 0 0.0131707 -0.00326848 0.00285714 -0.000988539 -0.0015
internal_weight=1210 437 773 381 319 56 279 76 36 40 256 62 697 659
internal_count=1210 437 773 381 319 56 279 76 36 40 256 62 697 659
is_linear=0
shrinkage=0.03


Tree=324
num_leaves=15
num_cat=0
split_feature=17 10 39 22 13 10 22 39 44 38 42 14 22 10
split_gain=6.95995 6.28772 5.36757 4.79875 4.25347 3.06267 9.64306 7.73939 5.215 5.77701 3.60048 4.09704 3.53867 4.81046
threshold=43.16279062004029 0.028697684114708046 198.89453125000003 13.675376409990834 0.25578224542323252 0.057546354268804584 8.1909113387530521 1.9922475961538464 1.0602869656029252 0.043259099616858247 10.157174693333596 0.73732974342730451 7.8237666532490957 0.53077651515151525
decision_type=2 2 2 2 2 2 2 2 2 2 2 2 2 2
left_child=3 4 -3 5 -2 6 7 -1 9 -7 11 -11 -13 -14
right_child=1 2 -4 -5 -6 8 -8 -9 -10 10 -12 12 13 -15
leaf_value=-0.00019862738831620706 -0.00091815262618520242 -0.00055875583694600325 0.0001035876176612116 0.0010265688387653782 0.0004135944374322137 0.00041044986135873094 -0.0012962514193175889 0.0010920344358781818 -0.00071442002188431815 2.375610725768862e-06 0.0023172110888259835 -0.00098424368136210355 0.0020110451857665093 -0.00065359061227814876
leaf_weight=44 31 40 15.999999999999998 20 17 22 56 21 35 821 31 26 15.999999999999998 17
leaf_count=44 31 40 16 20 17 22 56 21 35 821 31 26 16 17
internal_value=-0.000617792 -0.008 -0.0147368 8.10811e-05 0 -0.000192661 -0.00467213 0.00318182 0.000371517 0.000802998 0.000427632 6.81044e-05 -0.0075 -0.000882353
internal_weight=1213 104 56 1109 48 1089 121 65 968 933 911 880 59 33
internal_count=1213 104 56 1109 48 1089 121 65 968 933 911 880 59 33
is_linear=0
shrinkage=0.03


Tree=325
num_leaves=15
num_cat=0
split_feature=21 23 7 24 24 14 34 8 3 10 37 24 20 30
split_gain=4.30964 3.52431 9.63658 6.70487 6.79795 6.55213 6.65383 5.46315 7.8741 5.42683 6.14614 4.30033 4.12958 3.98262
threshold=1.9749794668583487 6.463367207380915 3.6546309414379663 0.79980506822612096 0.88528180843977189 0.38398462825984686 12.597744241103118 2.8041388971847883 4.050969854081905 0.059436365003828907 2.8078730004965382 0.99955893150725361 2.4039771188978785 0.94044811320754729
decision_type=2 2 2 2 2 2 2 2 2 2 2 2 2 2
left_child=-1 2 3 -2 -5 6 7 8 12 10 -3 -11 -6 -7
right_child=1 9 -4 4 5 13 -8 -9 -10 11 -12 -13 -14 -15
leaf_value=-5.6068564517957051e-05 -0.00094421242113210677 -0.0035814950356274486 0.002563413735073009 0.0020658212775370097 7.3814168583750118e-05 -4.1375602111435312e-05 6.6548596798109982e-05 0.00048982184784573393 -0.00034372985518864887 3.611890340452506e-06 -1.7909244922198474e-06 -0.00043636030749820252 -0.00020682227812365172 -0.00034030690572170918
leaf_weight=390 23 35 23 15.999999999999998 33 76 28 21 14.999999999999998 467 43 19 19 15.999999999999998
leaf_count=390 23 35 23 16 33 76 28 21 15 467 43 19 19 16
internal_value=-0.000930612 0.000287425 0.00309963 0.00133065 0.00293333 0.00143541 0.00615385 0.00202247 -0.00220588 -0.00106195 -0.00835443 0.000123203 0.00339623 -0.00451613
internal_weight=1224 834 270 247 224 208 116 88 67 564 78 486 52 92
internal_count=1224 834 270 247 224 208 116 88 67 564 78 486 52 92
is_linear=0
shrinkage=0.03


Tree=326
num_leaves=15
num_cat=0
split_feature=33 23 7 34 21 1 22 34 34 14 31 13 22 30
split_gain=6.32751 8.58515 9.34217 8.03486 7.04619 9.50408 6.68335 6.3168 5.66937 5.40844 5.03831 4.94361 4.69118 5.22243
threshold=6.9303719320380699 6.670481565136904 3.9930020505769641 10.677025189225075 2.206993382023017 1.6433404846774653 9.7337294191021542 11.098837926051877 6.6436648569727685 0.28535132481749564 8.5000000000000018 0.58230427357854608 11.62928885108929 0.12183055040197899
decision_type=2 2 2 2 2 2 2 2 2 2 2 2 2 2
left_child=1 2 7 10 -5 -6 -3 8 -1 -8 12 -7 -2 -14
right_child=3 6 -4 4 5 11 9 -9 -10 -11 -12 -13 13 -15
leaf_value=-3.3642971275766318e-05 3.6963634581612665e-05 -0.0058560688077665089 0.0024029037683002347 -2.6696155419277945e-05 5.6396861517256087e-05 -1.6240692563281867e-05 -0.0012066006067073887 -0.00026328586294105199 8.4315046526951164e-05 -0.00011311346390407817 0.0013632172776035989 9.8750284033261027e-06 0.00023764278270587246 -0.00070294799830747043
leaf_weight=488 127 14.999999999999998 15.999999999999998 43 65 206 29 26 42 54 18 52 16.000000000000004 14.999999999999998
leaf_count=488 127 15 16 43 65 206 29 26 42 54 18 52 16 15
internal_value=-0.000197857 -0.00214605 -0.000732984 0.00220994 -0.000326975 0.0012037 -0.010303 -0.00140036 -0.000677966 -0.00678571 0.00745763 -0.00138996 0.00566038 -0.0046875
internal_weight=1212 670 572 542 366 323 98 556 530 83 176 258 158 31
internal_count=1212 670 572 542 366 323 98 556 530 83 176 258 158 31
is_linear=0
shrinkage=0.03


Tree=327
num_leaves=15
num_cat=0
split_feature=8 51 19 42 22 10 23 12 36 42 22 12 19 10
split_gain=6.674 7.22628 5.79895 8.85536 8.0699 6.1654 5.01826 5.23558 4.12747 4.20194 3.83193 3.40285 3.35774 3.82408
threshold=2.9035986688544164 5.9233128368676358 0.28678517883915189 7.8301465850147078 9.0105853565586589 0.090706084205960422 8.2306925101894262 0.50830397669992533 1.5049378168560803 10.238386543929932 12.4515162053294 0.42486220104699252 0.053824783467783875 0.26612608817747829
decision_type=2 2 2 2 2 2 2 2 2 2 2 2 2 2
left_child=1 8 4 -4 -2 6 11 10 -1 12 -8 -6 -10 -14
right_child=2 -3 3 -5 5 -7 7 -9 9 -11 -12 -13 13 -15
leaf_value=-0.00012080224097686941 -0.0028616271380704976 -0.0021217248849803336 0.002138859776662989 -0.00040841459991661997 -0.0001918628854722204 0.0011055314692864249 -0.0025735744747098972 -0.003235367978828277 4.6355995888098244e-05 -0.00027930878680741287 0.0010213834774684604 0.0006996543589272413 -0.00013504541746035435 -1.6796995602419428e-06
leaf_weight=23 15.999999999999998 15.999999999999998 19 14.999999999999998 17 44 20 14.999999999999998 132 28 15.999999999999998 19 165 684
leaf_count=23 16 16 19 15 17 44 20 15 132 28 16 19 165 684
internal_value=-0.000853659 -0.00177312 0.00445055 0.0154286 0.00182432 0.00431818 -0.000340909 -0.00634615 -0.00145208 -0.00115842 0 0.00810811 -0.000824847 -0.00151765
internal_weight=1229 1048 181 34 147 131 87 51 1032 1009 36 36 981 849
internal_count=1229 1048 181 34 147 131 87 51 1032 1009 36 36 981 849
is_linear=0
shrinkage=0.03


Tree=328
num_leaves=15
num_cat=0
split_feature=19 19 23 18 39 8 23 42 5 25 34 41 28 10
split_gain=5.84831 8.85552 5.42804 4.95862 4.73255 3.80357 4.40119 4.22103 3.71693 8.01728 6.52641 5.89598 4.6481 6.21361
threshold=0.04488519124873893 0.053824783467783875 5.7824595598634216 1.8194940796718411 2.9921875000000004 2.9433722297500022 8.4518126244740639 7.811915639724341 3.1271017750195109 13.000000000000002 0.30763505159841553 8.6182729434998393 23.500000000000004 0.6959718534628857
decision_type=2 2 2 2 2 2 2 2 2 2 2 2 2 2
left_child=2 -2 4 8 -1 -4 7 -7 9 -3 -10 -11 13 -12
right_child=1 3 5 -5 -6 6 -8 -9 10 11 12 -13 -14 -15
leaf_value=-3.8983091463278272e-05 0.0011693536805835114 4.2601224970351125e-07 -0.0024168058247285716 0.00039924479808391779 0.00034251766993335914 -0.00057688780796334217 -0.001344342387733377 0.0021575635389519455 0.004100421504108759 -0.00034146505236981757 4.6060825392491012e-07 0.00011240183278180659 -7.6508381423273648e-06 3.6955429009525863e-05
leaf_weight=77 23 362 53 23 26 15.999999999999998 28 15.999999999999998 24 86 197 15.999999999999998 128 89
leaf_count=77 23 362 53 23 26 16 28 16 24 86 197 16 128 89
internal_value=-0.000257511 0.000758693 -0.00470046 0.000291577 0.000288462 -0.00921053 -0.00393443 0.00363636 -6.64452e-05 -0.00193548 0.00191344 -0.00932039 0.00101205 0.00313589
internal_weight=1164 948 216 925 103 113 60 32 902 464 438 102 414 286
internal_count=1164 948 216 925 103 113 60 32 902 464 438 102 414 286
is_linear=0
shrinkage=0.03


Tree=329
num_leaves=15
num_cat=0
split_feature=33 41 36 12 24 12 19 38 36 24 1 14 12 39
split_gain=6.32618 10.2035 6.84791 8.82378 8.36267 6.56667 8.20253 6.44909 5.40084 6.43978 5.24936 6.88584 5.13717 4.17964
threshold=6.9303719320380699 7.1344629766724639 3.2857822155436245 0.64119671030547176 0.9874351261296902 0.16428407513869481 0.55777777777777793 0.22533936651583714 4.5205065469975949 0.99004314855272613 1.6626551858555307 0.38539985206248306 0.6488981879606881 1.9843134842519687
decision_type=2 2 2 2 2 2 2 2 2 2 2 2 2 2
left_child=2 10 13 4 5 6 -4 -6 9 -5 -2 -12 -3 -1
right_child=1 12 3 8 7 -7 -8 -9 -10 -11 11 -13 -14 -15
leaf_value=4.7654689018316043e-05 0.00027959633388833312 -1.6198712881054787e-07 -0.0009889220203926788 0.010336879329191357 0.0012767604688733974 -0.001468788587277819 4.7418096794823031e-05 -0.00084674516905100744 0.0016156166254339688 -0.002817491917447732 -1.7411843740254282e-05 5.5265392918765199e-05 0.0021033912231677465 -4.0380542420255796e-05
leaf_weight=141 38 456 17 20 28 152 38 36 25 33 23 17 18 170
leaf_count=141 38 456 17 20 28 152 38 36 25 33 23 17 18 170
internal_value=-0.000197857 0.00216998 -0.00217852 -0.00505714 -0.00761029 -0.0105288 -0.00160714 0.00184615 0.00379747 -0.00166667 0.0121519 0.00439024 0.000505263 0.00105769
internal_weight=1212 552 660 349 271 207 55 64 78 53 78 40 474 311
internal_count=1212 552 660 349 271 207 55 64 78 53 78 40 474 311
is_linear=0
shrinkage=0.03


Tree=330
num_leaves=15
num_cat=0
split_feature=7 36 33 28 42 23 42 39 0 22 0 8 8 22
split_gain=4.67843 7.19215 3.90519 8.13555 4.60512 4.54476 4.42975 5.1517 4.49364 4.89908 8.38958 12.672 9.32125 6.82595
threshold=2.6660474642230403 2.2659182120664325 8.0576215644080111 24.500000000000004 10.23160014033569 7.27746017212678 8.6889498293263916 5.1134920634920649 7.5000000000000009 8.6322942676025374 5.0000000000000009 1.5118319590988969 1.2898917983084053 6.4004695900463355
decision_type=2 2 2 2 2 2 2 2 2 2 2 2 2 2
left_child=1 -1 3 4 6 -4 8 -8 9 10 12 -12 -3 -14
right_child=-2 2 5 -5 -6 -7 7 -9 -10 -11 11 -13 13 -15
leaf_value=1.8848686815437497e-05 6.7908785757669896e-06 0.00033419505315282092 0.001519689917893734 -0.00072945966004813487 -0.00030303158194643461 -3.4815788223143681e-05 0.0060736890590041073 -0.00078639093679230994 -0.00086772863805987589 -0.0015902012895836401 -0.00050264667440528697 0.0037902991380309521 -0.0012408819986726022 -0.00014012597553060834
leaf_weight=156 690 28 17 18 14.999999999999998 24 21 15.999999999999998 37 37 25 32 36 43
leaf_count=156 690 28 17 18 15 24 21 16 37 37 25 32 36 43
internal_value=-0.000476589 -0.00266798 -0.00505714 -0.00621359 -0.00494845 0.00357143 -0.00402174 0.00552632 -0.00552301 -0.00371287 -0.00145455 0.00775862 -0.00638889 -0.011625
internal_weight=1195 505 349 308 290 41 275 37 238 201 164 57 107 79
internal_count=1195 505 349 308 290 41 275 37 238 201 164 57 107 79
is_linear=0
shrinkage=0.03


Tree=331
num_leaves=15
num_cat=0
split_feature=42 22 37 42 22 20 42 9 34 13 42 51 34 43
split_gain=8.47099 6.04765 5.34252 6.92238 9.11947 9.24081 8.03683 7.87797 6.83151 6.15754 5.98618 7.63653 8.66735 5.76228
threshold=10.570264180020482 13.675376409990834 1.8481781943666664 6.9027814505613252 9.3368269297085167 2.4584900236601919 7.5274397748180384 0.51650512972171891 12.251384920446444 0.58062453867833386 8.325929996875141 5.5470389732041392 14.880455851620843 1.5249964284600714
decision_type=2 2 2 2 2 2 2 2 2 2 2 2 2 2
left_child=1 2 8 -4 5 -5 -6 13 -1 -7 -9 -12 -13 -8
right_child=-2 -3 3 4 6 9 7 10 -10 -11 11 12 -14 -15
leaf_value=6.3851367662381973e-06 -0.0018408892650165309 0.00097571257339937204 0.0005342917269046027 -9.3424547144004412e-05 0.0011256814537920778 -0.00072650804440575311 -0.0046939247157096776 0.00018351698426800179 5.1565671747804129e-05 0.00014583751522941556 1.9160287731022628e-05 -0.0015274403889589349 -1.8256496441670932e-06 0.00040744568841691737
leaf_weight=477 15.999999999999998 27 55 170 29 15.999999999999998 45 30 49 54 146 19 47 20
leaf_count=477 16 27 55 170 29 16 45 30 49 54 146 19 47 20
internal_value=-0.000149875 0.000151899 -0.000181347 -0.00204114 -0.0030156 -0.00746888 0.000178042 -0.00126623 0.00204934 0.00169014 0.00123457 -0.00056338 -0.00895522 -0.0104545
internal_weight=1200 1184 1157 631 576 240 336 307 526 70 242 212 66 65
internal_count=1200 1184 1157 631 576 240 336 307 526 70 242 212 66 65
is_linear=0
shrinkage=0.03


Tree=332
num_leaves=15
num_cat=0
split_feature=3 5 17 41 37 5 17 34 24 8 23 21 31 23
split_gain=4.89129 6.11026 3.8535 4.25866 4.84672 8.50206 5.99989 4.65912 4.91469 4.47478 6.3554 8.21411 5.71105 5.36275
threshold=5.6069853664873577 5.2352904548328292 85.831387798223076 10.123422920806428 1.8481781943666664 3.289475047385559 84.037702534029322 11.098837926051877 0.90257083348304501 2.0968961151398995 6.813725536336352 2.2831979052176901 20.500000000000004 6.2658195664262859
decision_type=2 2 2 2 2 2 2 2 2 2 2 2 2 2
left_child=2 -2 3 4 5 7 9 8 -1 12 11 -11 -6 -13
right_child=1 -3 -4 -5 6 -7 -8 -9 -10 10 -12 13 -14 -15
leaf_value=4.8182247565886628e-06 0.004917933600401425 0.00011255696441844654 -0.0011119223554729063 3.9752390848886155e-05 -0.00013842225254005467 9.0908053552847247e-05 0.001296743749279684 -3.766943479253548e-05 6.7238250479397378e-05 -2.2197319708601726e-05 -1.7851148349016244e-05 0.00010963996624726045 -0.00044665541274283986 0.00013581774910106342
leaf_weight=362 15.999999999999998 48 18 62 112 53 20 28 70 104 198 38 18 50
leaf_count=362 16 48 18 62 112 53 20 28 70 104 198 38 18 50
internal_value=0.00122705 0.00923077 0.000767196 0.000994624 0.000540797 0.00262646 -0.00144177 0.00130152 0.00207852 -0.00207294 -0.000460358 0.00341969 -0.00687023 0.0101124
internal_weight=1197 64 1133 1115 1053 513 540 460 432 520 390 192 130 88
internal_count=1197 64 1133 1115 1053 513 540 460 432 520 390 192 130 88
is_linear=0
shrinkage=0.03


Tree=333
num_leaves=15
num_cat=0
split_feature=10 11 21 5 9 33 40 16 7 24 5 31 9 31
split_gain=5.84061 9.88898 6.32647 8.98008 5.57945 9.9535 5.42266 4.16929 3.90608 3.58393 3.06255 3.38473 12.4536 4.32515
threshold=0.90545808966861607 0.0062563126511138781 4.2516912775733315 4.8143539553493229 1.5163035870772088 8.9495618237251353 1.6674278448086459 0.33200231399827868 2.7105402420535465 0.99927648342749908 4.302119754761466 7.5000000000000009 1.2843829923443819 3.5000000000000004
decision_type=2 2 2 2 2 2 2 2 2 2 2 2 2 2
left_child=1 -1 4 -4 7 8 -5 10 -6 -8 11 13 -13 -3
right_child=-2 2 3 6 5 -7 9 -9 -10 -11 -12 12 -14 -15
leaf_value=-0.0012065111413812979 0.002418972357483644 2.4322521012254406e-06 0.0031345648436886097 0.00081233126811847351 -0.00031331061316758639 2.9998116986977851e-05 -0.001958638412550302 -0.00018224019279659885 -0.00013030110702389353 0.0010174363775277407 -0.00039248938130647223 6.6358746095601103e-05 2.9081015536286392e-06 -3.2687076476193285e-05
leaf_weight=27 21 491 14.999999999999998 28 48 39 19 29 28 14.999999999999998 22 42 273 61
leaf_count=27 21 491 15 28 48 39 19 29 28 15 22 42 273 61
internal_value=-0.000310613 -0.000606327 -0.000162016 0.00807692 -0.000783366 -0.00698276 0.00285714 0 -0.0132468 -0.00514286 0.000370787 0.000656682 0.00313291 -0.000759494
internal_weight=1158 1137 1110 77 1033 115 62 918 76 34 889 867 315 552
internal_count=1158 1137 1110 77 1033 115 62 918 76 34 889 867 315 552
is_linear=0
shrinkage=0.03


Tree=334
num_leaves=15
num_cat=0
split_feature=50 41 39 12 42 24 24 10 10 42 25 24 35 34
split_gain=2.18883 2.47892 4.2309 4.88912 4.84161 3.33145 6.15474 11.9112 4.99065 4.25874 6.2364 3.93977 5.10627 3.53274
threshold=6.4714858376306079 3.6609103698937697 1.8660714285714288 0.30151515151515157 5.1369721306921825 0.67906801233099257 0.79980506822612096 0.69578640030695593 0.43303571428571436 6.9027814505613252 11.500000000000002 0.58181160345634886 0.054866107922135095 0.80965946898086194
decision_type=2 2 2 2 2 2 2 2 2 2 2 2 2 2
left_child=1 -1 3 -3 -4 8 7 -7 13 -8 -11 12 -10 -6
right_child=-2 2 4 -5 5 6 9 -9 11 10 -12 -13 -14 -15
leaf_value=-0.0001513537369748069 0.0010509459714797532 1.6683957963353756e-05 -8.5937990600715159e-05 0.00027126138887250019 8.5653843065753847e-05 -0.00022581958465215461 9.1479539067015333e-05 3.7611171386009445e-05 0.00018155591424804746 -0.00042406886499921634 -1.4030905627390733e-06 0.00027872446037940425 -1.1849271284949391e-05 -0.00054385367474089061
leaf_weight=24 15.999999999999998 36 14.999999999999998 28 72 55 72 23 42 20 668 23 29 75
leaf_count=24 16 36 15 28 72 55 72 23 42 20 668 23 29 75
internal_value=-0.000100083 -0.000253593 -5.17688e-05 0.00738462 -0.000493151 -0.00025 -0.00114422 -0.00911392 0.00285124 -0.000315375 -0.00104499 0.00821053 0.00458333 -0.000608108
internal_weight=1198 1182 1158 64 1094 1079 838 78 241 760 688 94 71 147
internal_count=1198 1182 1158 64 1094 1079 838 78 241 760 688 94 71 147
is_linear=0
shrinkage=0.03


Tree=335
num_leaves=15
num_cat=0
split_feature=37 0 9 49 37 12 22 42 17 8 42 4 8 13
split_gain=5.3553 4.6046 5.28938 4.52673 4.66597 3.90135 2.81722 4.07888 3.92063 2.91894 5.66478 5.57856 5.70967 5.27523
threshold=0.87409401350310023 5.0000000000000009 0.39031129321797647 2.3119036551835941 1.0206963425791129 0.16390473405384012 13.540629337135702 10.393549341466228 42.937485085871302 1.5680430486920489 7.1344629766724639 4.1243469996111468 1.8095466653133714 0.72508214676889382
decision_type=2 2 2 2 2 2 2 2 2 2 2 2 2 2
left_child=1 -1 -3 4 -2 -6 7 9 -8 -7 11 12 -11 -12
right_child=3 2 -4 -5 5 6 8 -9 -10 10 13 -13 -14 -15
leaf_value=2.2903145036161643e-05 5.707241638801652e-05 1.1430064233021384e-05 -0.00092770372953844711 0.0059600713107250281 5.489777270449046e-05 -5.9413579905699397e-05 0.0030405699910948411 -0.00022678195157868953 -0.00011102912407625175 0.0023766692964356934 -8.871000542146623e-06 0.00069763379160546089 3.323774043269001e-06 0.0019644154070185172
leaf_weight=28 26 15.999999999999998 25 18 72 144 17 19 17 18 500 23 169 86
leaf_count=28 26 16 25 18 72 144 17 19 17 18 500 23 169 86
internal_value=0.000763359 -0.00728571 -0.0135714 0.00127027 0.00101648 0.000703565 0.000211268 -9.375e-05 0.00857143 0.000191286 0.000903388 0.00511848 0.00335106 -0.000613288
internal_weight=1178 69 41 1109 1091 1065 993 959 34 940 796 210 187 586
internal_count=1178 69 41 1109 1091 1065 993 959 34 940 796 210 187 586
is_linear=0
shrinkage=0.03


Tree=336
num_leaves=15
num_cat=0
split_feature=5 7 3 51 51 41 9 14 22 7 4 39 11 4
split_gain=4.57068 4.99182 8.49058 4.8751 3.62427 3.01839 3.17859 5.09613 3.70096 3.35054 8.76588 7.60955 5.58391 4.58132
threshold=5.770135765878849 5.7310370602822198 5.6069853664873577 6.6205135149915657 6.1526941212119706 10.157174693333596 1.5107578708023099 0.39981645549779776 12.032130356933665 1.6333509834420441 2.4090865443215725 1.916521739130435 0.26507849978678932 1.7283348147118789
decision_type=2 2 2 2 2 2 2 2 2 2 2 2 2 2
left_child=1 2 3 4 5 6 9 8 -8 11 13 -1 -12 -11
right_child=-2 -3 -4 -5 -6 -7 7 -9 -10 10 12 -13 -14 -15
leaf_value=5.7429543519427194e-05 0.0047577045959239818 -0.00097253339631947261 0.0025477161300840657 -0.001053811835186773 0.0009659961704086761 0.00052556222505105053 -0.00013127130958367483 1.5255599145147514e-06 7.6345524911327622e-05 1.1223516994195437e-05 -7.1229531072164452e-07 -0.00012857208420197664 -0.001527616236692476 0.00039922042783390507
leaf_weight=85 17 14.999999999999998 30 14.999999999999998 35 17 49 75 14.999999999999998 71 520 108 19 91
leaf_count=85 17 15 30 15 35 17 49 75 15 71 520 108 19 91
internal_value=0 -0.000235602 0 -0.000435967 -0.00019337 -0.000513796 -0.000725338 -0.00492857 -0.0110769 -6.70391e-05 0.000897436 -0.0035567 -0.000944444 0.00699387
internal_weight=1162 1145 1130 1100 1085 1050 1033 139 64 894 701 193 539 162
internal_count=1162 1145 1130 1100 1085 1050 1033 139 64 894 701 193 539 162
is_linear=0
shrinkage=0.03


Tree=337
num_leaves=15
num_cat=0
split_feature=51 1 37 33 33 11 42 22 20 24 10 24 14 24
split_gain=6.90093 7.59626 7.1079 5.64127 4.74856 4.06027 6.58276 3.36628 8.65205 7.1592 5.48897 5.06541 10.6034 9.22578
threshold=5.4029153348032048 1.6433404846774653 1.8721464915613384 6.9303719320380699 8.0033745492250272 0.30420275419155102 10.199129736871194 9.6995044364127363 2.3452840864979656 0.98513314202152891 0.69578640030695593 0.90257083348304501 0.54646249379948941 0.67906801233099257
decision_type=2 2 2 2 2 2 2 2 2 2 2 2 2 2
left_child=5 3 -3 -2 -5 6 7 8 11 10 -9 13 -13 -1
right_child=1 2 -4 4 -6 -7 -8 9 -10 -11 -12 12 -14 -15
leaf_value=-2.4156186564439072e-06 -2.2865108960357232e-05 -0.00012820460588887917 1.0209265390694887e-05 0.00028183713049779232 3.8549041748368041e-05 0.00012179062899660863 -0.0010850411399344212 -2.4580980117505644e-05 -0.00015121063330333416 0.0014129156309136753 0.00041841468254482983 7.1545967281324286e-05 -0.00026380015946505408 -5.4213954689326106e-05
leaf_weight=287 34 29 333 17 55 20 30 84 76 15.999999999999998 27 81 39 79
leaf_count=287 34 29 333 17 55 20 30 84 76 16 27 81 39 79
internal_value=0.00022351 0.00307036 0.000991736 0.0100935 0.0147945 -0.00158108 -0.00195833 -0.00134783 -0.00234458 0.00304688 0.000267857 -0.000862423 0.00446281 -0.0026158
internal_weight=1207 468 362 106 72 739 719 689 562 127 111 486 120 366
internal_count=1207 468 362 106 72 739 719 689 562 127 111 486 120 366
is_linear=0
shrinkage=0.03


Tree=338
num_leaves=15
num_cat=0
split_feature=14 14 51 24 33 17 42 51 42 24 29 17 4 8
split_gain=5.56364 6.32896 5.96024 5.22787 7.7129 7.16797 6.41231 5.01477 4.59348 8.59619 8.07132 7.97443 5.88859 4.3107
threshold=0.38323098568590985 0.38020464632343637 5.4484875715496441 0.96319053287652678 7.0644836916530034 6.9221059113300498 10.157174693333596 5.5861094200069186 7.559964235332135 0.91960207633078273 0.187061095505618 11.235470758413596 1.1300356939925376 4.6271112535274286
decision_type=2 2 2 2 2 2 2 2 2 2 2 2 2 2
left_child=1 8 -3 6 5 -5 -2 -6 9 10 -1 -11 -12 -13
right_child=3 2 -4 4 7 -7 -8 -9 -10 11 12 13 -14 -15
leaf_value=0.00013985597379122028 -5.7208533830843676e-06 3.6664807429023225e-05 -3.6442210896403535e-06 -0.0003039551167985685 -0.00040323203112664792 -0.001156041128008085 0.017846448829957957 0.00011852241861099788 -4.755865957417282e-05 0.00096479715590752407 -4.2449565974622682e-06 -4.3399164606185421e-05 -0.0014729462844107826 0.0017330528998776139
leaf_weight=44 455 83 31 38 20 71 15.999999999999998 31 227 33 39 42 28 14.999999999999998
leaf_count=44 455 83 31 38 20 71 16 31 227 33 39 42 28 15
internal_value=-0.000127768 0.00209945 0.00834783 -0.00204114 -0.00670807 -0.0111818 -0.000444915 0.00288462 0.00041958 0.00371287 -0.001875 0.0105495 -0.00838235 0.00362069
internal_weight=1173 542 114 631 160 109 471 51 428 201 111 90 67 57
internal_count=1173 542 114 631 160 109 471 51 428 201 111 90 67 57
is_linear=0
shrinkage=0.03


Tree=339
num_leaves=15
num_cat=0
split_feature=36 34 22 13 11 10 11 29 17 0 23 0 43 43
split_gain=4.92758 4.79771 4.8852 4.45395 4.3156 12.7735 5.94944 6.06481 6.89156 6.11119 7.64117 8.67999 15.5755 15.0131
threshold=7.0438221371444127 7.4104166666666673 11.898166152677868 0.58293061793853307 0.26507849978678932 0.42742673992673996 0.23634063426782528 0.187061095505618 2.7879215712957297 7.5000000000000009 6.813725536336352 5.0000000000000009 1.2172844520170996 0.92866624821563437
decision_type=2 2 2 2 2 2 2 2 2 2 2 2 2 2
left_child=4 2 -2 -3 6 -6 7 8 -1 10 11 13 -13 -9
right_child=1 3 -4 -5 5 -7 -8 9 -10 -11 -12 12 -14 -15
leaf_value=0.00076597760105102822 0.00018075200159003879 -4.4020485864493251e-07 -0.001716897852505786 0.00012581873944461419 7.403465487266169e-05 -0.0019165756396816718 0.00039592125082874908 0.00014832386556620059 -1.7730720675432909e-05 -0.0011614165534835584 -0.0054746585194400243 -0.00021237812712343929 0.004733051046060803 -0.0010424592704053963
leaf_weight=65 87 469 18 25 40 48 35 54 211 40 23 24 24 38
leaf_count=65 87 469 18 25 40 48 35 54 211 40 23 24 24 38
internal_value=-7.48752e-05 0.00185 0.00764151 0.000606061 -0.00199005 -0.00808989 -0.000932039 -0.0018125 0.00108303 -0.00573529 -0.00310976 -0.000425532 0.00979592 -0.00580645
internal_weight=1201 599 105 494 602 88 514 479 276 203 163 140 48 92
internal_count=1201 599 105 494 602 88 514 479 276 203 163 140 48 92
is_linear=0
shrinkage=0.03


Tree=340
num_leaves=15
num_cat=0
split_feature=9 22 24 43 37 12 34 29 11 24 24 4 22 24
split_gain=7.83691 6.88403 7.70833 3.41298 7.28985 3.77648 3.3475 6.59217 3.58946 4.24543 3.43906 5.12484 6.44381 5.94847
threshold=0.51650512972171891 12.273126246639583 0.99845729763608093 2.1088998399735588 3.2828874396997101 0.42713246372475322 15.631601776859341 12.255102040816327 0.14599628530616579 0.87272727272727291 0.67906801233099257 1.7027585534881882 7.8684859353810728 0.75866917026325142
decision_type=2 2 2 2 2 2 2 2 2 2 2 2 2 2
left_child=-1 3 -3 4 6 -5 7 10 9 -8 -2 12 -12 -13
right_child=1 2 -4 5 -6 -7 8 -9 -10 -11 11 13 -14 -15
leaf_value=-0.00013082888506361356 3.800268916866689e-05 0.0060956695714224681 -0.0013191736495358785 -0.0020273814797089119 0.0016595248215701764 4.1579252035406354e-06 2.973440122007398e-05 1.624356600734289e-05 -0.00025241514291024058 -1.1656347016975044e-05 -0.00047412529188586193 -3.7574721881309947e-05 7.1500223732430114e-05 4.5387139392513707e-06
leaf_weight=322 155 32 14.999999999999998 28 21 27 28 47 21 100 29 21 20 318
leaf_count=322 155 32 15 28 21 27 28 47 21 100 29 21 20 318
internal_value=-0.000658228 0.000834299 0.011875 0.000183824 0.000709593 -0.00696429 0.000202703 0.00121827 -0.0038 -0.00186047 0.000275735 -0.00123393 -0.0102 8.82353e-05
internal_weight=1184 862 47 815 760 55 739 590 149 128 543 388 49 339
internal_count=1184 862 47 815 760 55 739 590 149 128 543 388 49 339
is_linear=0
shrinkage=0.03


Tree=341
num_leaves=15
num_cat=0
split_feature=43 51 14 10 18 42 14 22 24 12 29 22 42 31
split_gain=4.64461 5.10549 4.28578 6.12374 5.8878 5.76591 5.3063 5.39344 8.97233 5.67998 5.38123 5.32472 4.79564 7.00343
threshold=2.1088998399735588 4.1850146383483819 0.38323098568590985 0.04134007088465453 2.0170132618875556 10.157174693333596 0.38271523941972513 8.3679430951756366 0.96164560964666934 0.16390473405384012 0.187061095505618 8.8515255099839347 7.2038114190589599 13.500000000000002
decision_type=2 2 2 2 2 2 2 2 2 2 2 2 2 2
left_child=2 -2 4 -4 6 -5 7 8 10 -9 -1 -11 -13 -14
right_child=1 -3 3 5 -6 -7 -8 9 -10 11 -12 12 13 -15
leaf_value=6.883753972933282e-05 -0.001139522525241275 -0.00044209250048341919 -0.0029888153156348344 -5.4101606642753542e-06 0.00097549093696179588 0.0099125223479626639 3.2429118340111525e-05 0.00027567982988046966 0.00066479993972782896 -3.6447480224870434e-05 -3.8235277551740274e-05 0.00085281489172714267 -5.8028042347757488e-06 -0.00030901620307299257
leaf_weight=51 15.999999999999998 92 20 570 21 23 33 21 30 21 117 20 139 26
leaf_count=51 16 92 20 570 21 23 33 21 30 21 117 20 139 26
internal_value=-0.000149875 -0.00605505 0.000439158 -0.0012215 0.0025625 -0.000656566 0.00183007 0.000915493 0.00452261 -0.00223684 0.00177515 -0.00376812 -0.00209677 -0.00379518
internal_weight=1200 108 1092 613 479 593 458 425 198 227 168 206 185 165
internal_count=1200 108 1092 613 479 593 458 425 198 227 168 206 185 165
is_linear=0
shrinkage=0.03


Tree=342
num_leaves=15
num_cat=0
split_feature=9 34 9 42 22 22 10 13 25 31 35 12 42 22
split_gain=3.30493 4.42323 3.81111 3.3725 4.70677 5.10307 4.49913 3.20684 5.10698 5.63431 5.89737 5.27823 4.96457 6.50618
threshold=0.39031129321797647 0.78237729154346558 0.34265833843121413 9.9406718377401635 9.7239516957366341 8.1909113387530521 0.12665637897347246 0.58203239204367863 22.500000000000004 5.5000000000000009 0.87519714247944957 0.16441985701375211 6.8249966652667782 5.7438798855422206
decision_type=2 2 2 2 2 2 2 2 2 2 2 2 2 2
left_child=1 3 -3 4 5 6 -1 12 9 -9 -11 -10 13 -2
right_child=7 2 -4 -5 -6 -7 -8 8 11 10 -12 -13 -14 -15
leaf_value=0.00029192299863862401 4.4519408492644792e-05 -0.00043298301893334275 -0.0042106497659309561 -0.0010532430040288731 0.0019367625546922373 -0.00021029089524029931 -9.8602140347225919e-06 -7.1740371523421051e-05 5.3065011379560544e-05 -9.4058720456209393e-05 -3.4801214644373247e-05 -3.2088207194524985e-06 -3.0453466345145563e-06 0.0005407618944221717
leaf_weight=15.999999999999998 80 35 19 15.999999999999998 26 19 44 143 18 18 19 163 516 37
leaf_count=16 80 35 19 16 26 19 44 143 18 18 19 163 516 37
internal_value=-0.00115385 -0.00494318 -0.012 -0.00172131 0.000283019 -0.003375 0.000983607 -0.000482412 -0.00273481 -0.00629834 -0.0165789 0.000824176 0.000804416 0.00635593
internal_weight=1169 175 54 121 105 79 60 994 361 180 37 181 633 117
internal_count=1169 175 54 121 105 79 60 994 361 180 37 181 633 117
is_linear=0
shrinkage=0.03


Tree=343
num_leaves=15
num_cat=0
split_feature=10 22 22 29 11 11 23 23 13 12 0 22 35 29
split_gain=4.74735 4.15586 6.30056 4.9571 3.47623 4.95666 3.79925 3.28496 5.84864 5.54516 3.05853 3.03916 2.94378 4.28488
threshold=0.90244988901369283 13.835096062525601 12.960703094883728 4.1335958005249358 0.0099329983545196603 0.042624620462880465 0.8406206186877937 7.3712440363931711 0.65685499878963938 0.36772390939021887 5.0000000000000009 9.3889980277582659 0.94527920520726283 13.41346153846154
decision_type=2 2 2 2 2 2 2 2 2 2 2 2 2 2
left_child=1 2 4 -3 10 7 -7 8 11 -9 -1 -6 -8 -14
right_child=-2 3 -4 -5 5 6 12 9 -10 -11 -12 -13 13 -15
leaf_value=-0.0008699220587416401 0.0027669650701689541 0.0059257635917489846 -0.002904929438869283 -0.00016405480773533208 -5.8540534800995967e-05 -0.00010375000490990605 -4.355848263748463e-06 -0.0022504634717762277 0.002182589650007935 0.0010767535335562872 -7.8662589754677345e-05 0.0004156724968887687 8.717988788915082e-05 -0.00025970285992519187
leaf_weight=14.999999999999998 26 18 14.999999999999998 15.999999999999998 21 56 883 15.999999999999998 15.999999999999998 18 20 14.999999999999998 22 38
leaf_count=15 26 18 15 16 21 56 883 16 16 18 20 15 22 38
internal_value=-0.00132943 -0.00161538 -0.00192782 0.00857143 -0.00165923 -0.00135359 -0.00195 0.00551724 0.0101887 -0.00171429 -0.0108333 0.00324324 -0.00149364 -0.00786885
internal_weight=1195 1169 1135 34 1120 1085 999 86 52 34 35 36 943 60
internal_count=1195 1169 1135 34 1120 1085 999 86 52 34 35 36 943 60
is_linear=0
shrinkage=0.03


Tree=344
num_leaves=15
num_cat=0
split_feature=24 35 1 13 24 10 9 9 7 7 11 24 19 17
split_gain=4.2156 8.52375 5.35748 5.39537 10.412 4.80492 4.47334 7.56289 5.05627 5.03192 4.97835 5.78983 3.71961 4.04684
threshold=0.67906801233099257 0.50065704464983696 1.5501852725587817 0.12257261312590607 0.91443794486195895 0.10831524030720296 0.70166752027937196 0.40094054557675124 1.748118772583368 1.5049378168560803 0.15693448441884797 0.39393939393939398 0.5803225806451614 2.5492063492063495
decision_type=2 2 2 2 2 2 2 2 2 2 2 2 2 2
left_child=1 6 3 4 -2 -6 7 -1 9 -9 11 -8 13 -5
right_child=2 -3 -4 12 5 -7 10 8 -10 -11 -12 -13 -14 -15
leaf_value=-2.2268587961815632e-05 -8.936826913105627e-05 0.0001194283875194084 3.3563973248751377e-06 -7.5931654574464688e-05 4.3485038471948732e-05 0.0056689942011437199 -0.00043514610609901805 0.00027708177801547218 0.0026864151947538881 -0.00028550508534594621 0.0003240408354808117 -0.00092542847621780938 2.4691397467582198e-05 -4.3586290797518463e-05
leaf_weight=81 30 28 647 18 14.999999999999998 17 31 65 39 24 33 15.999999999999998 23 137
leaf_count=81 30 28 647 18 15 17 31 65 39 24 33 16 23 137
internal_value=0.000149378 0.00311321 -0.000912162 -0.00473029 0.00285714 0.0145455 0.00155172 0.00385714 0.00837209 0.00433333 -0.00444444 -0.010625 -0.0073743 -0.00903846
internal_weight=1204 317 887 240 62 32 289 209 128 89 80 47 178 155
internal_count=1204 317 887 240 62 32 289 209 128 89 80 47 178 155
is_linear=0
shrinkage=0.03


Tree=345
num_leaves=15
num_cat=0
split_feature=9 4 0 49 0 27 4 24 24 10 22 0 0 51
split_gain=5.42907 5.18654 4.58137 3.71319 9.24403 3.90853 2.94374 4.02448 8.10162 10.7703 6.37812 9.94118 4.59231 9.29987
threshold=0.3254756061025964 2.1685898127049179 5.0000000000000009 0.38907562519182187 5.0000000000000009 41.000000000000007 1.4392608977506034 0.68402619778236717 0.80025252525252533 0.69578640030695593 7.2526353626575633 7.5000000000000009 5.0000000000000009 3.5898821166413839
decision_type=2 2 2 2 2 2 2 2 2 2 2 2 2 2
left_child=1 2 -1 5 -5 6 -2 10 9 -9 11 12 13 -8
right_child=3 -3 -4 4 -6 -7 7 8 -10 -11 -12 -13 -14 -15
leaf_value=-0.00042219998288645419 -4.8591153180348454e-05 -0.00071833925228595268 0.00043351810385350851 0.0018974855141156355 -0.00030314372981548742 0.00053763755002444124 0.00056656196687371319 -0.00016547648576471284 -5.2862207090331736e-07 3.5831505743408872e-05 8.2855461449649059e-05 -0.00044540318309580385 0.0030680674533592567 -0.0015077109357961005
leaf_weight=15.999999999999998 133 25 23 26 34 23 14.999999999999998 52 663 23 90 28 34 17
leaf_count=16 133 25 23 26 34 23 15 52 663 23 90 28 34 17
internal_value=-0.000798005 -0.00923077 -0.00225 -0.000316067 0.00688525 -0.000722892 -0.000994318 -0.000390033 -0.00138024 -0.0106579 0.00356757 -0.00189474 0.00447761 -0.00363636
internal_weight=1202 64 39 1138 60 1078 1055 922 738 75 184 94 66 32
internal_count=1202 64 39 1138 60 1078 1055 922 738 75 184 94 66 32
is_linear=0
shrinkage=0.03


Tree=346
num_leaves=15
num_cat=0
split_feature=38 51 23 33 29 29 23 23 10 36 21 4 34 36
split_gain=5.3208 3.77566 8.93757 11.05 6.53507 10.4788 6.92257 5.71739 5.54009 4.79365 4.73523 6.77995 4.0809 4.2138
threshold=0.0097732843137254919 5.4029153348032048 6.4049696403721725 7.0644836916530034 11.022727272727275 11.586956521739131 7.6015758535146887 7.6765526113257794 0.65305816937553474 11.859382927076071 2.2640681881865725 4.1243469996111468 13.285439162469867 10.395172690043688
decision_type=2 2 2 2 2 2 2 2 2 2 2 2 2 2
left_child=-1 7 -3 -4 12 -6 -7 -2 -9 -10 -8 -12 13 -5
right_child=1 2 3 4 5 6 10 8 9 -11 11 -13 -14 -15
leaf_value=-0.00086898073016733132 -1.1013077432525664e-05 0.00027695181288610955 -8.226797681157236e-05 0.00010685054112715863 -0.00015336330345740111 3.8647474310573305e-05 -1.6307885508686225e-05 -0.00095360236513809089 7.5281769862540755e-05 -2.7573438826473672e-05 5.1051423416725858e-05 -6.458107831175397e-06 0.00018151686811341438 -5.9816082212327255e-05
leaf_weight=45 637 43 116 52 17 40 41 24 17 24 26 71 22 15.999999999999998
leaf_count=45 637 43 116 52 17 40 41 24 17 24 26 71 22 16
internal_value=-0.00108221 -0.000680035 0.00148315 7.46269e-05 0.00325175 0.000153061 0.00234637 -0.00204836 -0.0104545 -0.00357143 -0.000863309 0.0027551 0.00989011 0.00608696
internal_weight=1191 1146 444 401 285 195 178 702 65 41 138 97 90 68
internal_count=1191 1146 444 401 285 195 178 702 65 41 138 97 90 68
is_linear=0
shrinkage=0.03


Tree=347
num_leaves=15
num_cat=0
split_feature=16 38 24 20 22 3 5 22 8 24 22 51 33 24
split_gain=3.89271 5.21313 8.61974 4.13063 4.67461 4.60959 6.11478 5.38523 5.96791 5.1031 6.47073 5.096 4.47269 3.84641
threshold=0.25281393872043184 0.063751571009635535 0.85370688948963724 4.4236146691504468 12.960703094883728 4.6039026553030613 3.4278616160878772 8.5948701659186728 2.2659182120664325 0.97105512102376268 7.6052603798408658 5.5470389732041392 10.280837340614992 0.96000331049757126
decision_type=2 2 2 2 2 2 2 2 2 2 2 2 2 2
left_child=3 -2 -3 4 5 6 9 8 -8 13 -11 -9 -5 -1
right_child=1 2 -4 12 -6 -7 7 11 -10 10 -12 -13 -14 -15
leaf_value=-6.5914603730660157e-06 1.6226392347734319e-05 9.5621816212776428e-06 -0.00045436062607343101 0.00087558127491492498 -0.0027256261053524842 -0.00043044493798062518 1.2563007265811721e-05 0.00059912888782077804 0.0020949723082400607 -0.00072274183786015045 -9.7860350289593611e-05 -8.2276648617285444e-06 -0.00063238825598833644 2.695486176375411e-05
leaf_weight=694 40 17 39 56 18 23 21 28 15.999999999999998 30 49 74 22 46
leaf_count=694 40 17 39 56 18 23 21 28 16 30 49 74 22 46
internal_value=-0.0010477 -0.00680412 -0.0126316 -0.000528757 -0.00105 -0.000763747 -0.000437956 0.00535714 0.015 -0.00142683 -0.008625 0.00174757 0.00607595 -0.000647773
internal_weight=1173 96 56 1077 999 981 958 139 37 819 79 102 78 740
internal_count=1173 96 56 1077 999 981 958 139 37 819 79 102 78 740
is_linear=0
shrinkage=0.03


Tree=348
num_leaves=15
num_cat=0
split_feature=33 14 11 40 42 42 22 51 6 11 18 18 40 19
split_gain=4.04693 6.71511 5.40365 9.78143 4.37722 8.11044 5.39498 13.9099 8.35237 4.78403 4.48534 5.39659 4.19241 5.60897
threshold=6.5948008714737965 0.084006461280786579 0.28754050401478998 2.001902536782513 6.5151023538774284 8.3934495283363635 8.4011899779120007 5.0874535511725005 1.4842414742769676 0.12530831193327099 1.2428607132407901 1.6901056208558032 1.0206963425791129 0.10620647684418462
decision_type=2 2 2 2 2 2 2 2 2 2 2 2 2 2
left_child=1 12 3 4 9 6 7 8 -6 -3 -7 -12 13 -1
right_child=-2 2 -4 -5 5 10 -8 -9 -10 -11 11 -13 -14 -15
leaf_value=-0.0010557620575958847 9.2403453158884643e-06 0.0003041343077203684 0.00031426747135684767 -0.005151166974954104 -0.0003824624617069605 0.0016466543207416572 -0.0015349611053493239 0.001105380079860452 8.2209174116582018e-05 -2.0515475057434894e-05 -0.0011808986179974667 5.6822176750351835e-05 0.0002782633370331824 0.00029682919980120127
leaf_weight=15.999999999999998 602 49 36 28 93 28 60 18 18 106 14.999999999999998 39 34 70
leaf_count=16 602 49 36 28 93 28 60 18 18 106 15 39 34 70
internal_value=0.000346249 -0.0013748 -0.00293279 -0.00382418 -0.00266979 -0.00496324 -0.00836842 -0.00484615 -0.00883929 0.00134615 0.00289157 -0.00218182 0.00495868 0.00137931
internal_weight=1212 610 490 454 426 271 189 129 111 155 82 54 120 86
internal_count=1212 610 490 454 426 271 189 129 111 155 82 54 120 86
is_linear=0
shrinkage=0.03


Tree=349
num_leaves=15
num_cat=0
split_feature=21 42 6 1 8 22 4 24 9 17 22 8 8 19
split_gain=3.86225 6.1312 6.45393 6.16297 5.77381 5.13967 5.83705 4.59387 5.28701 3.65714 3.54223 6.18158 3.56932 3.22814
threshold=2.364465384035991 7.5274397748180384 1.4842414742769676 1.5965622991772308 2.5010571013014187 9.5394804728547111 5.5775715961799337 0.97578087412321801 1.5092284640063502 12.734266080229395 10.913463336230757 4.5162163890666358 2.7079955381163248 0.055130075370775598
decision_type=2 2 2 2 2 2 2 2 2 2 2 2 2 2
left_child=4 2 3 -2 13 -3 7 8 -7 -9 -11 12 -12 -1
right_child=1 5 -4 -5 -6 6 -8 9 -10 10 11 -13 -14 -15
leaf_value=2.6395984380287174e-05 5.8929196932890891e-05 -0.00012421369927809956 -0.00089549416289862237 0.0003176701927048242 -0.00048777380360155107 0.00011820157129465602 -0.00095766084302765446 -0.0069807334555024234 5.0737077817641918e-06 0.00095368512945412484 0.002203370111219822 0.0022291397557278911 -0.00083692723092462556 -4.9400267023588792e-06
leaf_weight=105 30 20 17 67 25 29 29 20 29 29 14.999999999999998 21 39 698
leaf_count=105 30 20 17 67 25 29 29 20 29 29 15 21 39 698
internal_value=2.55537e-05 0.00268786 0.00834783 0.0113265 -0.00108565 -0.00012931 0.00127358 0.00327869 0.0101695 0 0.00228571 -0.00118421 -0.00654545 -0.000634328
internal_weight=1173 345 114 97 828 231 211 182 58 124 104 75 54 803
internal_count=1173 345 114 97 828 231 211 182 58 124 104 75 54 803
is_linear=0
shrinkage=0.03


Tree=350
num_leaves=15
num_cat=0
split_feature=51 9 51 7 23 33 17 22 20 33 14 1 40 22
split_gain=4.15536 5.14514 5.87696 5.20756 4.40479 6.82916 5.77072 4.28504 4.08807 3.95795 4.11546 6.18428 3.83825 3.89892
threshold=5.4029153348032048 1.2843829923443819 5.2410182181924041 3.1087064360144927 6.3984482120891846 6.9848531736803467 5.7212311153969795 13.540629337135702 2.6626746922965223 11.50774884136599 0.093817106413438392 1.6283588729887437 2.102059991327963 10.456775963751449
decision_type=2 2 2 2 2 2 2 2 2 2 2 2 2 2
left_child=1 2 3 8 -2 6 -6 9 -1 10 -7 -12 13 -8
right_child=4 -3 -4 -5 5 7 12 -9 -10 -11 11 -13 -14 -15
leaf_value=-7.4035698097363323e-06 0.00026871199275231296 -5.5155400088228995e-05 3.8837884499848263e-05 -0.0020612755786029685 -0.00026609028565924286 -0.00087323698728036358 -0.0005907795859532005 0.00085996907963823419 0.00026095606245321866 -1.1580497689469559e-05 0.0004079632057817095 9.93347935233535e-06 -0.0054753350882695978 0.00034578088337156032
leaf_weight=509 51 142 23 40 27 23 18 24 28 61 23 213 18 21
leaf_count=509 51 142 23 40 27 23 18 24 28 61 23 213 18 21
internal_value=-0.000613748 -0.00201884 -0.000798669 -0.00140138 0.0015625 0.000559441 -0.00705882 0.00243478 -0.000613383 0.00149533 0.00311538 0.0043038 -0.00155172 0.00375
internal_weight=1221 742 600 577 479 428 84 344 537 320 259 236 57 39
internal_count=1221 742 600 577 479 428 84 344 537 320 259 236 57 39
is_linear=0
shrinkage=0.03


Tree=351
num_leaves=15
num_cat=0
split_feature=23 51 21 42 33 34 14 14 41 33 11 13 13 34
split_gain=3.49762 3.10233 5.06103 3.56932 3.43889 7.26417 6.46527 7.22618 6.02812 5.65742 4.70118 4.42719 4.60401 4.23163
threshold=10.059384870907223 6.5296813911996407 4.2516912775733315 7.2213002097618082 8.9701866303755029 14.696092780807623 0.38303175248621152 0.38413116264732317 7.1344629766724639 7.0644836916530034 0.12336888334337869 0.58071022460470123 0.58173666582473949 14.134263190349701
decision_type=2 2 2 2 2 2 2 2 2 2 2 2 2 2
left_child=1 2 4 -3 5 13 -6 -8 -7 -10 -11 -12 -13 -1
right_child=-2 3 -4 -5 6 8 7 -9 9 10 11 12 -14 -15
leaf_value=2.6805063982848764e-06 0.00016736492757518651 0.00033540745687041349 0.0023265256157041412 -0.00095446658138976571 2.9113863169243357e-05 1.2980690395103523e-05 -4.3688446823904048e-05 1.2495652916322263e-05 -0.00043981801183927026 -0.00025911249871749643 -8.9044396140927065e-05 9.3731298580881361e-05 -1.2923367963760258e-05 2.6487687647283041e-05
leaf_weight=774 15.999999999999998 14.999999999999998 21 39 66 27 24 81 18 22 19 17 20 25
leaf_count=774 16 15 21 39 66 27 24 81 18 22 19 17 20 25
internal_value=0.000607595 0.000410607 0.000753363 -0.00654545 0.000466179 -0.000260022 0.00436047 -0.000283019 -0.00701613 -0.0105155 -0.00683544 -0.00210526 0.00394737 0.0007875
internal_weight=1184 1168 1114 54 1093 922 171 105 123 96 78 56 37 799
internal_count=1184 1168 1114 54 1093 922 171 105 123 96 78 56 37 799
is_linear=0
shrinkage=0.03


Tree=352
num_leaves=15
num_cat=0
split_feature=14 0 23 11 12 12 42 41 42 12 12 11 14 14
split_gain=5.29651 5.40868 7.67081 6.72841 5.02339 5.95566 4.95614 4.89579 3.98747 9.31728 5.93433 6.61363 5.74625 5.0967
threshold=0.22069925935378501 5.0000000000000009 1.6430035610397375 0.056804228605242528 0.59046927914852454 0.36772390939021887 10.483797810117629 9.9322867326161823 8.6311765752725034 0.16440344083961214 0.16468822031869537 0.086141198525175378 0.38323098568590985 0.39937777435935778
decision_type=2 2 2 2 2 2 2 2 2 2 2 2 2 2
left_child=1 2 -1 -3 5 -4 8 -5 -2 12 -11 -12 -10 -13
right_child=6 3 4 7 -6 -7 -8 -9 9 10 11 13 -14 -15
leaf_value=-0.0003135011126379705 -8.0232719085426831e-06 0.0030325001087029625 0.00033973595645978347 -6.808537194168185e-05 0.0048217388462467158 -0.00047499269831431819 -0.0019347755073792672 0.00041015585927246963 9.6852103944500272e-06 4.606750105591306e-05 0.00078038004595832851 -4.2526083660670011e-05 -0.00010605748829081607 4.5517462286805697e-05
leaf_weight=20 722 32 33 93 18 14.999999999999998 18 17 34 39 48 25 40 44
leaf_count=20 722 32 33 93 18 15 18 17 34 39 48 25 40 44
internal_value=0.000350292 0.00445415 0.0103448 0.000839161 0.0152239 0.00979592 -0.00061792 -0.0027027 -0.000314795 0.00311688 0.00726115 0.00381356 -0.0056 -0.00214286
internal_weight=1198 228 86 142 66 48 970 110 952 230 156 117 74 69
internal_count=1198 228 86 142 66 48 970 110 952 230 156 117 74 69
is_linear=0
shrinkage=0.03


Tree=353
num_leaves=15
num_cat=0
split_feature=42 25 9 8 35 42 14 3 8 0 3 14 42 0
split_gain=7.22258 5.72794 4.24901 4.71108 8.93792 9.81433 8.09583 6.04739 4.98059 3.93479 3.56325 3.24248 3.173 3.30028
threshold=10.570264180020482 122.50000000000001 0.34154366264276681 1.5680430486920489 0.56357392874583079 8.0774379228624138 0.029043196225858766 2.2877959601851461 1.3116246451989506 5.0000000000000009 2.039409591549425 0.50930185715166798 9.0096079557627995 5.0000000000000009
decision_type=2 2 2 2 2 2 2 2 2 2 2 2 2 2
left_child=1 2 12 4 5 6 9 -5 11 -4 -10 -8 13 -1
right_child=-2 -3 3 7 -6 -7 8 -9 10 -11 -12 -13 -14 -15
leaf_value=5.7823073161100689e-06 -0.0013200911115405732 0.0012847787247344277 0.0012276395188479518 0.00029554086934942877 -0.0013883104571552291 0.00029107131274519026 -6.8262740195735859e-05 -3.9120859353314327e-06 -0.00042999906373139492 -4.5473635636920638e-05 -0.00025281701763352812 1.7731776580777735e-05 -0.00014522716803325509 0.00022343488116125909
leaf_weight=41 14.999999999999998 31 18 29 28 29 37 787 22 24 15.999999999999998 46 15.999999999999998 51
leaf_count=41 15 31 18 29 28 29 37 787 22 24 16 46 16 51
internal_value=-0.000604534 -0.000331633 -0.000681223 -0.0012729 -0.00515837 -0.00279793 -0.00567073 -0.000220318 -0.00959016 0.0055814 -0.0184615 -0.00535714 0.00495413 0.00709677
internal_weight=1190 1175 1144 1036 220 192 163 816 121 42 38 83 108 92
internal_count=1190 1175 1144 1036 220 192 163 816 121 42 38 83 108 92
is_linear=0
shrinkage=0.03


Tree=354
num_leaves=15
num_cat=0
split_feature=43 19 19 23 23 36 6 30 9 10 10 21 4 0
split_gain=4.3903 4.70207 7.14726 4.51969 10.7401 7.50078 5.78715 4.80432 6.88554 5.02916 9.42203 4.71614 4.16379 7.0327
threshold=2.0913784655201999 0.068459689413066807 0.04488519124873893 7.5696881880266238 7.6015758535146887 9.4753076015555528 1.16110964736696 0.12648418947631548 1.0804830368662339 0.71896864817276096 0.70056671708886387 2.549449671312495 1.2172844520170996 7.5000000000000009
decision_type=2 2 2 2 2 2 2 2 2 2 2 2 2 2
left_child=1 2 12 5 -5 6 11 -6 -9 10 -10 -3 -1 -14
right_child=-2 3 -4 4 7 -7 -8 8 9 -11 -12 -13 13 -15
leaf_value=0.0003051846397307578 -0.00049850591176279894 -7.9495020001174593e-06 0.00039796854607234696 6.4419898364158625e-05 0.0037878105368358947 -0.00010042230657826279 -0.00016520967987668334 -0.00056815468573799598 -1.1132909259137236e-05 -1.2698701267361834e-05 5.7935324416704682e-05 0.0015163056042234852 4.1178011357393403e-05 -0.0010288628795104503
leaf_weight=21 132 491 67 23 32 17 42 26 95 55 42 26 99 31
leaf_count=21 132 491 67 23 32 17 42 26 95 55 42 26 99 31
internal_value=-0.000725 -8.42697e-05 0.00383562 -0.00109412 0.00208029 -0.00259965 -0.00198214 0.000239044 -0.00136986 0.000621762 0.00369565 -0.00110039 0.000197368 -0.00183206
internal_weight=1199 1067 218 849 273 576 559 250 218 192 137 517 151 130
internal_count=1199 1067 218 849 273 576 559 250 218 192 137 517 151 130
is_linear=0
shrinkage=0.03


Tree=355
num_leaves=15
num_cat=0
split_feature=11 11 42 23 13 36 51 37 13 39 39 23 7 9
split_gain=5.65485 7.3337 6.74326 7.11368 4.1274 7.81779 7.66973 7.00215 6.23815 4.9182 6.44605 7.14146 5.86835 5.34181
threshold=0.174145424701839 0.18553307126379107 9.9130813529215018 6.1635889741089507 0.25839951561169372 3.2588475577866487 4.2947476022129409 2.9311819873872031 0.12257261312590607 3.2046511627906979 3.239243498817967 6.6037393483696887 2.694604312706923 0.47066446859841315
decision_type=2 2 2 2 2 2 2 2 2 2 2 2 2 2
left_child=4 -2 3 -3 8 -6 -7 9 -1 -8 -11 12 -12 -13
right_child=1 2 -4 -5 5 6 7 -9 -10 10 11 13 -14 -15
leaf_value=-5.0859414676085454e-06 -0.00059313582653869768 -1.6398841331146662e-05 0.0010036179018941937 -0.0049864228399925103 0.00015659613878823641 -0.0012455179804552274 -1.4470947923657522e-05 0.0027582426680298863 -0.0012097538585005806 4.0447581330407268e-05 -0.00042602692568877328 -0.0052359068928291477 0.00012697329976897652 9.9227895156261961e-07
leaf_weight=217 29 153 28 14.999999999999998 57 23 290 14.999999999999998 69 31 15.999999999999998 15.999999999999998 67 168
leaf_count=217 29 153 28 15 57 23 290 15 69 31 16 16 67 168
internal_value=-0.000903766 -0.00517699 -0.00304569 -0.00532544 9.27835e-05 0.00135965 0.000382775 0.00104305 -0.00292683 0.000509338 0.0032107 0.0016791 0.00892857 -0.00162162
internal_weight=1194 225 196 168 969 683 626 603 286 588 298 267 83 184
internal_count=1194 225 196 168 969 683 626 603 286 588 298 267 83 184
is_linear=0
shrinkage=0.03


Tree=356
num_leaves=15
num_cat=0
split_feature=8 3 38 22 34 35 49 17 11 11 41 41 41 5
split_gain=5.37414 4.59893 5.60564 5.47148 5.12816 5.33133 4.5425 3.54596 2.96518 4.63065 3.25951 3.19913 5.39533 3.05085
threshold=2.0968961151398995 2.333249630280847 0.05634920634920635 11.520692484453201 16.103551335970504 0.70839045443005844 1.9667436439243531 10.439560022277355 0.28754050401478998 0.17778304509182355 4.5085692598918206 4.7424035066719936 5.0122067185829877 5.4714758522178721
decision_type=2 2 2 2 2 2 2 2 2 2 2 2 2 2
left_child=1 2 -1 4 5 -3 8 -5 9 10 -2 -12 -13 -14
right_child=6 3 -4 7 -6 -7 -8 -9 -10 -11 11 12 13 -15
leaf_value=0.00012043181054023549 0.00026782163567917906 -0.00089294294133625274 -9.1403891834473952e-06 0.00075577915963382259 -0.00058381286667714635 0.00027026668359234285 0.0054488268982337247 -0.0001252859684626495 0.00068109930759126854 -0.0054797853704420625 -0.0036069647138515623 0.0034264968527447956 3.7488640188704237e-06 -0.00043881349512406851
leaf_weight=42 15.999999999999998 92 213 16.000000000000004 20 21 21 14.999999999999998 38 19 17 19 635 24
leaf_count=42 16 92 213 16 20 21 21 15 38 19 17 19 635 24
internal_value=9.92556e-05 -0.00264286 -0.000117187 -0.00654545 -0.0091791 -0.00657895 0.00155696 0.0046875 0.00117035 0.000738714 0.00113764 0.000818966 0.00114875 0.000681818
internal_weight=1208 419 255 164 133 113 789 31 768 730 711 695 678 659
internal_count=1208 419 255 164 133 113 789 31 768 730 711 695 678 659
is_linear=0
shrinkage=0.03


Tree=357
num_leaves=15
num_cat=0
split_feature=22 28 11 42 51 24 24 42 9 9 39 11 22 39
split_gain=4.3648 3.38901 3.80411 5.138 4.68081 4.63939 7.06781 7.04168 6.16751 4.44224 5.3595 3.56872 2.99101 4.07407
threshold=13.967627580715499 49.000000000000007 0.1455482861682687 4.9644399210870516 3.0517188325397737 0.67906801233099257 0.79980506822612096 6.6614007299384701 0.87397415448452798 0.69167480105937929 5.2700854700854718 0.19393043975295091 12.33850656524446 44.000000000000007
decision_type=2 2 2 2 2 2 2 2 2 2 2 2 2 2
left_child=1 2 3 -1 -4 8 -7 -8 9 10 11 -6 13 -5
right_child=-2 -3 4 12 5 6 7 -9 -10 -11 -12 -13 -14 -15
leaf_value=0.00026006482569496835 0.0013504825158159937 0.00059458484082403724 -5.4455481827530571e-05 3.7445899978474918e-06 -0.00022644166408864353 -0.00082280433780853408 0.0014644156286568483 -5.5506428083789134e-05 0.00042856370389043386 -0.0009124189817224193 0.0027780890800429957 0.00019589033828304957 -0.00066836144902805087 -0.00055628565022332625
leaf_weight=18 29 14.999999999999998 50 730 23 18 17 162 36 17 14.999999999999998 20 34 15.999999999999998
leaf_count=18 29 15 50 730 23 18 17 162 36 17 15 20 34 16
internal_value=-0.00029975 -0.000588737 -0.000777874 0.000375469 -0.00334262 -0.00194175 -0.00469697 -0.00283333 0.00294643 -0.00197368 0.0020339 -0.00340909 0 0.000401606
internal_weight=1200 1171 1156 798 358 308 197 179 111 75 58 43 780 746
internal_count=1200 1171 1156 798 358 308 197 179 111 75 58 43 780 746
is_linear=0
shrinkage=0.03


Tree=358
num_leaves=15
num_cat=0
split_feature=9 36 36 28 30 28 14 18 21 14 3 51 14 10
split_gain=4.48513 4.92462 8.44148 4.37308 4.12754 5.70033 5.5297 4.12499 5.31224 8.73254 4.06069 10.3542 4.79893 4.0072
threshold=1.5163035870772088 7.6512042784799874 9.0893665065192639 10.500000000000002 0.97498436522826781 8.5000000000000018 0.38343850336395707 0.97712125471966249 2.2714244308100171 0.38539985206248306 4.5205065469975949 5.6558642125003997 0.39981645549779776 0.71896864817276096
decision_type=2 2 2 2 2 2 2 2 2 2 2 2 2 2
left_child=1 4 7 -4 5 -1 -6 -3 9 -9 11 12 -2 -14
right_child=10 2 3 -5 6 -7 -8 8 -10 -11 -12 -13 13 -15
leaf_value=-1.2529363143996553e-05 -0.00015543257088394214 0.00012401311227324278 -0.00022107408809959343 3.9039364417597923e-06 4.6261295032024584e-05 6.4400631075851414e-05 -0.00025343730412362442 -4.4496587436791412e-05 0.00033347106572238934 5.6351074619557796e-05 0.0004267160364117961 -0.00060016625684036708 -9.0970079444336043e-05 0.00024714007809250482
leaf_weight=542 42 40 26 270 25 38 27 27 38 17 25 17 20 38
leaf_count=542 42 40 26 270 25 38 27 27 38 17 25 17 20 38
internal_value=-5.02934e-05 0.000627973 0.00315036 0.00040404 -0.00104265 -0.000309811 -0.0090566 0.0097561 0.00578313 -0.00133333 -0.00503497 -0.00737288 -0.00356436 0.0020339
internal_weight=1192 1050 418 296 632 580 52 122 82 44 142 117 100 58
internal_count=1192 1050 418 296 632 580 52 122 82 44 142 117 100 58
is_linear=0
shrinkage=0.03


Tree=359
num_leaves=15
num_cat=0
split_feature=36 42 35 13 5 17 34 11 34 23 40 42 11 13
split_gain=5.50404 4.63136 5.99333 5.20492 6.86585 4.72506 4.65726 4.34423 4.2476 4.47113 9.3945 6.54276 5.41511 7.11975
threshold=7.3978849395632995 8.2510187800329948 0.87522716684255808 0.58199763996133091 3.4643548402442996 3.3796992481203012 17.259123389051936 0.1375664941288843 8.3208725029377231 6.5735770391047712 1.1300356939925376 8.1209157439726116 0.053251641519957718 0.63692477931872704
decision_type=2 2 2 2 2 2 2 2 2 2 2 2 2 2
left_child=8 2 7 4 5 -4 -3 -2 9 12 -11 -12 13 -1
right_child=1 6 3 -5 -6 -7 -8 -9 -10 10 11 -13 -14 -15
leaf_value=1.363669555561997e-05 6.2984410748460898e-05 -9.3930815212051049e-06 -1.3916633868886126e-06 6.2901057417132504e-05 0.00010459987687121947 -0.00015631099728723812 7.6494096594244e-05 1.1320799076272036e-05 -0.0012655319307281257 0.012227658782264698 -0.0026604001574208457 -0.0008341951344032055 -1.3406514950526915e-05 0.0015476369177390742
leaf_weight=67 52 247 46 26 46 25 59 55 14.999999999999998 15.999999999999998 23 74 403 34
leaf_count=67 52 247 46 26 46 25 59 55 15 16 23 74 403 34
internal_value=0.000302775 0.00247756 0.00549801 0.00145833 -0.00127119 -0.00708333 0 0.0108333 -0.00161137 -0.00121359 -0.00657895 -0.010102 0 0.00617647
internal_weight=1188 556 250 143 117 71 306 107 632 617 113 97 504 101
internal_count=1188 556 250 143 117 71 306 107 632 617 113 97 504 101
is_linear=0
shrinkage=0.03


Tree=360
num_leaves=15
num_cat=0
split_feature=36 7 34 36 41 43 12 0 22 7 14 9 42 42
split_gain=5.56371 3.9331 7.46584 4.5606 6.6636 4.35705 6.23441 5.32859 16.0138 4.80492 3.83651 6.98286 4.24611 5.99848
threshold=12.223001467540156 2.694604312706923 8.6892888435588507 8.128756392421062 8.4219457379926279 1.5118319590988969 0.65474803830405071 5.0000000000000009 10.913463336230757 3.1087064360144927 0.40007431787670705 0.40094054557675124 6.6855530645966406 8.0537255981043341
decision_type=2 2 2 2 2 2 2 2 2 2 2 2 2 2
left_child=1 2 -1 -4 -5 6 10 9 -9 -7 12 -12 -3 -14
right_child=-2 5 3 4 -6 7 -8 8 -10 -11 11 -13 13 -15
leaf_value=-1.2778183249920748e-05 2.6049905711906794e-05 -0.0007937285122167477 -0.00060476897683410915 4.8015689951732554e-05 -0.0002591098955461246 -5.3489050845491048e-05 0.0060800540881370052 0.002590237422248043 -0.0010875693416099025 -0.0020952067343628709 -0.00027361884999875573 0.0002556080368240887 3.0548043792612555e-05 -1.0102060469048269e-05
leaf_weight=457 60 15.999999999999998 25 15.000000000000002 15.999999999999998 14.999999999999998 14.999999999999998 19 40 17 24 45 193 244
leaf_count=457 60 16 25 15 16 15 15 19 40 17 24 45 193 244
internal_value=2.49584e-05 -0.000446585 -0.002393 -0.0126316 -0.0046875 0.00114467 0.00217472 -0.0048913 0.0005 -0.0145455 0.00160612 0.00814286 0.000594714 0.00116438
internal_weight=1201 1141 513 56 31 628 537 91 59 32 522 69 453 437
internal_count=1201 1141 513 56 31 628 537 91 59 32 522 69 453 437
is_linear=0
shrinkage=0.03


Tree=361
num_leaves=15
num_cat=0
split_feature=33 11 18 19 41 13 11 34 27 39 41 23 41 23
split_gain=4.94006 7.64322 6.61143 9.32942 5.56791 7.59203 5.3872 5.27812 8.39153 7.9304 6.42723 4.56633 3.8196 5.89184
threshold=6.8269898051816096 0.1619838273109325 1.6430035610397375 0.056073584762109357 6.986583015452168 0.58065216067899006 0.11984256033915182 12.251384920446444 14.500000000000002 3.239243498817967 8.317242948881864 8.1579725417424935 5.4219082572361463 6.813725536336352
decision_type=2 2 2 2 2 2 2 2 2 2 2 2 2 2
left_child=12 2 3 -2 -5 11 -7 8 -8 -9 -11 -6 -1 -14
right_child=1 -3 -4 4 5 6 7 9 -10 10 -12 -13 13 -15
leaf_value=-3.9273111937004885e-06 0.0043632751965872307 0.00033395972808567985 -0.00067065149554350605 0.00027325826353186784 -0.00018117522022726595 -1.0355032479659187e-05 1.1027312798308486e-05 5.1650566148433441e-05 -2.2126593504784853e-05 -2.0068457448040586e-05 1.1020870745417355e-05 -5.9908507722439271e-06 -4.1169764158280502e-05 -0.0047458946971988764
leaf_weight=444 14.999999999999998 65 71 19 22 74 61 53 46 56 84 15.999999999999998 168 24
leaf_count=444 15 65 71 19 22 74 61 53 46 56 84 16 168 24
internal_value=-0.000246103 0.00174957 0.000521236 0.00187919 0.00104167 0.000290557 0.0016 0.0033887 -0.00194444 0.00634021 0.00255319 -0.0123077 -0.00207221 -0.00559585
internal_weight=1218 582 517 446 431 412 374 300 107 193 140 38 636 192
internal_count=1218 582 517 446 431 412 374 300 107 193 140 38 636 192
is_linear=0
shrinkage=0.03


Tree=362
num_leaves=15
num_cat=0
split_feature=7 36 33 27 14 7 7 4 11 10 37 4 12 33
split_gain=6.85458 7.50318 6.06345 4.49262 4.19403 4.11184 7.0461 4.80478 4.68747 6.35633 3.50223 5.78479 3.11504 3.72466
threshold=1.0602869656029252 7.0024782801353735 6.2655684079969651 5.5000000000000009 0.20697390281270409 1.6126546408629316 1.5049378168560803 2.4090865443215725 0.12596362271331102 0.26163120611250273 1.4231685560649028 1.8162286460923622 0.31643132220795894 5.1241951702552653
decision_type=2 2 2 2 2 2 2 2 2 2 2 2 2 2
left_child=-1 2 4 -3 12 6 -6 10 9 -9 -7 -12 -2 -14
right_child=1 3 -4 -5 5 7 -8 8 -10 -11 11 -13 13 -15
leaf_value=7.1818731641785089e-05 4.3034096741988018e-05 0.00086433988911956746 -0.00115386662597313 2.5027364577401287e-06 -4.3928292376649299e-06 -0.00015660307674905227 -0.0005883117871404675 -0.0005470092789380609 -0.0012856142805228131 0.0010755250488595079 -4.1267356439123049e-06 0.0011241753928125265 -7.8400981016348839e-05 0.0027638694180056578
leaf_weight=45 24 34 31 580 63 25 33 116 25 31 71 45 73 14.999999999999998
leaf_count=45 24 34 31 580 63 25 33 116 25 31 71 45 73 15
internal_value=-0.000272277 -0.000719794 -0.00325497 0.00156098 -0.00247126 -0.00387805 -0.00927835 -0.00219745 -0.00554913 -0.00344595 0.00190141 0.00410256 0.00265487 0
internal_weight=1211 1166 552 614 521 409 96 313 172 147 141 116 112 88
internal_count=1211 1166 552 614 521 409 96 313 172 147 141 116 112 88
is_linear=0
shrinkage=0.03


Tree=363
num_leaves=15
num_cat=0
split_feature=36 50 36 22 10 22 10 41 11 36 27 14 10 4
split_gain=4.6435 3.51858 3.55137 4.58564 8.54199 8.04083 5.11819 7.15839 5.01489 5.35799 6.57895 5.29847 4.99241 4.16826
threshold=1.5049378168560803 6.4714858376306079 12.07046485435753 10.913463336230757 0.69578640030695593 10.526127764253575 0.69544786396199865 8.3385829294489167 0.12904102608036208 9.4753076015555528 22.500000000000004 0.38547099947355551 0.69155308557828821 4.0002920251071341
decision_type=2 2 2 2 2 2 2 2 2 2 2 2 2 2
left_child=-1 2 3 5 -5 6 12 8 9 -8 -11 -10 13 -2
right_child=1 -3 -4 4 -6 -7 7 -9 11 10 -12 -13 -14 -15
leaf_value=-4.3578274932470902e-05 2.4335568744567325e-05 0.0015133928467239077 1.2102738017292224e-05 -0.00011458166314262552 0.0095043527379394862 0.0013686386516250058 8.6564099267794072e-06 3.7347323909042715e-05 -4.0431370682045273e-05 -9.202956678872054e-05 -6.4399833536898925e-07 -0.00027862381678231461 4.4124392566132765e-05 -3.0000038345223688e-05
leaf_weight=22 538 15.999999999999998 119 166 24 15.999999999999998 73 23 26 17 20 24 15.999999999999998 80
leaf_count=22 538 16 119 166 24 16 73 23 26 17 20 24 16 80
internal_value=0.000304826 0.000569456 0.000367454 -0.000205078 -0.00439791 0.000755396 0.000330073 -0.00407609 -0.0063354 -0.0027027 -0.0118421 -0.0141176 0.0016063 0.00116317
internal_weight=1180 1158 1142 1023 190 833 817 183 160 110 37 50 634 618
internal_count=1180 1158 1142 1023 190 833 817 183 160 110 37 50 634 618
is_linear=0
shrinkage=0.03


Tree=364
num_leaves=15
num_cat=0
split_feature=36 30 37 22 51 36 11 11 38 9 3 23 17 8
split_gain=4.62244 5.92978 6.39148 5.41723 6.27994 5.33546 3.59449 5.34196 4.78484 4.17338 7.96404 4.57628 5.82039 4.16318
threshold=6.4276906595588299 0.86881720430107545 1.854295422575172 12.549435337814282 5.9233128368676358 6.1451925431031853 0.15097592681294944 0.10653912354442457 0.0582983193277311 0.5906558450831092 1.7706023453416295 5.3787238813826237 9.156111865701698 1.3323209877780628
decision_type=2 2 2 2 2 2 2 2 2 2 2 2 2 2
left_child=3 2 -2 5 -5 6 7 13 -9 10 -8 12 -11 -1
right_child=1 -3 -4 4 -6 -7 9 8 -10 11 -12 -13 -14 -15
leaf_value=0.00085258682347327363 0.00031143494395717699 1.5670273900580955e-06 3.3293557628681912e-05 -0.002251571346634269 0.00016981883033401868 -0.00055654137749622137 -8.1976602762290349e-06 0.0014268931747556124 6.443478299364758e-05 -0.00025690796484078687 -0.00042927259891079099 -0.00028336294664916048 0.00076130977033456865 -6.5540111460469231e-05
leaf_weight=18 15.999999999999998 504 115 21 14.999999999999998 15.999999999999998 59 17 65 46 26 39 31 225
leaf_count=18 16 504 115 21 15 16 59 17 65 46 26 39 31 225
internal_value=7.41351e-05 0.00183962 0.0075 -0.00186528 -0.012973 -0.00110497 -0.00056926 0.00138037 0.00795181 -0.00371287 -0.00872093 0 0.00423077 -0.000860656
internal_weight=1213 635 131 578 36 542 526 325 82 201 85 116 77 243
internal_count=1213 635 131 578 36 542 526 325 82 201 85 116 77 243
is_linear=0
shrinkage=0.03


Tree=365
num_leaves=15
num_cat=0
split_feature=14 6 42 32 19 3 19 19 23 14 13 41 14 0
split_gain=2.09222 7.50332 6.31818 7.40409 7.1632 7.3299 5.25775 4.93622 5.1231 4.99248 4.93622 4.79485 4.61857 4.36189
threshold=0.3913989290495315 2.1105375083058608 8.3934495283363635 7.5000000000000009 0.33094048165549128 3.7911446823035537 0.49924012158054715 0.18007202881152465 1.4978175972987751 0.59111063767459837 0.4972388080621199 4.7424035066719936 0.39905835009845508 5.0000000000000009
decision_type=2 2 2 2 2 2 2 2 2 2 2 2 2 2
left_child=1 -1 4 11 5 7 -5 8 -2 -9 -6 -4 -12 -14
right_child=2 -3 3 6 10 -7 -8 9 -10 -11 12 -13 13 -15
leaf_value=-6.6960040253177809e-06 -0.00064082692533074307 0.0053736626735215237 -8.2001581986735906e-05 -7.3677629690478423e-05 0.0014984072446615848 -0.0014128359438021708 2.4350713951677426e-05 -0.00072167880367203898 0.00011695099743977754 3.8764884036960325e-05 0.00038286854271597028 0.0017025134289592144 -0.0001523891217006329 3.319379931288724e-05
leaf_weight=700 20 17 15.999999999999998 27 23 25 19 21 71 14.999999999999998 18 50 71 96
leaf_count=700 20 17 16 27 23 25 19 21 71 15 18 50 71 96
internal_value=0.000226891 -0.000793872 0.0017759 0.0079646 -0.000166205 -0.00509804 -0.0012766 -0.00210938 0.00163043 -0.0113514 0.00344498 0.0143284 0.00177419 0.000178571
internal_weight=1189 717 472 112 360 152 46 127 91 36 208 66 185 167
internal_count=1189 717 472 112 360 152 46 127 91 36 208 66 185 167
is_linear=0
shrinkage=0.03


Tree=366
num_leaves=15
num_cat=0
split_feature=31 19 28 30 0 0 35 0 38 34 41 13 34 19
split_gain=5.43185 5.21961 5.53075 5.42345 4.85009 8.47619 4.25644 6.42832 4.14522 3.99314 3.55905 4.09342 3.19287 3.12076
threshold=27.500000000000004 0.56913782576560956 1.0000000180025095e-35 0.97915762049500665 5.0000000000000009 7.5000000000000009 0.87526880266497009 7.5000000000000009 0.069584328413672139 15.756492046147931 8.3385829294489167 0.58065216067899006 19.536413483685266 0.56776069286050668
decision_type=2 2 2 2 2 2 2 2 2 2 2 2 2 2
left_child=1 9 4 8 -3 -6 7 -5 -4 13 -11 -12 -13 -1
right_child=-2 2 3 6 5 -7 -8 -9 -10 10 11 12 -14 -15
leaf_value=-4.4784506499184747e-06 0.00044574976678775965 -0.00071070092590310721 3.1519346664540262e-05 -3.595420921037096e-05 0.0024176336093543319 -0.0003261743417923468 8.9083201068915275e-05 1.2550736313885479e-05 4.4322744698861435e-05 -0.00035590528167667027 -0.00013946815598985917 -5.2302483822040945e-05 3.518407939067991e-05 -3.9755453620494149e-05
leaf_weight=688 23 23 88 53 24 17 22 35 90 34 17 22 17 36
leaf_count=688 23 23 88 53 24 17 22 35 90 34 17 22 17 36
internal_value=-0.000378151 -0.00066838 0.0023796 0.00415225 -0.00553846 0.000714286 -0.00108108 -0.00404494 0.0073743 -0.00198773 -0.00791209 -0.00315789 0.00225 -0.00124138
internal_weight=1189 1166 352 288 64 41 110 88 178 814 90 56 39 724
internal_count=1189 1166 352 288 64 41 110 88 178 814 90 56 39 724
is_linear=0
shrinkage=0.03


Tree=367
num_leaves=15
num_cat=0
split_feature=21 19 22 22 30 17 10 1 23 19 23 16 22 33
split_gain=4.82994 5.73731 5.22851 7.26054 4.77387 6.6015 4.97487 4.55505 5.04892 4.00031 4.98559 3.33087 2.92924 2.87879
threshold=2.4304133383043616 0.0034625005608650786 10.913463336230757 10.526127764253575 0.93683510638297884 12.721792793387047 0.029060350337545299 1.5965622991772308 7.0967547510383673 0.04488519124873893 6.5735770391047712 0.2611472720537652 9.9857692787570862 8.2922375732526188
decision_type=2 2 2 2 2 2 2 2 2 2 2 2 2 2
left_child=1 -1 3 7 5 -4 -7 8 -2 12 -11 -3 -9 -12
right_child=2 11 4 -5 -6 6 -8 9 -10 10 13 -13 -14 -15
leaf_value=0.00020704095634672791 0.00016688133408703399 -9.2630783314801005e-06 0.0018285772299091961 0.0016413209259649353 8.112041655373936e-05 1.3738924750879011e-05 -0.0016385291101879496 -0.00031442555768118607 -0.0015289450665260018 0.0019112881215753606 -0.00019912235881698826 -6.2945160823544845e-05 0.0002913998919326263 0.00017255948841724987
leaf_weight=61 28 781 28 20 27 28 58 29 18 18 21 48 15.999999999999998 20
leaf_count=61 28 781 28 20 27 28 58 29 18 18 21 48 16 20
internal_value=-0.000424293 -0.00154882 0.00278846 0.00631579 -0.00147887 -0.00417391 -0.00827586 0.00397351 -0.00382979 0.00742857 0.0125 -0.00220482 0.000652174 0.00642857
internal_weight=1201 890 311 170 141 114 86 150 46 104 59 829 45 41
internal_count=1201 890 311 170 141 114 86 150 46 104 59 829 45 41
is_linear=0
shrinkage=0.03


Tree=368
num_leaves=15
num_cat=0
split_feature=10 0 51 23 0 43 29 34 6 3 36 7 22 36
split_gain=5.77596 9.25809 9.46895 5.66798 8.84441 13.2965 7.61054 7.54011 6.22783 5.38927 4.47159 3.81424 5.80506 7.3373
threshold=0.13224116079340101 7.5000000000000009 5.8810722452205999 6.813725536336352 5.0000000000000009 1.0000000180025095e-35 2.0151515151515156 0.60860323886639689 1.3600796517029787 2.8842272893036012 9.0893665065192639 2.6697754054128362 12.044376294546206 3.3051361058640354
decision_type=2 2 2 2 2 2 2 2 2 2 2 2 2 2
left_child=1 3 9 4 5 -1 7 -5 -6 -3 -8 12 13 -2
right_child=11 2 -4 6 8 -7 10 -9 -10 -11 -12 -13 -14 -15
leaf_value=0.0014792385096789055 8.3372610578702487e-06 -8.0092894218831704e-05 0.00015404599162529786 -2.0030809254931726e-05 0.0048287662650575037 -0.00038523489088291841 0.0013382726177157611 -0.0035082383000657716 -1.4802055745014585e-05 -0.0034644639635144224 -0.00087808904937325849 1.0493874052759367e-05 0.00090676966840127268 -0.00019564993117515028
leaf_weight=18 193 30 15.999999999999998 26 39 65 14.999999999999998 36 21 25 17 523 25 169
leaf_count=18 193 30 16 26 39 65 15 36 21 25 17 523 25 169
internal_value=4.92207e-05 -0.00349515 -0.0129167 -0.000630252 0.003125 -0.00321429 -0.00631579 -0.012381 0.0118033 -0.01875 0.00545455 0.00125137 -0.00100515 -0.00198347
internal_weight=1218 308 71 237 143 83 94 62 60 55 32 910 387 362
internal_count=1218 308 71 237 143 83 94 62 60 55 32 910 387 362
is_linear=0
shrinkage=0.03


Tree=369
num_leaves=15
num_cat=0
split_feature=28 11 37 42 11 19 19 19 42 21 12 42 36 42
split_gain=5.84873 3.34951 5.88509 3.39992 3.16661 5.22548 5.13191 5.15091 5.0125 4.25869 4.9136 3.75534 3.64721 4.385
threshold=49.000000000000007 0.30420275419155102 3.8890901590940872 10.393549341466228 0.16776596309344624 0.0063992313992314006 0.033777831547954253 0.054428109867366049 8.1209157439726116 0.62763625255165312 0.24993875551200395 8.4454692752860741 12.364571483418869 6.9027814505613252
decision_type=2 2 2 2 2 2 2 2 2 2 2 2 2 2
left_child=1 2 3 4 5 11 -7 8 -8 10 -6 -1 13 -9
right_child=-2 -3 -4 -5 9 6 7 12 -10 -11 -12 -13 -14 -15
leaf_value=0.00010475890827775849 0.00049431253661515011 0.00032509225726942145 -0.0027364340456724622 -0.00036018634379163749 -3.9332806574254864e-05 -0.00016627200002863302 0.00041281421521503824 4.6580112243862457e-05 0.00042598659007234472 -0.00026264482276639188 0.00040031407253289351 0.0044604025840546853 5.3034248344014929e-05 -5.8178905850181374e-06
leaf_weight=50 15.999999999999998 37 19 23 15.000000000000002 35 14.999999999999998 184 19 152 15.999999999999998 15.999999999999998 21 567
leaf_count=50 16 37 19 23 15 35 15 184 19 152 16 16 21 567
internal_value=0.000177066 -7.69231e-05 -0.000370697 -8.07899e-05 0.000164986 0.00089207 0.000249406 0.000743494 0.012 -0.00342391 0.0065625 0.00895522 0.000232859 -0.000119681
internal_weight=1185 1169 1132 1113 1090 907 841 806 34 183 31 66 772 751
internal_count=1185 1169 1132 1113 1090 907 841 806 34 183 31 66 772 751
is_linear=0
shrinkage=0.03


Tree=370
num_leaves=15
num_cat=0
split_feature=34 9 24 11 42 43 1 22 1 13 24 14 17 24
split_gain=5.75264 3.51951 7.12612 10.1706 8.82488 4.44314 3.69226 6.30331 6.13573 4.20347 4.81914 4.75714 3.63826 3.86034
threshold=29.229242617482036 0.39746846181800061 0.98971586850615034 0.01453771042807755 7.8301465850147078 1.2172844520170996 1.6433404846774653 11.873141572582211 1.6626551858555307 0.58337121212121223 0.9532325991024333 0.60188679245283028 2.9287557603686643 0.76354622714396092
decision_type=2 2 2 2 2 2 2 2 2 2 2 2 2 2
left_child=1 2 4 -4 5 -1 7 9 -8 10 12 -11 -3 -14
right_child=-2 6 3 -5 -6 -7 8 -9 -10 11 -12 -13 13 -15
leaf_value=-6.3144184370497728e-05 0.00042666584819452065 2.8755768286177206e-05 -0.00043566700501558196 0.0011725563494841911 -0.00086866739277465909 0.00010653798222715504 -9.001825439540534e-05 0.00017061017179759608 -2.7806529257090595e-06 -0.00033128617469644348 0.00010418648599174677 1.7333552346686098e-05 3.0671955143813933e-05 -2.1933181822053614e-05
leaf_weight=52 21 177 19 26 44 37 26 18 463 38 44 66 67 102
leaf_count=52 21 177 19 26 44 37 26 18 463 38 44 66 67 102
internal_value=-0.000199833 -0.000483051 -0.00435754 0.00586957 -0.00783582 -0.00233333 0.000209581 0.0019883 -0.00165306 0.00133333 0.00276215 -0.004 0.0015562 -0.00158824
internal_weight=1200 1179 178 45 133 89 1001 512 489 494 390 104 346 169
internal_count=1200 1179 178 45 133 89 1001 512 489 494 390 104 346 169
is_linear=0
shrinkage=0.03


Tree=371
num_leaves=15
num_cat=0
split_feature=13 8 23 23 19 19 19 12 22 29 13 24 33 0
split_gain=3.85337 4.72681 4.65222 6.19465 4.24467 6.16456 5.96883 5.81624 5.21059 4.42972 5.03516 9.50042 4.21757 4.03686
threshold=0.72508214676889382 2.1088998399735588 4.7605029788834221 6.484489737880474 0.023290121173338545 0.068459689413066807 0.33200231399827868 0.65474803830405071 9.1014323093424476 0.187061095505618 0.58066302282677651 0.87651674217354136 2.7058561391266873 7.5000000000000009
decision_type=2 2 2 2 2 2 2 2 2 2 2 2 2 2
left_child=4 -2 -3 -4 7 8 -7 -1 -6 12 11 13 -8 -11
right_child=1 2 3 -5 5 6 9 -9 -10 10 -12 -13 -14 -15
leaf_value=-0.00029211113383853461 8.6347848821594073e-06 0.014035292092223917 -0.00020119344789495562 0.0065800722103932065 0.00016504290364972973 -0.00011031021700111165 4.9837851452077942e-05 0.0001822478787595183 7.989221874874053e-05 3.3141481472127589e-05 3.7639295522703951e-06 -0.0001663728479298271 0.0031996264636529334 -0.00054574846049202372
leaf_weight=98 98 15.999999999999998 20 17 24 190 50 26 67 63 460 18 25 29
leaf_count=98 98 16 20 17 24 190 50 26 67 63 460 18 25 29
internal_value=7.48752e-05 0.00453947 0.0116667 0.00552632 -0.000570885 0.00012945 -0.000681818 -0.00576 0.0075 0.000696594 -0.000210158 -0.00594595 0.0075 -0.00193548
internal_weight=1201 151 53 37 1050 926 835 124 91 645 570 110 75 92
internal_count=1201 151 53 37 1050 926 835 124 91 645 570 110 75 92
is_linear=0
shrinkage=0.03


Tree=372
num_leaves=15
num_cat=0
split_feature=19 19 23 37 22 37 20 14 22 37 21 23 33 30
split_gain=4.06307 7.58374 4.75717 9.92007 3.22644 4.19907 5.96851 4.70547 3.17211 5.25782 5.41939 4.26339 8.63031 6.65083
threshold=0.04235516746648197 0.053824783467783875 8.1709688440659622 3.1718728283451285 10.008421700658106 2.105506845301913 1.4064566783214281 0.98209900990099019 12.044376294546206 1.8603276782758624 2.2479056322122806 6.6284455141170353 7.0901314511530433 0.97915762049500665
decision_type=2 2 2 2 2 2 2 2 2 2 2 2 2 2
left_child=2 -2 4 -4 5 6 -1 -8 9 -3 -11 -12 -13 -14
right_child=1 8 3 -5 -6 -7 7 -9 -10 10 11 12 13 -15
leaf_value=-0.00024457492722194664 0.0004674765214943871 4.5531716524505046e-06 -0.0024438755775416741 -0.00039655439764622712 0.00035363136764720134 -0.0005241358663375295 0.00021546282833279028 -0.0001590121371823227 5.2041890048610814e-05 -8.9664345014037753e-05 1.6175112015154036e-05 -0.0049599056056058854 1.4027327746943818e-05 -2.6298785982022954e-05
leaf_weight=38 24 468 19 29 62 36 20 22 64 165 104 30 75 52
leaf_count=38 24 468 19 29 62 36 20 22 64 165 104 30 75 52
internal_value=-0.000347395 0.000488301 -0.00396476 -0.0122449 -0.00167598 -0.00461538 -0.000740741 0.00697674 6.25652e-05 -0.000402235 -0.0028103 -0.000114504 -0.00322785 0.000234375
internal_weight=1208 982 226 48 178 116 80 42 958 894 426 261 157 127
internal_count=1208 982 226 48 178 116 80 42 958 894 426 261 157 127
is_linear=0
shrinkage=0.03


Tree=373
num_leaves=15
num_cat=0
split_feature=11 11 43 33 11 8 36 3 11 42 42 3 14 13
split_gain=4.30208 5.95858 4.94412 4.73264 3.92207 4.52486 5.7125 3.79634 7.35165 3.32402 9.52363 4.30242 3.24441 3.28183
threshold=0.28250594458625583 0.26169597799194094 1.5118319590988969 11.633255522990355 0.12352589754375921 2.8230145357284244 6.5434454541542033 4.2890362464321576 0.012987991822596067 9.9130813529215018 8.1209157439726116 2.7604218289226812 0.29455372382213901 0.24672504286206981
decision_type=2 2 2 2 2 2 2 2 2 2 2 2 2 2
left_child=1 2 3 7 5 -4 -7 -1 -9 10 11 -2 13 -10
right_child=9 -3 4 -5 -6 6 -8 8 12 -11 -12 -13 -14 -15
leaf_value=1.5311943120632776e-06 4.4788201364731606e-06 -0.0015940095629954265 4.3543328692785541e-06 -0.00014445417241153001 -0.00084401010473047599 -0.0043441485306658376 0.00016235812290774107 -0.0010732603449456867 -0.00027480470593438389 0.0052484573347852002 -0.0014301325763810548 0.0095704635814760648 0.00010160689780760123 0.00090833514805936481
leaf_weight=749 15.000000000000002 40 121 24 31 19 14.999999999999998 17 20 20 21 14.999999999999998 54 30
leaf_count=749 15 40 121 24 31 19 15 17 20 20 21 15 54 30
internal_value=-2.51678e-05 -0.000481713 -5.55042e-05 0.000871508 -0.00449198 -0.0025 -0.012 0.00123995 0.00614754 0.00708333 0.00288462 0.0135484 0.00914286 0.00352941
internal_weight=1191 1120 1080 894 186 155 34 870 121 71 51 30 104 50
internal_count=1191 1120 1080 894 186 155 34 870 121 71 51 30 104 50
is_linear=0
shrinkage=0.03


Tree=374
num_leaves=15
num_cat=0
split_feature=3 21 21 34 41 29 36 42 24 12 24 10 24 31
split_gain=3.64031 5.08248 5.47016 4.7463 5.76353 4.6533 3.94431 5.35804 4.89417 3.76323 4.0855 4.76475 8.13534 8.18907
threshold=4.1872024690263441 2.9652053013017006 2.5943761204130147 15.946250351129679 8.3385829294489167 12.255102040816327 2.2659182120664325 7.7376447404344288 0.24038461538461542 0.16428407513869481 0.99210245310245326 0.70526439244522188 0.88528180843977189 16.500000000000004
decision_type=2 2 2 2 2 2 2 2 2 2 2 2 2 2
left_child=1 2 3 5 -5 6 7 8 -1 -8 11 -11 -13 -14
right_child=-2 -3 -4 4 -6 -7 9 -9 -10 10 -12 12 13 -15
leaf_value=1.6070595792663232e-05 9.1669914717912301e-06 -0.0087569868486782696 0.0010459693106895825 -0.00018629833889784398 1.0056462063516846e-05 2.2250597551695671e-05 8.6697922435916012e-06 -0.00012355153749949943 0.00031922053303830907 -7.3405999746236066e-05 0.0013616338706413855 4.1648780749535815e-05 -0.00012740558017827806 3.5555311549733122e-05
leaf_weight=93 271 21 28 25 28 22 166 34 32 346 21 41 41 14.999999999999998
leaf_count=93 271 21 28 25 28 22 166 34 32 346 21 41 41 15
internal_value=0.000151899 -0.000754923 -0.000403135 -0.00083237 -0.00944444 -0.000258621 -0.00064557 0.0035625 0.00642857 -0.00171157 -0.00309677 -0.00371622 0.00214286 -0.00526316
internal_weight=1184 913 892 864 53 811 789 159 125 630 464 443 97 56
internal_count=1184 913 892 864 53 811 789 159 125 630 464 443 97 56
is_linear=0
shrinkage=0.03


Tree=375
num_leaves=15
num_cat=0
split_feature=4 15 38 0 24 22 22 14 30 36 14 22 19 18
split_gain=3.80645 4.17288 3.99715 3.29684 4.46947 3.09072 5.05437 4.20944 2.84286 7.85502 6.1066 3.4594 4.74785 3.50071
threshold=1.2172844520170996 0.015271653973690924 0.02774588595484118 7.5000000000000009 0.96582598570937839 11.692742322140942 7.4515309083694152 0.42361023121643793 0.97999199679871951 7.8663136520131802 0.39523870257935706 12.017651736177809 0.047728504306278445 1.096562299177231
decision_type=2 2 2 2 2 2 2 2 2 2 2 2 2 2
left_child=5 2 3 4 -2 6 7 -1 11 10 -10 -4 -13 -14
right_child=1 -3 8 -5 -6 -7 -8 -9 9 -11 -12 12 13 -15
leaf_value=2.6884806581506381e-05 0.00017987489957161217 -0.00050571460559746041 8.7980138781432172e-06 -0.00058831424711385915 -0.00015032009134938962 0.0091234900188379865 -0.0002472966648224731 0.00044112760763433064 -4.1481699642600018e-05 2.0832192084307976e-06 -0.00035233613403757192 -0.001833855083361839 -8.8007797604472418e-06 0.0035607048947885467
leaf_weight=72 36 35 616 23 17 14.999999999999998 30 24 44 183 19 38 21 24
leaf_count=72 36 35 616 23 17 15 30 24 44 183 19 38 21 24
internal_value=-0.000175292 -0.000794702 -0.000440313 -0.00701299 -0.00277778 0.00443662 0.00283465 0.00618557 9.51374e-05 -0.00267206 -0.0117188 0.00107143 -0.00464286 0.00195652
internal_weight=1197 1056 1021 76 53 141 126 96 945 246 63 699 83 45
internal_count=1197 1056 1021 76 53 141 126 96 945 246 63 699 83 45
is_linear=0
shrinkage=0.03


Tree=376
num_leaves=15
num_cat=0
split_feature=42 33 42 22 23 37 9 38 9 30 39 34 23 7
split_gain=3.90129 2.92 9.18342 7.13719 6.74313 6.73462 6.40918 5.923 5.50212 5.04257 7.47993 4.23421 3.75829 10.1377
threshold=10.690973012983891 6.9848531736803467 8.0774379228624138 9.2610102737604123 7.6015758535146887 2.0452524707120223 1.09584992458713 0.15037593984962408 1.4265875937698624 0.98076211616722164 3.1041666666666674 12.005438485999838 6.5067536557574774 3.9930020505769641
decision_type=2 2 2 2 2 2 2 2 2 2 2 2 2 2
left_child=1 9 -3 8 5 -5 -6 -8 11 12 -11 -4 13 -1
right_child=-2 2 3 4 6 -7 7 -9 -10 10 -12 -13 -14 -15
leaf_value=7.8824793168008608e-07 -0.0011118160925279797 3.8591579891187888e-05 -3.8564716534983391e-05 0.00013030354550818134 -0.00074340265303221467 -8.9536186464491679e-05 1.9221465865504329e-06 0.0011378078391366131 -8.2848390553000859e-05 -1.750459467019988e-05 -0.00042164234346604436 3.4632271043137929e-05 -0.00038668126163238779 0.0019369414743409007
leaf_weight=504 15.999999999999998 145 19 25 56 19 188 17 15.999999999999998 35 21 18 96 14.999999999999998
leaf_count=504 16 145 19 25 56 19 188 17 16 35 21 18 96 15
internal_value=0.000151134 0.000357447 0.00208333 -0.000501393 0.00127451 0.012 -0.000572519 0.0018932 -0.0105556 -0.0009375 -0.00947368 -0.00394737 -0.000146104 0.000865385
internal_weight=1190 1174 503 358 305 44 261 205 53 671 56 37 615 519
internal_count=1190 1174 503 358 305 44 261 205 53 671 56 37 615 519
is_linear=0
shrinkage=0.03


Tree=377
num_leaves=15
num_cat=0
split_feature=51 22 13 13 23 51 22 11 22 38 35 22 51 35
split_gain=5.98227 5.34799 4.60123 4.34841 5.22281 4.03295 4.76859 4.60381 4.83505 5.78561 7.24357 7.17429 6.47741 4.81872
threshold=4.7890445505803596 11.998398787762072 0.020593695955493294 0.2413142744543022 7.936632914208487 7.0458859258013433 13.404222880524637 0.14441625773053821 11.926407563605883 0.066104441776710696 0.87521373970593896 8.6322942676025374 5.4918321548436166 0.81291138228368631
decision_type=2 2 2 2 2 2 2 2 2 2 2 2 2 2
left_child=1 -1 -2 4 -4 6 7 8 9 -5 11 -11 -12 -13
right_child=2 -3 3 5 -6 -7 -8 -9 -10 10 12 13 -14 -15
leaf_value=-5.6939189527076546e-05 0.011553350636806244 -0.0006935797545623945 -0.0010585843333745836 -3.597896695441749e-05 -5.6465260235338821e-05 0.0051853592680158583 -0.0015080007494502822 2.295018663642012e-05 4.0639785814509107e-05 3.7433832494452869e-05 6.5956550238741721e-06 -4.8380767903448695e-05 5.3509796594956026e-05 -2.1452380174151739e-05
leaf_weight=457 14.999999999999998 18 19 86 48 20 19 172 64 51 88 117 31 20
leaf_count=457 15 18 19 86 48 20 19 172 64 51 88 117 31 20
internal_value=-0.000709625 -0.00334034 0.000958722 0.000611413 -0.00661765 0.00134529 0.000924499 0.00138095 -0.000196507 -0.0014467 0.000487013 -0.0031746 0.00625 -0.00673913
internal_weight=1225 475 750 735 67 668 648 629 457 393 307 188 119 137
internal_count=1225 475 750 735 67 668 648 629 457 393 307 188 119 137
is_linear=0
shrinkage=0.03


Tree=378
num_leaves=15
num_cat=0
split_feature=5 33 5 34 22 42 42 35 13 22 4 35 33 39
split_gain=3.02879 4.72914 5.17366 5.00766 6.716 6.59407 4.64766 4.46216 8.97698 5.82933 5.78555 5.70969 6.39464 6.60139
threshold=2.0897758955825942 6.5948008714737965 2.5927285787009633 7.7231770833333337 11.051340629237442 7.811915639724341 9.0096079557627995 0.8752639903989029 0.58192052117502147 9.2981791738385731 4.1243469996111468 0.81286582619394643 8.7776127829206025 3.2046511627906979
decision_type=2 2 2 2 2 2 2 2 2 2 2 2 2 2
left_child=-1 -2 -3 4 5 -4 -6 10 -9 -10 11 -5 13 -13
right_child=1 2 3 7 6 -7 -8 8 9 -11 -12 12 -14 -15
leaf_value=1.6466461969298906e-05 -0.00019467443422703957 -0.00092130808125798658 2.8424902610101886e-05 7.2471387890260526e-06 -0.00096523900582408222 0.00041487835725476574 6.7006181417263999e-05 -5.5925609759399644e-06 3.8740731192619112e-05 0.00010803732330295634 -0.00018497367374858075 -1.5153419484976171e-05 -3.4169852993199963e-05 1.7934234732226439e-05
leaf_weight=263 348 14.999999999999998 39 111 17 28 18 195 34 26 19 44 20 14.999999999999998
leaf_count=263 348 15 39 111 17 28 18 195 34 26 19 44 20 15
internal_value=-0.000905281 -0.00170968 -5.15464e-05 0.00042328 0.00640777 0.0119118 -0.00416667 -0.000903226 0.00175781 0.0118033 -0.00414286 -0.00251309 -0.008625 -0.0035
internal_weight=1192 929 581 566 102 67 35 464 255 60 209 190 79 59
internal_count=1192 929 581 566 102 67 35 464 255 60 209 190 79 59
is_linear=0
shrinkage=0.03


Tree=379
num_leaves=15
num_cat=0
split_feature=36 27 42 51 3 36 37 18 24 39 19 20 11 31
split_gain=7.87036 7.65442 5.39233 6.2668 4.74145 3.99866 3.53137 3.92124 4.14079 3.28 3.51574 3.16104 4.70473 4.56499
threshold=7.0438221371444127 5.5000000000000009 6.6855530645966406 3.1866737755804531 6.045179705448029 2.1813825632777135 1.8027602617187346 1.6674278448086459 0.99988268206182973 2.7678571428571432 0.96875000000000011 2.3452840864979656 0.11984256033915182 14.500000000000002
decision_type=2 2 2 2 2 2 2 2 2 2 2 2 2 2
left_child=2 -2 5 -4 11 -1 -5 -8 -9 10 -7 13 -13 -3
right_child=1 4 3 6 -6 9 7 8 -10 -11 -12 12 -14 -15
leaf_value=3.9139854853936783e-05 0.001699543602743675 2.5743597372007708e-06 -0.00033049399876874214 4.9497897192656293e-05 -0.00061792356029015665 -0.0010319846296001133 -0.00067203747573741258 -3.796592745479721e-06 -0.0016710800727035384 0.00013002517279763203 -0.00016354464218643782 -3.0116795063842017e-06 1.7396207690259512e-05 -0.00026445160136318675
leaf_weight=94 32 177 21 40 15.999999999999998 15.999999999999998 131 140 20 49 88 126 223 20
leaf_count=94 32 177 21 40 16 16 131 140 20 49 88 126 223 20
internal_value=-0.000125628 0.00231933 -0.00255 -0.00492918 0.00149201 0.000846774 -0.00388554 -0.00503425 -0.00186335 -0.00214286 -0.00514286 0.00197441 0.00368571 -0.00106061
internal_weight=1193 594 599 352 562 247 331 291 160 153 104 546 349 197
internal_count=1193 594 599 352 562 247 331 291 160 153 104 546 349 197
is_linear=0
shrinkage=0.03


Tree=380
num_leaves=15
num_cat=0
split_feature=42 9 9 17 16 51 51 42 42 24 39 27 35 14
split_gain=3.97255 6.2128 4.04236 2.91199 4.35748 3.0359 5.98261 2.9037 2.88393 3.50642 6.81294 4.43855 4.37679 5.38338
threshold=10.238386543929932 1.4199840699904331 1.7049533119607647 50.942667471333742 0.30633295758393225 6.5296813911996407 5.8810722452205999 8.0117355340274514 10.157174693333596 0.91932952438093174 7.1016304347826091 27.500000000000004 0.81291974742070483 0.38398462825984686
decision_type=2 2 2 2 2 2 2 2 2 2 2 2 2 2
left_child=2 -2 3 4 5 6 8 -6 9 10 12 -11 -1 -14
right_child=1 -3 -4 -5 7 -7 -8 -9 -10 11 -12 -13 13 -15
leaf_value=3.069188614730489e-06 -0.0012734051347442188 0.00045856775587018058 -0.00092815647394558489 0.00037470874649575228 -0.00021498299868338177 -0.00031728259530666714 0.00070896136847820696 -2.0522635601094574e-07 0.0038460656833695628 1.1815803172556261e-05 -0.00039142484289791832 -0.0014135722447309884 -1.8186730497422587e-05 3.2225088674842084e-07
leaf_weight=427 21 18 19 41 26 52 30 18 27 321 35 14.999999999999998 63 67
leaf_count=427 21 18 19 41 26 52 30 18 27 321 35 15 63 67
internal_value=-0.00045724 -0.00975 -0.000131349 0.000106857 -0.000194085 0.000202312 0.000578093 -0.00933333 0.000156904 -0.000129171 -0.00151771 0.00231454 -0.000698925 -0.00549618
internal_weight=1180 39 1141 1122 1081 1037 985 44 955 928 592 336 557 130
internal_count=1180 39 1141 1122 1081 1037 985 44 955 928 592 336 557 130
is_linear=0
shrinkage=0.03


Tree=381
num_leaves=15
num_cat=0
split_feature=17 40 36 4 23 3 51 4 30 41 33 41 13 22
split_gain=3.7065 5.29852 4.34578 7.86905 3.02521 2.52946 7.45163 6.42485 5.00927 7.54442 5.44644 6.95563 3.76654 3.69587
threshold=29.78410408704509 1.755808010284569 4.5205065469975949 4.4108611702180323 5.8478397987349426 3.5084090924834279 4.9299754862733183 3.0149200779194234 0.97726098191214483 10.132109968840494 6.9714328545945605 7.1344629766724639 0.58198686220554285 12.044376294546206
decision_type=2 2 2 2 2 2 2 2 2 2 2 2 2 2
left_child=5 -2 4 -4 -3 7 -7 -1 9 -8 12 -12 -10 -13
right_child=1 2 3 -5 -6 6 8 -9 10 -11 11 13 -14 -15
leaf_value=-7.2760808328742318e-07 -0.00029932256456667084 -6.5607575946446946e-06 0.00089440438638573863 -0.00035752364983420825 -0.00076866348858338983 0.00075683702702071304 2.2747944601877455e-05 -0.0010868851840922589 -0.0001622448861060919 -2.6453654812732539e-05 2.5708138758071817e-05 -1.0687779789606555e-05 -4.9850358131059353e-05 5.3254016114490095e-06
leaf_weight=404 49 18 27 26 15.999999999999998 28 329 49 15.000000000000002 20 15.999999999999998 141 15.999999999999998 27
leaf_count=404 49 18 27 26 16 28 329 49 15 20 16 141 16 27
internal_value=-0.000177665 -0.00481752 -0.000340909 0.005 -0.00857143 0.00043021 0.00172007 -0.00125551 0.000955752 0.00317143 -0.00263889 -0.000648649 -0.0140625 -0.00248521
internal_weight=1181 136 87 53 34 1045 592 453 564 349 215 184 31 168
internal_count=1181 136 87 53 34 1045 592 453 564 349 215 184 31 168
is_linear=0
shrinkage=0.03


Tree=382
num_leaves=15
num_cat=0
split_feature=3 28 42 29 38 38 11 29 29 51 34 35 14 14
split_gain=4.08395 3.68845 4.05366 5.17913 4.28374 7.03385 5.58696 3.99478 6.53141 5.43344 5.40946 6.2383 3.93266 4.14191
threshold=6.3105454366578142 10.500000000000002 6.9303719320380699 0.81623212783851995 0.19345238095238099 0.49837622549019617 0.16655338498125374 10.988095238095239 11.968297101449277 5.4029153348032048 11.098837926051877 0.87521373970593896 0.40032892004990611 0.39981645549779776
decision_type=2 2 2 2 2 2 2 2 2 2 2 2 2 2
left_child=1 2 3 -1 6 -6 -5 9 -9 10 -3 -12 13 -10
right_child=-2 7 -4 4 5 -7 -8 8 12 -11 11 -13 -14 -15
leaf_value=2.93770892521418e-05 0.0044890394327950474 1.4361318682032386e-05 -0.00010929159698037316 -6.7360570582560114e-05 0.0005526332496106045 -0.00043581799705884713 -0.00085688789397932099 -7.9434640028586958e-05 1.841866920182511e-06 8.6649908137990118e-05 1.1216211846287182e-05 -0.00011901347143678964 -5.1057694096434682e-05 5.3413198461044194e-05
leaf_weight=186 15.999999999999998 103 379 42 25 24 15.999999999999998 48 151 73 18 17 53 32
leaf_count=186 16 103 379 42 25 24 16 48 151 73 18 17 53 32
internal_value=-0.000481419 -0.000693493 -0.00213967 0.000510204 -0.00472222 0.0018 -0.0101695 0.00127016 -0.00105263 0.00438679 0.000863309 -0.00916667 0.00101266 0.00309783
internal_weight=1183 1167 672 293 107 49 58 495 284 211 138 35 236 183
internal_count=1183 1167 672 293 107 49 58 495 284 211 138 35 236 183
is_linear=0
shrinkage=0.03


Tree=383
num_leaves=15
num_cat=0
split_feature=12 3 5 12 42 35 12 11 13 30 35 22 12 13
split_gain=5.58985 4.45119 6.45735 6.49502 5.94427 5.77919 4.11372 6.00861 5.86469 5.42868 5.23518 5.22469 4.05396 3.92725
threshold=0.16461373392463 4.2620241762815327 4.3882596125730311 0.40275370390411575 7.1705713926154626 0.94204684170722608 0.16442314435384814 0.12762159745711413 0.58093411828737762 0.97617697107203638 0.8128434992603778 11.051340629237442 0.16323105338931182 0.58127707449239363
decision_type=2 2 2 2 2 2 2 2 2 2 2 2 2 2
left_child=6 5 3 -3 -4 -2 7 10 -8 11 -1 12 -9 -11
right_child=1 2 4 -5 -6 -7 8 9 -10 13 -12 -13 -14 -15
leaf_value=3.5028475866357709e-05 -1.8642898490961457e-05 2.7864356308078263e-05 0.0014697730241616735 0.0074397646784630503 -0.00022900420486285432 -0.00022816503416700051 -1.3473215596739862e-05 1.8920682685712176e-05 4.056443451218805e-05 -4.6869410860068957e-05 -3.8781085613808774e-05 -4.4585490887634192e-05 5.856859203842268e-05 4.7545094763135064e-06
leaf_weight=25 607 50 19 21 112 27 17 26 46 30 56 23 59 86
leaf_count=25 607 50 19 21 112 27 17 26 46 30 56 23 59 86
internal_value=-0.000149378 -0.00150538 0.00236453 0.00958333 -0.00159091 -0.00274016 0.00292683 0.00147059 0.00984375 0.004 -0.0054878 0.00880734 0.0122093 -0.000512821
internal_weight=1204 836 202 71 131 634 368 305 63 224 81 108 85 116
internal_count=1204 836 202 71 131 634 368 305 63 224 81 108 85 116
is_linear=0
shrinkage=0.03


Tree=384
num_leaves=15
num_cat=0
split_feature=14 34 36 36 13 35 11 12 35 35 19 7 36 11
split_gain=6.32666 6.1403 5.07178 4.04227 6.37056 6.71295 10.5902 8.1457 6.19481 8.224 6.15745 9.05775 5.49495 3.93944
threshold=0.15106480086763097 18.908529690325469 7.4121900910777336 9.0893665065192639 0.58071022460470123 0.87525549683590398 0.12270557639684794 0.16452903818999928 0.87529585878089489 0.875345339988291 0.56838385821251303 2.6994038651016328 12.116590407236176 0.28571449453167602
decision_type=2 2 2 2 2 2 2 2 2 2 2 2 2 2
left_child=1 -1 13 10 -5 6 12 -8 -7 -10 11 -4 -6 -2
right_child=2 -3 3 4 5 8 7 -9 9 -11 -12 -13 -14 -15
leaf_value=0.00010067734874912859 -0.00010545356211623336 -0.00065851701169399751 -0.00012967248135932336 -0.00012971964011003866 -0.00023177567763890794 6.4735713857115844e-05 -5.5608146913088682e-06 1.9736734620754424e-05 -3.4822096543010158e-05 1.9109086313929822e-05 -3.7647505101945366e-06 6.9889059708948541e-05 -1.8221584755062636e-05 0.00012896119420276018
leaf_weight=183 477 22 19 44 17 21 83 29 14.999999999999998 61 77 102 32 31
leaf_count=183 477 22 19 44 17 21 83 29 15 61 77 102 32 31
internal_value=-0.000568369 0.0042233 -0.00154609 0.000598802 -0.00158416 0.00023166 -0.00351852 0.00159292 0.00642857 0.00233766 0.0039196 0.00811475 -0.015 -0.00365422
internal_weight=1213 205 1008 500 302 258 161 112 97 76 198 121 49 508
internal_count=1213 205 1008 500 302 258 161 112 97 76 198 121 49 508
is_linear=0
shrinkage=0.03


Tree=385
num_leaves=15
num_cat=0
split_feature=37 21 20 23 9 33 33 11 20 23 23 24 7 7
split_gain=5.49725 6.85801 5.62905 4.95316 4.55616 3.782 7.91041 4.92396 3.92567 5.09641 3.73818 3.54608 3.23992 2.95653
threshold=1.9468808810289719 2.4746352957487336 2.9996346683406006 6.6037393483696887 0.98285734890791632 10.280837340614992 8.6331697154417135 0.01453771042807755 4.2178391305798737 7.4506245741076542 5.6566687284554229 0.97884455792905145 2.4771067777543618 1.2670130530280677
decision_type=2 2 2 2 2 2 2 2 2 2 2 2 2 2
left_child=13 3 -3 4 10 6 7 -4 9 -9 12 -6 -2 -1
right_child=1 2 5 -5 11 -7 -8 8 -10 -11 -12 -13 -14 -15
leaf_value=2.7279789119719622e-05 -0.00015920418820747128 0.0029816993496541654 -0.001211164790288075 -0.0019285170017092411 -0.00036895074157590967 -0.00055889051742290079 0.00041536772879026851 0.00010320695387349033 0.00033056514368237617 -0.0042504989038765198 0.0005719015345581602 -0.0017589372308252148 -0.00038508118220077932 3.9435969232837206e-07
leaf_weight=101 77 23 19 29 23 32 28 54 44 28 15.999999999999998 15.999999999999998 18 711
leaf_count=101 77 23 19 29 23 32 28 54 44 28 16 16 18 711
internal_value=-0.000614754 -0.00345588 0 -0.00783333 -0.00556291 -0.00160194 0.000172414 -0.00267123 -0.000472441 -0.00433735 -0.00241071 -0.01425 -0.0046875 0.000811808
internal_weight=1219 407 228 179 150 205 173 145 126 82 111 39 95 812
internal_count=1219 407 228 179 150 205 173 145 126 82 111 39 95 812
is_linear=0
shrinkage=0.03


Tree=386
num_leaves=15
num_cat=0
split_feature=17 28 24 30 23 29 11 22 5 22 22 33 30 13
split_gain=4.50134 6.12611 5.46804 5.18314 5.57401 5.22164 4.68153 5.69823 4.61974 7.633 3.9421 5.94879 3.7711 3.95432
threshold=11.151510518591 13.500000000000002 0.99127469477940966 0.12183055040197899 5.7200605833470224 0.94427860696517418 0.16788856330600585 9.0434432576225525 4.8129456370225947 9.3889980277582659 12.044376294546206 11.579933589139872 0.97726098191214483 0.58215697554829926
decision_type=2 2 2 2 2 2 2 2 2 2 2 2 2 2
left_child=2 3 10 4 6 -6 7 -2 9 -3 12 -12 -1 -14
right_child=1 8 -4 -5 5 -7 -8 -9 -10 -11 11 -13 13 -15
leaf_value=1.0240864691893891e-05 -0.00023464255725547776 -0.00021486512468582241 0.0012701123063881092 -0.0012444276977705991 -0.00083161606820098704 0.00050580558955813258 0.00071631368679192617 0.00017388509146897701 -0.0002450088944464124 0.0010257487093886808 0.0025713041365640166 -3.8168086488283845e-05 -1.6844246695119634e-05 2.9448830589151595e-06
leaf_weight=614 25 22 19 33 78 25 25 22 26 34 24 27 169 59
leaf_count=614 25 22 19 33 78 25 25 22 26 34 24 27 169 59
internal_value=-4.98753e-05 -0.00329897 0.000985761 -0.00602871 -0.00392045 -0.00836538 0.00246575 -0.003125 0.00361446 0.00842105 0.000637584 0.00865385 0.000142349 -0.0031441
internal_weight=1202 290 912 208 175 103 72 47 82 56 893 51 842 228
internal_count=1202 290 912 208 175 103 72 47 82 56 893 51 842 228
is_linear=0
shrinkage=0.03


Tree=387
num_leaves=15
num_cat=0
split_feature=22 3 23 4 26 31 16 22 49 12 24 14 1 23
split_gain=3.62881 4.27298 5.26654 4.37538 3.57231 4.84387 3.16492 6.67759 2.67757 2.77697 3.27838 5.1489 2.91951 3.10646
threshold=12.325878917778089 4.3950277462276448 7.577085577741606 5.4223331239612564 64.125490196078445 23.500000000000004 0.32408102025506386 8.7695211745793884 2.3119036551835941 0.16359130957148579 0.39393939393939398 0.38123776908023488 0.81162464519895028 6.792616846095977
decision_type=2 2 2 2 2 2 2 2 2 2 2 2 2 2
left_child=4 2 -2 -3 5 6 8 -8 9 10 -1 -12 -11 -14
right_child=1 3 -4 -5 -6 -7 7 -9 -10 12 11 -13 13 -15
leaf_value=0.00018316514193498834 -9.7810716695420622e-05 0.00079441355967716865 -0.0067013505712617983 -0.00074634741371617966 0.00083226540638336565 -0.00056355804758377419 9.1905662913394075e-09 -0.00038383316306954342 0.00060477420085797596 -5.7302453489114222e-05 0.00010705626749750659 -0.00012204718401145786 3.3239784183042298e-06 -7.409760315584268e-06
leaf_weight=26 16.000000000000004 24 14.999999999999998 25 20 21 27 18 26 33 16.000000000000004 14.999999999999998 533 384
leaf_count=26 16 24 15 25 20 21 27 18 26 33 16 15 533 384
internal_value=-0.001275 -0.00740741 -0.0159375 -0.0018 -0.000830357 -0.00106364 -0.000778499 -0.00847826 -0.000435203 -0.000684524 0.00568966 -0.0009375 -0.00107256 -0.000751634
internal_weight=1199 80 31 49 1119 1099 1078 45 1033 1007 57 31 950 917
internal_count=1199 80 31 49 1119 1099 1078 45 1033 1007 57 31 950 917
is_linear=0
shrinkage=0.03


Tree=388
num_leaves=15
num_cat=0
split_feature=14 11 10 36 36 39 4 3 18 22 40 23 13 45
split_gain=5.35499 4.29983 3.89257 6.08629 9.00702 4.46405 3.5055 3.44437 3.59426 3.1591 3.27632 2.78863 5.33714 2.81778
threshold=0.18958347623293784 0.17778304509182355 0.26163120611250273 9.0893665065192639 7.0438221371444127 6.0220588235294121 1.2428607132407901 5.0988517322089946 1.8194940796718411 7.7051545905446845 0.73856062735983141 5.7824595598634216 0.0012090362033649312 1.0000000180025095e-35
decision_type=2 2 2 2 2 2 2 2 2 2 2 2 2 2
left_child=11 2 3 4 7 -4 -3 8 -2 10 -8 12 13 -1
right_child=1 6 5 -5 -6 -7 9 -9 -10 -11 -12 -13 -14 -15
leaf_value=3.4789437774677134e-05 -9.6174994954443261e-05 1.7086542846105888e-05 1.7786743179223906e-06 -0.0011713150690547368 0.0016348451630770766 0.00098384125985171377 -0.00015992374613636227 -0.00082102035452865209 0.00040025398616802337 -5.438814194864916e-05 -0.0016269012105011959 2.6696839363692381e-05 0.0023234235196502606 0.0017707904376992804
leaf_weight=88 169 26 544 21 28 21 37 26 34 57 19 70 25 20
leaf_count=88 169 26 544 21 28 21 37 26 34 57 19 70 25 20
internal_value=0.000430017 -0.000488301 0.000319905 -0.00258065 -0.00127907 0.00174912 -0.00535714 -0.00326087 -0.00191176 -0.00763158 -0.0126316 0.00485294 0.00738806 0.00440367
internal_weight=1185 982 843 278 257 565 139 229 203 113 56 203 133 108
internal_count=1185 982 843 278 257 565 139 229 203 113 56 203 133 108
is_linear=0
shrinkage=0.03


Tree=389
num_leaves=15
num_cat=0
split_feature=19 19 10 21 41 43 19 41 9 30 38 42 17 34
split_gain=4.11324 7.56876 5.01925 5.91378 5.83647 5.00617 4.80899 2.83328 3.14456 2.61094 2.46707 3.89249 7.43458 7.81985
threshold=0.33267514359717415 0.41215356463359959 0.12665637897347246 4.0426182035917497 9.9322867326161823 2.0913784655201999 0.12045397211501151 4.3219453022307261 0.40921890830436441 0.067816091954023008 0.073905723905723919 7.9342845548604641 3.2511624997393502 11.098837926051877
decision_type=2 2 2 2 2 2 2 2 2 2 2 2 2 2
left_child=2 -2 6 4 5 -4 -1 8 -3 -8 -9 12 13 -12
right_child=1 7 3 -5 -6 -7 9 10 -10 -11 11 -13 -14 -15
leaf_value=-4.9927791794517896e-05 0.0014521649097167621 -1.354310156560845e-05 -3.6747244156757338e-05 0.0022676298946882056 0.00094860038006431939 -0.001003326512674647 -0.00011325136232708698 -4.1305591408297148e-06 -0.00032078228163012534 -0.0037030229106965332 4.4671641197634484e-05 -8.5431651020817506e-07 0.00023891379467885803 -0.00018635346919877087
leaf_weight=126 29 29 257 25 19 37 33 340 19 28 120 133 19 14.999999999999998
leaf_count=126 29 29 257 25 19 37 33 340 19 28 120 133 19 15
internal_value=-0.0012439 0.000255319 -0.00325095 -0.00106195 -0.00219745 -0.00325424 -0.00718085 -0.000399408 -0.00734694 -0.0140323 0.000143312 0.0021875 0.00541935 0.00286765
internal_weight=1229 704 525 338 313 294 187 675 48 61 627 287 154 135
internal_count=1229 704 525 338 313 294 187 675 48 61 627 287 154 135
is_linear=0
shrinkage=0.03


Tree=390
num_leaves=15
num_cat=0
split_feature=51 11 17 22 38 13 43 0 0 38 19 43 14 0
split_gain=6.58267 4.96715 3.31229 5.67474 3.25184 2.77472 4.16465 7.33976 11.4239 8.52319 11.046 6.04201 4.89011 4.12236
threshold=6.6205135149915657 0.31348417778947874 85.831387798223076 13.675376409990834 0.99992316562451766 0.013239160372240539 1.2172844520170996 7.5000000000000009 5.0000000000000009 0.50655191538557698 0.11125175808720113 1.5249964284600714 0.56525129696947718 5.0000000000000009
decision_type=2 2 2 2 2 2 2 2 2 2 2 2 2 2
left_child=1 2 3 5 -3 13 -7 8 11 -10 -11 -8 -9 -1
right_child=-2 4 -4 -5 -6 6 7 12 9 10 -12 -13 -14 -15
leaf_value=8.0602078560357437e-05 -0.00020196911876211752 7.273968060620251e-05 -0.0013123262344349983 0.0016578639199980936 0.011704797571777184 4.7073198880198672e-07 -2.1245716700457605e-05 -0.00018810428025992643 0.0028552519051879811 0.0015497698273930266 -0.00075618900190691505 -0.0012128569144785649 -0.0014164339603601672 -5.088148985641916e-06
leaf_weight=72 57 15.000000000000002 25 15.999999999999998 15.999999999999998 679 33 25 30 16.000000000000004 14.999999999999998 30 20 120
leaf_count=72 57 15 25 16 16 679 33 25 30 16 15 30 20 120
internal_value=2.5641e-05 0.000539084 0.000194085 0.000454115 0.0121875 0.000172911 -0.000565371 -0.00476471 -0.00096 0.00822581 -0.0028125 -0.00984375 -0.015 0.00341969
internal_weight=1169 1112 1081 1056 31 1040 848 169 124 61 31 63 45 192
internal_count=1169 1112 1081 1056 31 1040 848 169 124 61 31 63 45 192
is_linear=0
shrinkage=0.03


Tree=391
num_leaves=15
num_cat=0
split_feature=20 7 23 21 36 36 13 30 10 12 12 39 35 24
split_gain=5.10936 5.58152 3.93646 3.79669 3.4763 3.85533 6.03226 5.0663 4.45248 6.10341 6.20165 5.87569 6.24327 5.36063
threshold=5.5855644278750134 5.0326707473413359 9.0402667237798209 4.2041557516826691 2.3792288443052332 7.2668691766077895 0.58287890245150298 0.87339743589743601 0.7149021608433469 0.16442314435384814 0.16440070242957763 7.1016304347826091 0.87521373970593896 0.86996585739666932
decision_type=2 2 2 2 2 2 2 2 2 2 2 2 2 2
left_child=1 3 -3 4 -1 7 8 -6 9 10 13 12 -11 -7
right_child=-2 2 -4 -5 5 6 -8 -9 -10 11 -12 -13 -14 -15
leaf_value=2.4817790666962214e-05 0.0052249064665867489 -5.8306197912592057e-05 -0.00082135140641656165 0.00059062242660256725 -0.00010176523767834455 -1.0015961266648942e-05 3.459869740139121e-05 -0.00042696737806456077 -1.3913958898048584e-05 0.00010780601943930712 -5.7284982747440869e-05 -7.2211482947506236e-05 3.2806936507789872e-06 2.0248400400287372e-05
leaf_weight=173 17 27 21 30 396 122 39 30 113 34 39 40 43 87
leaf_count=173 17 27 21 30 396 122 39 30 113 34 39 40 43 87
internal_value=-0.000866337 -0.0011046 -0.0110204 -0.000680035 -0.000966876 -0.00168432 5.79151e-05 -0.00379391 -0.000876827 0.000737705 -0.00192771 0.00635593 0.0111538 0.000142857
internal_weight=1211 1194 48 1146 1116 943 517 426 478 365 248 117 77 209
internal_count=1211 1194 48 1146 1116 943 517 426 478 365 248 117 77 209
is_linear=0
shrinkage=0.03


Tree=392
num_leaves=15
num_cat=0
split_feature=1 34 51 4 3 24 22 39 35 35 17 35 24 14
split_gain=5.44703 8.67634 4.82326 4.63656 5.24533 4.57343 4.54455 7.058 3.94475 4.63086 5.01844 3.89099 4.60426 3.76389
threshold=1.6433404846774653 12.597744241103118 5.8810722452205999 2.1156073239813011 2.6278773933215223 0.93994777019457698 9.8233240646918443 1.9883264933880531 0.8752639903989029 0.81279343046539931 85.831387798223076 0.93767540330587174 0.87188146004881129 0.38547099947355551
decision_type=2 2 2 2 2 2 2 2 2 2 2 2 2 2
left_child=1 2 -1 6 -5 -3 7 -2 9 10 -6 13 -13 -10
right_child=3 5 -4 4 8 -7 -8 -9 11 -11 -12 12 -14 -15
leaf_value=-2.7115422502832496e-07 0.0005734363098332337 1.5771835383004971e-05 0.00034270645474658411 -0.0012359360781069395 -3.8993466544945395e-05 0.00023163383806930503 0.002258572444393374 -0.00077517198125565004 -1.338569222497643e-07 -1.6946450084489583e-05 -0.0025217625717550707 -5.2033977450187672e-05 -1.3041829447247854e-05 2.7158421899562412e-05
leaf_weight=530 30 25 23 18 213 29 32 36 40 59 17 15.999999999999998 92 45
leaf_count=530 30 25 23 18 213 29 32 36 40 59 17 16 92 45
internal_value=-0.000273632 0.00172697 0.000595668 -0.00230384 -0.00347305 0.0130909 0.00363636 -0.000895522 -0.00285714 -0.00506897 -0.00311688 0.000463918 -0.00330275 0.00523256
internal_weight=1205 607 553 598 500 54 98 66 482 289 230 193 108 85
internal_count=1205 607 553 598 500 54 98 66 482 289 230 193 108 85
is_linear=0
shrinkage=0.03


Tree=393
num_leaves=15
num_cat=0
split_feature=8 42 42 3 50 9 1 3 8 1 20 12 10 42
split_gain=4.54975 3.21569 6.03493 6.54304 4.66213 5.33571 2.71259 7.72197 4.87211 3.61073 3.60938 5.10385 2.61402 6.68491
threshold=0.73856062735983141 10.690973012983891 10.157174693333596 2.8422835543519573 3.83697218166215 0.4776830341473966 1.6433404846774653 4.9980072251636978 2.1351064274481217 1.6626551858555307 2.7151383342588873 0.3913664093682096 0.025065407599116251 8.6311765752725034
decision_type=2 2 2 2 2 2 2 2 2 2 2 2 2 2
left_child=-1 2 4 -4 6 -6 7 8 -2 -8 -10 -12 13 -11
right_child=1 -3 3 -5 5 -7 9 -9 10 12 11 -13 -14 -15
leaf_value=-0.00017697696182748205 -5.3419550981703699e-07 -0.0011561357969554647 -0.00011080980307206722 0.0023383978648574087 -0.00011881846193169731 0.0030405769041009557 -7.3262425578299873e-05 0.0012518467810947386 -0.00079907879866335295 -5.5387207978860876e-05 -0.00061672901469371434 0.00091380804456209685 -1.6438056581953296e-05 0.0033068494036689331
leaf_weight=29 455 15.999999999999998 15.999999999999998 38 17 27 27 23 19 49 25 19 411 17
leaf_count=29 455 16 16 38 17 27 27 23 19 49 25 19 411 17
internal_value=-0.00146341 -0.00116379 -0.00097028 0.00872727 -0.00145872 0.008 -0.00186424 -0.000387454 -0.00115607 -0.00344554 -0.00890625 -0.004 -0.00282427 0.00268657
internal_weight=1188 1159 1143 54 1089 44 1045 541 518 504 63 44 477 66
internal_count=1188 1159 1143 54 1089 44 1045 541 518 504 63 44 477 66
is_linear=0
shrinkage=0.03


Tree=394
num_leaves=15
num_cat=0
split_feature=5 3 9 43 0 34 11 22 34 33 13 13 13 11
split_gain=7.40051 4.74435 4.04384 3.07109 3.97222 3.9463 4.76565 3.92047 3.87363 4.39619 2.95133 2.72782 6.06483 2.59787
threshold=4.8143539553493229 4.9980072251636978 0.55133117094857398 2.4090865443215725 5.0000000000000009 16.103551335970504 0.12904102608036208 9.3707987036329126 15.472054809505616 11.486882743173121 0.58123098197942624 0.582856852294387 0.58175958165057495 0.28932843927025892
decision_type=2 2 2 2 2 2 2 2 2 2 2 2 2 2
left_child=1 3 -2 5 -5 8 11 -8 9 13 -10 12 -7 -1
right_child=2 -3 -4 4 -6 6 7 -9 10 -11 -12 -13 -14 -15
leaf_value=5.027394173295896e-06 -0.0007235558976119627 0.00043330954000096673 -2.3783183727754675e-05 -0.0020122497423497388 -1.6572385172750614e-05 5.1634805020783764e-06 -0.00018521227533804195 -3.840699197247943e-05 4.0666694221308528e-06 -5.8051003421679678e-05 3.7375914332731239e-05 1.0051496090577317e-05 -4.0267831742712978e-05 0.00011665808864760651
leaf_weight=849 39 23 29 17 26 39 14.999999999999998 27 19 26 21 15.999999999999998 19 42
leaf_count=849 39 23 29 17 26 39 15 27 19 26 21 16 19 42
internal_value=-2.48344e-05 0.000552632 -0.00956522 0.000268577 -0.0075 0.000586592 -0.00461538 -0.0125581 0.00122129 0.000816993 0.0102439 0 -0.00305085 0.00117713
internal_weight=1207 1139 68 1116 43 1073 116 42 957 917 40 74 58 891
internal_count=1207 1139 68 1116 43 1073 116 42 957 917 40 74 58 891
is_linear=0
shrinkage=0.03


Tree=395
num_leaves=15
num_cat=0
split_feature=14 38 16 36 33 42 17 51 38 11 11 42 14 23
split_gain=5.10478 5.59184 3.94326 3.15439 6.41963 3.82629 11.2417 4.77217 4.51981 4.15056 6.52028 5.3865 7.69556 8.83896
threshold=0.02174248567264599 0.22533936651583714 0.33200231399827868 9.5610478230133094 8.8152367291369114 9.7694604973534211 9.9799048122686429 6.5296813911996407 0.57736044713160861 0.13382264113582684 0.12920671833274502 7.4848298600045071 0.38394164512818901 3.8104087904951194
decision_type=2 2 2 2 2 2 2 2 2 2 2 2 2 2
left_child=1 -1 3 4 5 7 -7 9 -8 10 11 12 -2 -14
right_child=2 -3 -4 -5 -6 6 8 -9 -10 -11 -12 -13 13 -15
leaf_value=1.5681408909127835e-05 4.4477899788154109e-05 0.0017300029468029809 -0.00022222464688479327 -1.702822745224708e-05 8.1048767792948334e-05 0.019721044849932468 -0.0012817373026051048 -0.00026599241589102648 0.00010696689626847889 -2.0021284414830087e-05 3.9320138041941677e-05 -1.5745916216431953e-05 0.00062716541733067062 -4.7214804878683287e-05
leaf_weight=108 78 19 33 241 27 14.999999999999998 20 29 22 317 26 132 45 96
leaf_count=108 78 19 33 241 27 15 20 29 22 317 26 132 45 96
internal_value=-0.000744417 0.00492188 -0.00141405 -0.00108675 -0.000185644 -0.000691421 0.00672414 -0.00128453 -0.00139535 -0.000776978 0.00134921 0.000255682 0.00313636 -0.00105634
internal_weight=1208 127 1081 1048 807 780 57 723 42 694 377 351 219 141
internal_count=1208 127 1081 1048 807 780 57 723 42 694 377 351 219 141
is_linear=0
shrinkage=0.03


Tree=396
num_leaves=15
num_cat=0
split_feature=51 37 21 7 32 17 24 20 3 41 5 33 41 31
split_gain=2.81214 5.36162 4.15167 2.21366 2.0915 1.95781 2.45104 6.72847 4.60038 5.98671 3.96842 6.04534 4.28137 3.7965
threshold=6.6205135149915657 2.8078730004965382 4.2516912775733315 4.8439036705758074 4.5000000000000009 85.831387798223076 0.99228183154733052 3.2263901690726402 4.7866238466764797 5.1625482078392029 3.4450469585889079 7.1640066857036775 10.144762901471962 21.500000000000004
decision_type=2 2 2 2 2 2 2 2 2 2 2 2 2 2
left_child=2 -2 5 -4 -3 6 7 10 9 -8 12 -12 13 -1
right_child=1 4 3 -5 -6 -7 8 -9 -10 -11 11 -13 -14 -15
leaf_value=-2.752178050041687e-07 -0.00093257953668347327 0.00015653303544491237 0.0022664536121401466 0.00050243725104859305 -0.00025690879423686305 -0.00074005133891683777 -0.00029623621589053517 -0.0023024417140060024 -0.00023063081793290999 0.0016968168467119903 0.00016220113267617796 3.9409656337507924e-06 -4.3535069508935373e-05 -0.00017823946293154091
leaf_weight=862 19 28 19 17 14.999999999999998 15.999999999999998 39 26 24 39 20 47 20 19
leaf_count=862 19 28 19 17 15 16 39 26 24 39 20 47 20 19
internal_value=-0.000495458 -0.00666667 -0.000156658 0.00972973 -0.000681818 -0.000485175 -0.000328168 -0.00078392 0.00407767 0.00759494 -0.000371517 0.00661765 -0.000898004 -0.000578231
internal_weight=1210 62 1148 36 43 1112 1096 994 102 78 968 67 901 881
internal_count=1210 62 1148 36 43 1112 1096 994 102 78 968 67 901 881
is_linear=0
shrinkage=0.03


Tree=397
num_leaves=15
num_cat=0
split_feature=4 5 20 43 4 29 33 19 15 12 10 14 22 41
split_gain=3.28773 6.00361 3.39695 5.10656 3.18065 3.2659 3.06048 2.91186 2.34904 3.11261 5.7255 3.82368 7.42377 4.97225
threshold=6.0236113707179779 5.4358410629331821 4.2178391305798737 2.4090865443215725 4.9200539058055348 1.9469086021505377 10.098417545053698 0.015560359704072513 0.0035353694411826911 0.16461373392463 0.6959718534628857 0.66928218938389417 11.520692484453201 7.2943334466545817
decision_type=2 2 2 2 2 2 2 2 2 2 2 2 2 2
left_child=1 2 3 8 -4 -6 -7 -5 9 10 -1 -11 13 -13
right_child=-2 -3 4 7 5 6 -8 -9 -10 11 -12 12 -14 -15
leaf_value=3.5399437400385203e-07 0.0033625482512122315 -0.0008916983777148401 0.0005405599018580376 -0.0013807254720313666 -8.990057732572331e-05 0.0027199300975886942 -1.485157756524913e-05 -0.0001026950473610444 0.00033771119880421721 -1.5645943527168305e-05 4.0544195629714783e-05 -0.00016502200456997961 0.013324135556869673 0.00089089582384329399
leaf_weight=293 18 15.999999999999998 25 14.999999999999998 17 15.000000000000002 14.999999999999998 23 58 539 69 52 17 15.999999999999998
leaf_count=293 18 16 25 15 17 15 15 23 58 539 69 52 17 16
internal_value=0.000252313 5.12383e-05 0.000311688 -0.000110803 0.00657534 0.001875 0.00774194 -0.0107692 0.000287081 -6.07903e-05 0.00214876 -0.001344 0.00453488 0
internal_weight=1188 1170 1154 1082 72 47 30 38 1044 986 362 624 85 68
internal_count=1188 1170 1154 1082 72 47 30 38 1044 986 362 624 85 68
is_linear=0
shrinkage=0.03


Tree=398
num_leaves=15
num_cat=0
split_feature=19 21 35 30 13 23 22 0 43 0 10 11 39 19
split_gain=7.44201 7.49441 5.12457 4.68437 4.17185 4.40546 4.60227 3.64313 9.10747 5.25322 11.9523 7.34729 12.5682 4.80492
threshold=0.36421247259562056 2.549449671312495 0.31311343909488759 0.12183055040197899 0.27570619171546307 4.4450208973424754 10.526127764253575 7.5000000000000009 1.1901056208558034 5.0000000000000009 0.027048178649898807 0.28416004954363944 26.937500000000004 0.015656722960502033
decision_type=2 2 2 2 2 2 2 2 2 2 2 2 2 2
left_child=2 -2 3 7 5 -5 -7 9 13 11 -11 12 -1 -9
right_child=1 -3 -4 4 -6 6 -8 8 -10 10 -12 -13 -14 -15
leaf_value=1.037432893560064e-05 2.8269995035828944e-06 0.0027542186756769559 5.409614316542299e-05 0.00037023188336444946 -0.0026678294417805649 -0.0031134372246572001 -0.00035462705158874726 7.483795607384769e-06 -9.9274955254968211e-05 0.0029299933274341125 -0.00048458897512932087 0.010278307579763819 -0.0033140426055222449 0.0018219014376076881
leaf_weight=94 663 19 109 15.999999999999998 31 21 18 14.999999999999998 56 15.999999999999998 107 15.999999999999998 14.999999999999998 17
leaf_count=94 663 19 109 16 31 21 18 15 56 16 107 16 15 17
internal_value=-0.000667216 0.00140556 -0.00332707 -0.0048227 -0.0110345 -0.00589286 -0.01125 -0.00320475 0.00202247 -0.00506024 -0.00943548 -0.000714286 -0.00354545 0.0145455
internal_weight=1213 682 531 422 86 55 39 336 88 248 123 125 109 32
internal_count=1213 682 531 422 86 55 39 336 88 248 123 125 109 32
is_linear=0
shrinkage=0.03


Tree=399
num_leaves=15
num_cat=0
split_feature=11 11 10 51 17 29 9 21 29 39 35 38 33 42
split_gain=4.08191 4.75965 4.33959 3.33752 4.28862 4.33894 4.12283 5.13505 6.3913 10.3394 5.44009 4.98581 5.37318 4.86951
threshold=0.17778304509182355 0.18486237410550321 0.41757246376811602 3.582049969738287 3.1771159874608155 0.74166666666666681 0.51650512972171891 1.616396116057135 10.988095238095239 3.175109443402127 0.87530859085551838 0.0708669221620193 6.9848531736803467 7.5240467802475157
decision_type=2 2 2 2 2 2 2 2 2 2 2 2 2 2
left_child=3 -2 -3 4 5 -1 13 -8 9 -9 -11 12 -10 -5
right_child=1 2 -4 6 -6 -7 7 8 11 10 -12 -13 -14 -15
leaf_value=0.0010664028168568594 -0.0018552263697464032 3.7683270865409568e-05 -0.00018483743193460688 2.2325756917005446e-05 -3.894182404665103e-06 5.9403121356965679e-06 -0.00069515966572189394 2.5856455767470089e-07 -0.0001458100464074069 8.8571689112065252e-05 0.00015281856850044281 -0.00012832702875997386 1.7083793722263983e-06 -0.00070569603331792797
leaf_weight=31 14.999999999999998 64 122 97 54 20 67 215 14.999999999999998 77 36 55 202 106
leaf_count=31 15 64 122 97 54 20 67 215 15 77 36 55 202 106
internal_value=-0.00101954 -0.00490099 -0.00352941 -0.000215164 0.00481132 0.0109615 -0.000826636 0.000314371 0.001198 0.00401216 0.0113158 -0.0021978 -0.000137615 -0.00455882
internal_weight=1176 201 186 975 105 51 870 667 600 328 113 272 217 203
internal_count=1176 201 186 975 105 51 870 667 600 328 113 272 217 203
is_linear=0
shrinkage=0.03


Tree=400
num_leaves=15
num_cat=0
split_feature=33 24 24 9 21 34 36 13 36 11 12 18 16 5
split_gain=3.88938 4.30288 7.42088 4.89528 4.6693 5.18853 3.64533 9.55192 6.04058 4.49693 5.00574 4.81608 7.89404 5.86806
threshold=1.8027602617187346 0.24038461538461542 0.41586089338484333 0.37156596041461154 1.992089780018107 1.7211207973074225 6.3096865418297599 0.12257261312590607 6.0134364431309644 0.17778304509182355 0.60079133079398839 1.9164459723798954 0.2805106195664136 2.4073900728729027
decision_type=2 2 2 2 2 2 2 2 2 2 2 2 2 2
left_child=-1 3 -3 -2 5 -5 8 -8 9 11 -11 12 -4 -13
right_child=1 2 6 4 -6 -7 7 -9 -10 10 -12 13 -14 -15
leaf_value=-4.4743130800810601e-05 -0.00022407618994196743 -0.00079703575056285143 1.473543654065823e-05 0.00027123620229742626 0.00032776457414270904 -0.0026992201244339879 0.00059152060526426633 1.5095660039321501e-07 -0.0011453091654774282 -0.0028742687458045884 -0.000208133938805915 0.00042728790622523991 -0.00011640475449305826 2.4883806194032907e-05
leaf_weight=119 42 18 135 96 24 15.999999999999998 57 534 14.999999999999998 20 72 14.999999999999998 24 20
leaf_count=119 42 18 135 96 24 16 57 534 15 20 72 15 24 20
internal_value=-0.000124172 0.000440771 -0.00039517 0.00469274 0.00744526 0.00477876 0 0.00136824 -0.00268212 -0.00167247 -0.00709677 0.000923077 -0.0013125 0.0108333
internal_weight=1207 1088 910 178 136 112 892 591 301 286 92 194 159 35
internal_count=1207 1088 910 178 136 112 892 591 301 286 92 194 159 35
is_linear=0
shrinkage=0.03


Tree=401
num_leaves=15
num_cat=0
split_feature=8 11 51 51 13 51 13 14 38 39 24 24 42 51
split_gain=4.23999 3.99184 3.58107 4.67021 4.74901 2.87642 2.92021 10.9691 7.50785 3.74128 2.606 3.52365 3.19664 3.15524
threshold=0.87409401350310023 0.22239055811339484 6.6205135149915657 7.0458859258013433 0.28776938156289628 3.0283541157189284 0.14202095550189722 0.42951528893440755 0.19345238095238099 126.99218750000001 0.99776340405158892 0.99488691326139012 10.157174693333596 5.655589788563101
decision_type=2 2 2 2 2 2 2 2 2 2 2 2 2 2
left_child=1 -1 5 -4 -5 -2 7 8 -7 10 11 12 13 -8
right_child=2 -3 3 4 -6 6 9 -9 -10 -11 -12 -13 -14 -15
leaf_value=7.8246017467975541e-06 -6.5224003469228076e-05 -0.00013679715118342762 -0.00060905413697147522 -0.00084982125564542872 0.0019203244813346997 2.4188858825169302e-05 -2.0810736243828677e-06 -0.0004707408442711314 0.0031218385040969487 -0.00053743489378393905 0.00015232033188262938 -0.00072713976044859073 0.0066272386559170244 2.8376060423791483e-05
leaf_weight=17 34 28 22 14.999999999999998 20 145 698 20 36 29 42 15.999999999999998 27 49
leaf_count=17 34 28 22 15 20 145 698 20 36 29 42 16 27 49
internal_value=-0.000850709 -0.00978261 -0.000493934 -0.00775862 -0.000833333 -0.000109389 0.000169332 0.00341584 0.00576923 -0.000591647 -0.000216086 -0.000606827 -0.000309677 -0.000681818
internal_weight=1198 45 1153 57 35 1096 1062 201 181 861 832 790 774 747
internal_count=1198 45 1153 57 35 1096 1062 201 181 861 832 790 774 747
is_linear=0
shrinkage=0.03


Tree=402
num_leaves=15
num_cat=0
split_feature=3 11 51 8 9 42 34 13 19 26 13 24 13 9
split_gain=3.61653 3.66826 3.29122 4.72473 4.67342 6.4955 6.93142 8.00045 6.82103 11.2353 6.26684 5.00493 4.56357 5.63218
threshold=1.6577752672109527 0.22239055811339484 3.582049969738287 1.5501852725587817 0.49799147025065943 7.4848298600045071 1.0033106034237258 0.2834821428571429 0.22648655913978497 1.9835789757049602 0.12257261312590607 0.99933301840092936 0.58166504968193611 1.5216351374899568
decision_type=2 2 2 2 2 2 2 2 2 2 2 2 2 2
left_child=1 -1 -2 -4 5 8 7 -7 -5 -10 -6 12 -12 -14
right_child=2 -3 3 4 10 6 -8 -9 9 -11 11 -13 13 -15
leaf_value=-1.3624841910101492e-05 8.3635856400023903e-05 -0.00018154247564665325 -0.00029144870981196114 -0.00023757411544298999 0.00039295829878048587 -0.00067993197454956197 -0.0042367491080625222 7.1117517593455296e-05 -0.00035088433310922926 0.00089820696080462328 -7.7317633847828748e-06 -0.00053435703576608644 1.5409548395621808e-05 -0.00011902316420994374
leaf_weight=65 105 29 67 30 46 57 30 18 26 31 318 30 312 38
leaf_count=65 105 29 67 30 46 57 30 18 26 31 318 30 312 38
internal_value=-0.000698254 -0.00631579 -0.000216411 -0.000747012 -0.000192102 -0.00435233 -0.00933962 -0.00434211 0.00170455 0.00775862 0.000885906 0.000171674 0.000717489 0.00307692
internal_weight=1202 94 1108 1003 936 192 105 75 87 57 744 698 668 350
internal_count=1202 94 1108 1003 936 192 105 75 87 57 744 698 668 350
is_linear=0
shrinkage=0.03


Tree=403
num_leaves=15
num_cat=0
split_feature=33 23 34 42 11 13 1 36 0 33 28 35 23 10
split_gain=3.25895 7.43519 5.80988 5.01066 6.84527 4.69905 6.30291 5.13753 5.85754 7.52753 5.09796 5.46363 4.67096 4.88602
threshold=6.5948008714737965 5.2483818730868839 1.2506603168683263 7.811915639724341 0.16446670756761328 0.58287315978725251 1.7402908934145846 9.5336527843366063 7.5000000000000009 8.7910331033908893 7.5000000000000009 0.81272026578833889 7.27746017212678 0.71896864817276096
decision_type=2 2 2 2 2 2 2 2 2 2 2 2 2 2
left_child=2 -2 -1 4 -4 7 -7 8 9 10 -3 -12 13 -13
right_child=1 5 3 -5 -6 6 -8 -9 -10 -11 11 12 -14 -15
leaf_value=-1.9839629614549767e-05 0.0004372354385886101 -0.00092476023080850008 2.5836998217702543e-05 -0.005002133381059426 -0.0010576994720756755 4.3108622462226797e-05 -3.1126090168822617e-05 -1.3689419739888463e-05 0.00096005585248859818 6.551813845457443e-05 8.3706378886411192e-05 -1.7755089360749209e-07 -1.0325682597229767e-05 2.6739782772154938e-05
leaf_weight=480 14.999999999999998 23 54 19 38 27 26 246 17 14.999999999999998 21 139 53 21
leaf_count=480 15 23 54 19 38 27 26 246 17 15 21 139 53 21
internal_value=-0.0011046 0.00044702 -0.00268581 -0.00883929 -0.00580645 -0.000101868 0.00833333 -0.000951493 0.00175862 0.000659341 -0.000581395 0.000765957 -0.000700935 0.00186335
internal_weight=1194 603 591 111 92 588 53 535 289 272 257 234 213 160
internal_count=1194 603 591 111 92 588 53 535 289 272 257 234 213 160
is_linear=0
shrinkage=0.03


Tree=404
num_leaves=15
num_cat=0
split_feature=9 24 42 24 23 23 23 9 36 23 24 21 51 42
split_gain=4.7497 4.80135 4.25404 4.7204 3.99484 8.48251 4.59279 4.58738 3.88405 3.73912 3.8001 3.80486 6.68413 5.29771
threshold=1.2328175936177739 0.71448570814528278 10.157174693333596 0.77146995691157383 6.792616846095977 6.0496145649767268 7.0067703956254439 0.98285734890791632 1.3883505919942056 7.1330928404292768 0.99921033306831752 2.0735422537411448 5.082334690444136 8.6182729434998393
decision_type=2 2 2 2 2 2 2 2 2 2 2 2 2 2
left_child=4 -2 3 -3 5 8 -6 -7 -1 -8 11 -11 -13 -14
right_child=1 2 -4 -5 6 7 9 -9 -10 10 -12 12 13 -15
leaf_value=-7.3069176438672606e-05 -0.00027502708281335498 2.9324663578025322e-05 0.00083865724948169347 -8.7221576416868227e-06 -0.0015654285805814527 0.00010736723752921784 0.00023409752782279356 0.00011424329627719845 9.3029235941011198e-06 0.0001782113648572703 0.00023883388468949994 -0.00077784827082899349 -4.619580892189001e-05 1.1950497985164787e-05
leaf_weight=18 17 17 37 398 15.999999999999998 53 17 17 409 14.999999999999998 27 14.999999999999998 80 41
leaf_count=18 17 17 37 398 16 53 17 17 409 15 27 15 80 41
internal_value=-0.000789474 -0.00312766 -0.00251656 -0.00338942 0.000761636 0.00222892 -0.00268868 0.011831 0.000630841 -0.00137755 -0.00268156 -0.00453947 -0.00613139 -0.00368852
internal_weight=1177 469 452 415 708 497 211 70 427 195 178 151 136 121
internal_count=1177 469 452 415 708 497 211 70 427 195 178 151 136 121
is_linear=0
shrinkage=0.03


Tree=405
num_leaves=15
num_cat=0
split_feature=1 24 1 37 17 18 33 11 22 8 38 10 14 14
split_gain=5.44037 8.79161 5.884 6.35708 5.70781 5.59689 5.63361 4.94774 4.13164 6.00218 4.62222 3.74306 3.59109 6.79774
threshold=1.6433404846774653 0.95554754840284695 1.6180165735588183 1.8095466653133714 4.2493904109589051 1.4386856729348871 8.2922375732526188 0.16776596309344624 7.8684859353810728 1.5377734806962657 0.14039408866995076 0.63449918345127931 0.38547099947355551 0.40032892004990611
decision_type=2 2 2 2 2 2 2 2 2 2 2 2 2 2
left_child=1 2 3 7 -5 -3 -7 -1 9 10 -9 -12 -2 -14
right_child=12 5 -4 4 -6 6 -8 8 -10 -11 11 -13 13 -15
leaf_value=8.3836721023344828e-06 -2.8946891254668649e-05 0.00040475016459553338 2.5606676817950119e-05 -0.00023062053597889263 -9.5109312705271914e-05 -0.00043536197010183658 0.0017992075552627584 -0.00060608274299634108 3.3012164822587282e-05 -0.0014041925765799429 2.2540938270867449e-05 -6.5078695027347418e-05 1.3704586750362679e-05 -8.5949624966675796e-05
leaf_weight=286 307 31 28 27 42 34 15.999999999999998 25 19 14.999999999999998 47 17 94 186
leaf_count=286 307 31 28 27 42 34 16 25 19 15 47 17 94 186
internal_value=-0.0012766 0.000765306 -0.000710059 -0.00150313 -0.00985714 0.00987805 0.00352941 -7.31707e-05 -0.00508065 -0.00742857 -0.00433333 0 -0.00331633 -0.000854093
internal_weight=1174 587 506 478 69 81 50 409 123 104 89 64 587 280
internal_count=1174 587 506 478 69 81 50 409 123 104 89 64 587 280
is_linear=0
shrinkage=0.03


Tree=406
num_leaves=15
num_cat=0
split_feature=6 3 37 21 10 13 36 34 34 30 13 43 13 42
split_gain=4.13498 4.75184 3.68615 5.69607 5.66238 5.47109 3.34881 3.27937 4.66907 4.12182 3.08737 4.24282 7.25346 7.18283
threshold=2.6664937728395457 5.7411104714278229 1.8603276782758624 2.219641188239911 0.68617846232640956 0.58093411828737762 1.462139643030941 12.135706616007271 11.098837926051877 0.87138130686517801 0.58220681558247878 0.81162464519895028 0.67192063929457169 7.811915639724341
decision_type=2 2 2 2 2 2 2 2 2 2 2 2 2 2
left_child=2 -2 3 4 6 -5 -1 8 9 -6 -8 13 -13 -12
right_child=1 -3 -4 5 7 -7 10 -9 -10 -11 11 12 -14 -15
leaf_value=-7.9020356519921006e-05 0.0052057483122949439 -5.644410248057063e-05 -1.101011020989806e-05 -4.8105175055512815e-06 -0.00020871099891101694 8.8994699230403594e-05 3.0322841653482313e-05 8.5253620181813258e-06 -0.00012174302599337605 2.666151686590068e-05 -0.00065915268509146 0.0010362887947587595 -9.8577552202925301e-05 1.1340472882539475e-05
leaf_weight=21 16.000000000000004 14.999999999999998 654 19 19 29 244 14.999999999999998 25 24 27 21 35 29
leaf_count=21 16 15 654 19 19 29 244 15 25 24 27 21 35 29
internal_value=-0.000326633 0.0103125 -0.000619089 0.00129666 0.000260304 0.0110204 0.0018254 -0.00678571 -0.00956522 -0.00340909 0.00252101 -0.00159292 0.00421053 -0.00736842
internal_weight=1193 31 1162 508 460 48 377 83 68 43 356 112 56 56
internal_count=1193 31 1162 508 460 48 377 83 68 43 356 112 56 56
is_linear=0
shrinkage=0.03


Tree=407
num_leaves=15
num_cat=0
split_feature=36 13 13 38 0 0 38 17 42 17 42 14 0 12
split_gain=6.01648 5.48908 5.99659 3.87749 4.47931 6.91848 4.18749 5.01989 5.56373 7.5489 6.526 6.89515 4.8599 7.8739
threshold=12.181235323574375 0.58097753150069809 0.5822655083594851 0.023736184897068593 5.0000000000000009 7.5000000000000009 0.045944462787683132 11.151510518591 8.2993294544433525 19.074167858925431 7.811915639724341 0.47433636868674672 7.5000000000000009 0.16323105338931182
decision_type=2 2 2 2 2 2 2 2 2 2 2 2 2 2
left_child=3 -2 -3 4 -1 -6 -5 12 10 -10 11 -9 -8 -14
right_child=1 2 -4 6 5 -7 7 8 9 -11 -12 -13 13 -15
leaf_value=-0.00057317197456552835 7.0259281235074409e-06 -3.9164617011397947e-05 8.2193083337589448e-06 0.00041387721995615577 0.0010218748076380917 -0.00024650749385455803 -7.433355257124851e-07 2.3745139351768474e-05 -0.0034434160751902819 -0.00024872702747946507 0.0016081399002936892 -0.0027561253724402721 0.00033469285931218671 1.2015306108302815e-05
leaf_weight=30 28 39 14.999999999999998 39 29 32 579 59 27 77 33 15.999999999999998 15.999999999999998 166
leaf_count=30 28 39 15 39 29 32 579 59 27 77 33 16 16 166
internal_value=-0.000885329 -0.0086747 -0.0141818 -0.000298913 -0.00619565 -0.00145161 0.00023692 -0.000154004 -0.00422535 -0.00914286 0.000550459 -0.00434211 0.000984252 0.0052459
internal_weight=1185 82 54 1103 91 61 1012 973 212 104 108 75 761 182
internal_count=1185 82 54 1103 91 61 1012 973 212 104 108 75 761 182
is_linear=0
shrinkage=0.03


Tree=408
num_leaves=15
num_cat=0
split_feature=16 7 19 11 24 25 3 22 23 51 36 39 22 34
split_gain=3.76398 3.88355 3.66943 4.93622 5.12193 4.21965 3.6583 3.64954 4.76855 5.46562 5.52493 4.17329 9.06764 6.01495
threshold=0.27559144565898996 5.7520979963770928 0.022876941268147415 0.12596362271331102 0.91782731197795975 48.500000000000007 4.5205065469975949 12.154804347481129 7.0232420838627183 5.5255688784741777 8.4577226049427896 3.1918367346938781 9.3368269297085167 12.257154408081869
decision_type=2 2 2 2 2 2 2 2 2 2 2 2 2 2
left_child=1 2 3 4 -1 7 -5 8 9 10 -4 13 -13 -10
right_child=-2 -3 5 6 -6 -7 -8 -9 11 -11 -12 12 -14 -15
leaf_value=0.0003285251986457738 -6.9495696230235097e-05 0.0018202702710544392 -2.0242466553757607e-06 -0.00078637321303426041 -0.00056032847824673433 0.00013720526842592588 -1.9320459242603281e-05 0.00011970482537092763 -3.2779508892877285e-06 4.6859393696387915e-05 0.00021449909769423291 -2.3665577648759315e-05 -1.0725526017210107e-05 5.0323277211288259e-05
leaf_weight=19 85 15.999999999999998 482 46 58 22 20 40 93 55 21 26 165 31
leaf_count=19 85 16 482 46 58 22 20 40 93 55 21 26 165 31
internal_value=-0.000584746 -0.000109589 -0.000333642 -0.00479167 0.000384615 0.000352564 -0.0107463 3.28228e-05 -0.000377574 0.00128801 0.000297619 -0.00332278 -0.00609375 0.00096
internal_weight=1179 1094 1078 143 77 935 66 913 873 558 503 315 191 124
internal_count=1179 1094 1078 143 77 935 66 913 873 558 503 315 191 124
is_linear=0
shrinkage=0.03


Tree=409
num_leaves=15
num_cat=0
split_feature=33 13 11 13 23 22 11 11 19 11 38 1 3 13
split_gain=4.32268 4.17365 6.18796 5.36155 5.20539 8.25596 4.80048 3.86349 3.76818 6.01934 4.75935 8.16609 5.04657 4.41615
threshold=11.50774884136599 0.58337121212121223 0.12596362271331102 0.58293061793853307 6.5067536557574774 10.236526045880792 0.18317615717486871 0.030503057623864609 0.055130075370775598 0.12270557639684794 0.072077922077922088 1.4842414742769676 3.8562376166935901 0.58236805168855987
decision_type=2 2 2 2 2 2 2 2 2 2 2 2 2 2
left_child=1 3 4 8 7 -6 -4 -3 -1 10 13 12 -12 -10
right_child=-2 2 6 -5 5 -7 -8 -9 9 -11 11 -13 -14 -15
leaf_value=0.00010234657270075332 -3.5243997778091616e-05 0.0021950803676855047 -0.00047217256502040447 0.0001091182552334835 -0.0027910268986296792 0.00058800231946351306 -0.0001297796942048794 5.6346779319418892e-05 -5.1293781457462108e-06 7.6195437762222039e-06 -9.5943119214440267e-05 -0.00011293698540572495 0.00077293253119062203 4.7880288587991424e-05
leaf_weight=129 75 23 31 15.999999999999998 31 28 116 60 134 412 27 71 23 21
leaf_count=129 75 23 31 16 31 28 116 60 134 412 27 71 23 21
internal_value=-0.00057596 -0.000106857 -0.0032069 0.000971223 0.00125874 -0.0055 -0.0075 0.00607143 0.000623472 -0.000261248 -0.00368231 -0.00811475 0.00117647 -0.000192308
internal_weight=1197 1122 289 833 142 59 147 83 817 688 276 121 50 155
internal_count=1197 1122 289 833 142 59 147 83 817 688 276 121 50 155
is_linear=0
shrinkage=0.03


Tree=410
num_leaves=15
num_cat=0
split_feature=20 8 51 51 20 1 11 42 19 13 5 51 4 7
split_gain=2.13772 3.0467 4.40044 3.43909 6.32601 3.29858 4.9798 4.18089 3.76316 4.02893 2.97805 3.50685 4.27052 3.74605
threshold=5.6639780595668201 5.1111353863977405 6.8112181411102464 6.5041600841119465 4.4078372388216307 1.2670130530280677 0.16776596309344624 7.8655206237700037 0.31909090909090915 0.58097753150069809 1.2670130530280677 3.6310883309151847 1.7027585534881882 1.7032700902169777
decision_type=2 2 2 2 2 2 2 2 2 2 2 2 2 2
left_child=1 2 3 4 5 6 7 8 -1 -10 -7 12 -12 -13
right_child=-2 -3 -4 -5 -6 10 -8 -9 9 -11 11 13 -14 -15
leaf_value=-1.5133610400355212e-05 0.0038854959208651386 -0.00013987579971833864 0.00031286117218584094 -0.00040977667073295528 0.0021282333641895711 -0.00033958058096057172 -3.2569237201351964e-05 0.00121526462890102 0.00076877348660973855 2.8597397225871292e-06 -2.235437693125064e-05 -0.00034874993599980591 0.00060463920929230194 -3.435913089104847e-06
leaf_weight=53 18 23 24 15.999999999999998 24 24 129 14.999999999999998 32 29 37 36 22 696
leaf_count=53 18 23 24 16 24 24 129 15 32 29 37 36 22 696
internal_value=-0.000508906 -0.000671835 -0.000448155 -0.00072711 -0.000519126 -0.000865922 0.00208494 0.00623077 0.00417391 0.00919355 -0.00180147 -0.00147727 0.0055 -0.00204638
internal_weight=1178 1160 1137 1113 1097 1073 258 129 114 61 815 791 59 732
internal_count=1178 1160 1137 1113 1097 1073 258 129 114 61 815 791 59 732
is_linear=0
shrinkage=0.03


Tree=411
num_leaves=15
num_cat=0
split_feature=33 20 36 51 14 33 49 12 22 22 10 7 14 41
split_gain=3.23298 4.24759 3.31158 4.3186 3.85526 3.17199 4.54024 4.77586 6.14486 8.5122 6.37971 6.33004 6.27568 5.46177
threshold=11.50774884136599 5.6639780595668201 12.335663529849294 5.6528223382297442 0.38599652217046215 0.87409401350310023 0.38907562519182187 0.16440070242957763 9.3707987036329126 8.4011899779120007 0.11884469696969699 1.875022656005884 0.045061201109244095 4.7424035066719936
decision_type=2 2 2 2 2 2 2 2 2 2 2 2 2 2
left_child=1 5 4 -4 -2 -1 7 -7 9 10 11 -9 -10 -11
right_child=2 -3 3 -5 -6 6 -8 8 12 13 -12 -13 -14 -15
leaf_value=-0.00040738796197936411 -4.655837449087929e-06 0.0045477420550213482 1.5520467182550401e-05 -0.00010493751422023134 -7.859224169453061e-05 9.4343541306968194e-06 0.00034130170101418801 0.00052234276940304851 0.00059256415304373531 1.6570548608183522e-05 -2.5535055459768863e-05 -9.0988891814758333e-06 -1.7242584388088565e-06 -8.7168716747141052e-05
leaf_weight=21 18 15.999999999999998 15.999999999999998 21 19 226 54 30 28 14.999999999999998 289 85 260 109
leaf_count=21 18 16 16 21 19 226 54 30 28 15 289 85 260 109
internal_value=-0.00116722 -0.000767196 -0.0072 -0.000789474 -0.0134211 -0.000992844 -0.000765725 -0.00120805 -0.00227662 -0.0041966 -0.00207407 0.00387931 0.00124567 -0.01104
internal_weight=1207 1133 74 37 37 1117 1096 1042 816 528 404 115 288 124
internal_count=1207 1133 74 37 37 1117 1096 1042 816 528 404 115 288 124
is_linear=0
shrinkage=0.03


Tree=412
num_leaves=15
num_cat=0
split_feature=11 29 16 35 24 31 14 33 11 33 51 24 12 35
split_gain=2.87669 6.5954 7.73101 6.41674 6.73568 6.41627 5.95887 5.11378 4.43565 8.02981 4.42565 4.33636 4.18526 3.9507
threshold=0.12270557639684794 0.51274509803921575 0.27559144565898996 0.062498164847895117 0.95978024657928962 11.500000000000002 0.38547099947355551 0.87409401350310023 0.13382264113582684 7.0214366648750888 6.2014002617700674 0.98184188733355682 0.16468822031869537 0.81270359842344242
decision_type=2 2 2 2 2 2 2 2 2 2 2 2 2 2
left_child=1 2 -1 -3 12 10 -7 -2 9 -9 -6 -4 -5 -11
right_child=7 3 11 4 5 6 -8 8 -10 13 -12 -13 -14 -15
leaf_value=0.00016135416293500793 -0.00027360420618496081 -0.00076330504251850221 -8.8370932873050857e-05 -1.2295274402200906e-05 0.0015477329496305205 -0.00016868455500559682 4.0825044135121559e-05 5.93477384028096e-05 -1.9505480181220004e-06 -0.00012842806351627932 3.9903980673472449e-05 -2.7285935331224365e-05 -0.0001412943747535844 4.6300154875572593e-06
leaf_weight=173 20 102 28 67 15.999999999999998 32 23 57 502 20 18 28 35 106
leaf_count=173 20 102 28 67 16 32 23 57 502 20 18 28 35 106
internal_value=-0.000952769 -0.00263862 0.00117391 -0.00561224 -0.00234375 0.00366667 -0.00267857 0.00029745 0.00074344 0.00472826 0.0137143 -0.00842105 -0.00757282 0.000472441
internal_weight=1227 522 229 293 191 89 55 705 685 183 34 56 102 126
internal_count=1227 522 229 293 191 89 55 705 685 183 34 56 102 126
is_linear=0
shrinkage=0.03


Tree=413
num_leaves=15
num_cat=0
split_feature=36 14 37 42 43 18 23 34 23 23 17 9 7 24
split_gain=6.29789 5.81466 4.77247 4.9086 6.3375 6.91193 5.88576 8.24227 6.76989 5.61772 5.15686 4.37146 4.13012 5.24408
threshold=7.0438221371444127 0.41129970139871136 3.508517692744558 8.7315597453869476 1.0000000180025095e-35 1.8027602617187346 6.5735770391047712 0.60860323886639689 5.5792316181851573 6.078920715003524 10.439560022277355 1.0023843245039192 2.7878363451816539 0.98184188733355682
decision_type=2 2 2 2 2 2 2 2 2 2 2 2 2 2
left_child=2 -2 3 6 -5 9 8 -8 11 -6 -10 12 13 -1
right_child=1 -3 -4 4 5 -7 7 -9 10 -11 -12 -13 -14 -15
leaf_value=-2.0927090550010295e-05 1.8878745427058918e-06 0.00070742168039018784 -0.0011091670686519839 0.016871582697728055 2.8456843115207685e-05 0.00040064685911497924 -5.5214352116550453e-05 -0.0043501055498199482 0.0009959807804074195 -0.00089610520338144755 -8.6903578623324091e-05 -0.0015103131018328541 -0.001059224774825579 0.00018340632806800871
leaf_weight=304 559 31 39 19 17 22 25 22 33 21 17 47 18 19
leaf_count=304 559 31 39 19 17 22 25 22 33 21 17 47 18 19
internal_value=-0.000577889 0.00162437 -0.00273179 -0.0020177 0.004875 0 -0.00314815 -0.013125 -0.00205011 -0.00769231 0.00823529 -0.00339332 -0.00219298 -0.00138889
internal_weight=1193 590 603 564 79 60 485 47 438 38 50 388 341 323
internal_count=1193 590 603 564 79 60 485 47 438 38 50 388 341 323
is_linear=0
shrinkage=0.03


Tree=414
num_leaves=15
num_cat=0
split_feature=46 42 14 0 10 27 29 5 17 39 41 13 3 9
split_gain=4.66248 4.2262 3.91761 4.92986 8.93383 6.80565 7.97317 6.76035 5.87967 5.41297 7.10947 4.71145 4.55669 3.6779
threshold=2.5725313543192061 10.690973012983891 0.38087778102705205 5.0000000000000009 0.020898515372257342 1.5000000000000002 2.5560871876661353 1.3323209877780628 13.687320315806373 7.1016304347826091 4.2773359509929074 0.63280884941708238 2.8683145630912183 0.33077085960015457
decision_type=2 2 2 2 2 2 2 2 2 2 2 2 2 2
left_child=1 2 3 5 -5 7 -7 -1 -8 10 -6 12 -9 -4
right_child=-2 -3 13 4 9 6 8 11 -10 -11 -12 -13 -14 -15
leaf_value=0.0001003151212945108 -0.00074957534286651637 -0.0013445747848940793 -0.00063125086307957382 0.0047805811857303277 -6.8408234188464532e-05 0.0014041017305908299 -5.0112062828604058e-05 -1.8131838245178944e-05 0.00024864201301097899 -0.0013566756008665814 6.4964238102982466e-07 5.8146661862546468e-05 -0.0024073656801765343 4.1481085388786472e-06
leaf_weight=23 14.999999999999998 17 20 24 28 36 31 27 18 96 120 15.999999999999998 14.999999999999998 734
leaf_count=23 15 17 20 24 28 36 31 27 18 96 120 16 15 734
internal_value=-0.000786241 -0.000572139 -0.000353238 -0.00262069 -0.00513011 0.00143713 0.00732558 -0.0047561 -0.0006 -0.00685714 -0.00322148 -0.0101695 -0.0153488 0.000953642
internal_weight=1220 1205 1188 434 268 166 85 81 49 244 148 58 42 754
internal_count=1220 1205 1188 434 268 166 85 81 49 244 148 58 42 754
is_linear=0
shrinkage=0.03


Tree=415
num_leaves=15
num_cat=0
split_feature=33 37 37 20 24 35 35 24 13 22 0 5 51 22
split_gain=5.5529 5.4555 4.79945 4.60919 4.25824 5.69654 4.89731 4.85879 3.86679 3.83062 3.75552 8.58234 3.6437 3.48137
threshold=1.8027602617187346 1.4392608977506034 1.854295422575172 2.3452840864979656 0.24038461538461542 0.81321741511500567 0.81294777582649924 0.41586089338484333 0.58108611067549643 7.5716159822295825 5.0000000000000009 0.92866624821563437 5.0581070093835905 6.556862054388894
decision_type=2 2 2 2 2 2 2 2 2 2 2 2 2 2
left_child=1 10 3 4 9 6 7 -6 -5 -2 11 -1 -7 -9
right_child=2 -3 -4 8 5 12 -8 13 -10 -11 -12 -13 -14 -15
leaf_value=-2.4880200843402367e-05 4.3316508615262039e-05 -0.00014555808471413911 -3.8546102420333739e-06 1.1397006097622064e-05 -0.00073137857890140129 0.00023059749814133751 -2.4180866358082807e-05 -0.00052777002188633898 2.8193637152125056e-05 0.00039124253532413694 -5.7308359435985777e-05 0.0013449016728732143 1.4433252988537148e-05 7.4753596555210408e-06
leaf_weight=20 93 17 701 23 18 20 20 24 34 24 63 14.999999999999998 45 104
leaf_count=20 93 17 701 23 18 20 20 24 34 24 63 15 45 104
internal_value=-0.000220949 -0.00646552 0.000433604 0.00302956 0.0017192 -0.000646552 -0.00359281 -0.00163265 0.0108621 0.00635593 -0.00363636 0.00416667 0.00681818 0.000465116
internal_weight=1221 115 1106 405 348 231 166 146 57 117 98 35 65 128
internal_count=1221 115 1106 405 348 231 166 146 57 117 98 35 65 128
is_linear=0
shrinkage=0.03


Tree=416
num_leaves=15
num_cat=0
split_feature=37 33 36 24 14 12 36 7 23 13 3 9 8 0
split_gain=3.82731 6.24008 5.70658 4.95184 4.51585 4.51488 8.7965 5.90719 6.55756 5.42354 4.16633 3.4392 3.41419 3.46445
threshold=1.9344690891664558 1.7776077025630368 3.119423463171155 0.94522056431819934 0.38400111325717151 0.64119671030547176 4.5205065469975949 2.7092691326232647 6.5735770391047712 0.49897579182392843 4.0633143758719052 1.4407406870120074 1.4982558360770895 5.0000000000000009
decision_type=2 2 2 2 2 2 2 2 2 2 2 2 2 2
left_child=1 12 -3 -4 11 7 -7 -2 9 -9 -10 -5 13 -1
right_child=5 2 3 4 -6 6 -8 8 10 -11 -12 -13 -14 -15
leaf_value=4.6412269303793826e-05 -8.5822365766160814e-05 0.00013678332252325232 -1.492809935036421e-06 0.00018758166577131978 2.909056001424437e-06 -0.00011056945681086727 0.00090428630971204564 -0.00027126423246403572 -0.0041833131517395586 0.00054020634928925615 -1.2021433536630876e-05 9.2746307882404781e-06 -3.7604297552943366e-05 -5.4584175136774825e-05
leaf_weight=41 137 100 355 24 50 92 39 14.999999999999998 19 31 187 15.999999999999998 15.999999999999998 57
leaf_count=41 137 100 355 24 50 92 39 15 19 31 187 16 16 57
internal_value=-0.000381356 0.00113636 0.00247253 0.00100897 0.00725275 -0.00230326 0.0025 -0.00392308 -0.00118577 0.00893617 -0.00347826 0.0146341 -0.00521739 -0.0030303
internal_weight=1179 659 545 445 90 520 131 389 252 46 206 40 114 98
internal_count=1179 659 545 445 90 520 131 389 252 46 206 40 114 98
is_linear=0
shrinkage=0.03


Tree=417
num_leaves=15
num_cat=0
split_feature=3 34 22 22 23 22 42 42 17 13 24 33 11 51
split_gain=3.34393 7.19638 6.46694 5.93265 6.696 5.76304 9.04807 5.09492 4.16064 6.84028 4.72145 5.55769 3.78776 3.60181
threshold=4.155954272014867 15.973206301162554 10.913463336230757 10.526127764253575 6.4968650985055509 12.549435337814282 10.091495064482194 8.7315597453869476 4.0869514650960612 0.58214260513764404 0.99955893150725361 11.658831784213985 0.045121251925751865 5.468953302635553
decision_type=2 2 2 2 2 2 2 2 2 2 2 2 2 2
left_child=1 5 3 4 -2 6 13 12 9 -9 11 -10 -4 -1
right_child=2 -3 7 -5 -6 -7 -8 8 10 -11 -12 -13 -14 -15
leaf_value=-8.8784633672278616e-06 5.64261580337122e-05 -0.00011072518764686401 -0.0003439354707508346 0.0014848270671828433 -2.3309090874779059e-07 -0.0018046148088401025 7.8308901179759962e-05 -2.6837998736572997e-05 0.0014654493862309124 1.8142741917044348e-05 -0.0013444835562987478 -6.3068645594888113e-06 -0.0024433241128537465 -0.00015838929184956217
leaf_weight=743 44 34 24 17 119 17 39 29 25 14.999999999999998 21 26 24 38
leaf_count=743 44 34 24 17 119 17 39 29 25 15 21 26 24 38
internal_value=-0.0011102 -0.00209862 0.0013913 0.00530387 0.00347561 -0.00153938 -0.00116931 -0.00290909 0.000512821 -0.00666667 0.00493151 0.00980769 -0.0110204 -0.0018798
internal_weight=1215 871 344 180 163 837 820 164 116 44 72 51 48 781
internal_count=1215 871 344 180 163 837 820 164 116 44 72 51 48 781
is_linear=0
shrinkage=0.03


Tree=418
num_leaves=15
num_cat=0
split_feature=12 35 28 10 24 21 24 29 19 10 30 31 36 1
split_gain=5.24994 6.442 5.10175 5.00819 4.4474 7.16421 5.26687 4.49763 4.29374 4.45251 4.81427 3.59032 3.47095 3.0375
threshold=0.36497402931693879 0.56301667475902761 21.500000000000004 0.7068853745500453 0.9861487459050936 3.4775509495473456 0.24038461538461542 0.187061095505618 0.24867405978784959 0.63818181818181829 0.031009615384615389 16.500000000000004 1.8291965131395622 0.92866624821563437
decision_type=2 2 2 2 2 2 2 2 2 2 2 2 2 2
left_child=1 4 3 -3 6 -6 8 -8 -1 10 -10 -4 13 -2
right_child=12 2 11 -5 5 -7 7 -9 9 -11 -12 -13 -14 -15
leaf_value=-0.0003155384136552519 2.2113802994493947e-05 2.8134901228671349e-06 -2.7323124680203037e-05 7.8468793390566442e-05 0.0013164901686822032 -0.00028153902886071555 -4.5881639568146056e-06 -0.0013421911179659668 -6.4064225042300687e-05 -8.3137403665523019e-05 0.00024003788135507962 -1.3440811765408344e-06 3.8457538821852209e-05 -9.6566467775309749e-05
leaf_weight=33 24 263 38 30 15.999999999999998 20 22 55 27 28 33 146 447 14.999999999999998
leaf_count=33 24 263 38 30 16 20 22 55 27 28 33 146 447 15
internal_value=-0.000676127 -0.00231742 -0.000313808 0.00214286 -0.00638298 0.00324324 -0.0081407 -0.0142308 -0.00418033 -0.000674157 0.00393443 -0.00421622 0.00172485 -0.00675
internal_weight=1197 711 477 293 234 36 198 77 121 88 60 184 486 39
internal_count=1197 711 477 293 234 36 198 77 121 88 60 184 486 39
is_linear=0
shrinkage=0.03


Tree=419
num_leaves=15
num_cat=0
split_feature=33 3 7 33 23 23 33 19 13 13 17 3 10 14
split_gain=11.485 6.61675 4.19288 4.15483 6.276 6.33131 5.12387 3.86246 3.67119 10.606 3.91737 3.76127 5.00992 3.73792
threshold=11.543653021082804 3.5084090924834279 2.4366951811970612 4.44132951928023 5.7824595598634216 5.9730425674085694 3.5798464308989462 0.11125175808720113 0.2413142744543022 0.12257261312590607 13.150332152150552 4.5221833174226278 0.081765835163988151 0.38066766789881529
decision_type=2 2 2 2 2 2 2 2 2 2 2 2 2 2
left_child=1 2 -1 6 -5 -6 -3 -4 9 -7 -11 13 -13 -10
right_child=-2 3 7 4 5 8 -8 -9 11 10 -12 12 -14 -15
leaf_value=-8.6679236823450361e-06 -5.4533319280785087e-05 0.00074072849001445226 2.0956028382607127e-06 0.0028545013047710931 -8.1299086554738185e-05 0.00052614645207088584 -0.0041392042332913225 -0.00029167320358065737 -3.0723546099432341e-05 -0.0006295570496511637 -0.0006091171496915537 2.6887751179631713e-05 0.0037634134611104174 1.2402850276988647e-05
leaf_weight=449 45 18 18 19 22 30 30 56 58 15.999999999999998 22 35 20 384
leaf_count=449 45 18 18 19 22 30 30 56 58 16 22 35 20 384
internal_value=-0.000294358 0.000280136 -0.00223282 0.00229008 0.0029654 0.00239796 -0.00612245 -0.0088 0.0030212 -0.00347826 -0.0138462 0.00391566 0.01125 0.00297968
internal_weight=1222 1177 523 654 606 587 48 74 565 68 38 497 55 442
internal_count=1222 1177 523 654 606 587 48 74 565 68 38 497 55 442
is_linear=0
shrinkage=0.03


Tree=420
num_leaves=15
num_cat=0
split_feature=1 5 24 24 24 24 34 9 14 34 8 13 13 19
split_gain=4.8958 3.90219 4.02474 6.09795 3.79537 8.25552 6.23821 3.96208 3.73679 3.73205 3.60051 3.51489 3.53595 3.20903
threshold=1.6433404846774653 1.5118319590988969 1.0000000180025095e-35 0.41586089338484333 0.67906801233099257 0.79980506822612096 11.790273975313672 0.42946424075452738 0.3844043231439222 0.60860323886639689 1.3709695388645995 0.58337121212121223 0.27570619171546307 0.70833333333333337
decision_type=2 2 2 2 2 2 2 2 2 2 2 2 2 2
left_child=1 10 11 -4 -5 6 8 9 -6 -7 13 12 -3 -1
right_child=-2 2 3 4 5 7 -8 -9 -10 -11 -12 -13 -14 -15
leaf_value=-5.0208513638181905e-05 -1.4991796625666853e-05 6.5776120099947373e-07 -0.00078993842746749446 3.1558973496890737e-05 -0.00018819258117058979 3.4077083052264089e-06 1.3869603016374299e-05 2.7407663345304644e-05 -0.00029249981660575127 -0.0023499358397940096 -6.6043988676507407e-05 -4.3268461675721734e-06 0.00049720291764965838 3.7354874027692996e-05
leaf_weight=76 604 17 18 40 23 31 19 219 17 14.999999999999998 18 30 33 45
leaf_count=76 604 17 18 40 23 31 19 219 17 15 18 30 33 45
internal_value=-0.00116915 0.000747508 0.00207343 0.00078329 0.00164384 0.000553846 -0.0095 0.00281955 -0.0160976 -0.00510638 -0.00364286 0.00814815 0.0129412 -0.00172131
internal_weight=1205 601 462 382 364 324 59 265 40 46 139 80 50 121
internal_count=1205 601 462 382 364 324 59 265 40 46 139 80 50 121
is_linear=0
shrinkage=0.03


Tree=421
num_leaves=15
num_cat=0
split_feature=23 10 13 38 17 31 34 8 22 39 49 14 11 23
split_gain=5.15076 5.93717 6.50762 4.42434 5.2859 6.0737 4.98224 4.09374 3.92304 6.10887 3.63218 5.02273 5.71763 3.46085
threshold=9.1339945388525976 0.69565957063297057 0.58132276296196028 0.015564437984496126 48.702884218469954 22.500000000000004 19.599734986512711 2.8828089482652852 13.167981780531585 50.181201550387605 0.38907562519182187 0.38066766789881529 0.29636406878836885 7.6765526113257794
decision_type=2 2 2 2 2 2 2 2 2 2 2 2 2 2
left_child=3 8 -3 -1 5 6 10 -6 -2 -10 11 12 -5 -13
right_child=1 2 -4 4 7 -7 -8 -9 9 -11 -12 13 -14 -15
leaf_value=-5.2953223997599385e-05 -0.00010566758806864751 8.3270554053971316e-05 -4.5373515061042367e-06 -3.7257659464963173e-05 -7.0209065183151064e-05 -0.0016279250853329307 6.8097279463051599e-05 0.0027928932921438107 0.0013381391530273667 -0.0013056596544110577 0.00033510034100672656 8.4298375249658432e-06 0.00055355572337794441 -3.0634036071714997e-05
leaf_weight=64 38 20 45 279 17 24 18 32 15.000000000000002 14.999999999999998 45 493 18 67
leaf_count=64 38 20 45 279 17 24 18 32 15 15 45 493 18 67
internal_value=-0.000503778 -0.00604478 0.000454545 0.000198488 0.000694165 0.000190476 0.000586319 0.0102 -0.0121739 -0.00387097 0.000265781 -0.000174825 -0.00332215 0.00149733
internal_weight=1190 133 65 1057 993 944 920 49 68 30 902 857 297 560
internal_count=1190 133 65 1057 993 944 920 49 68 30 902 857 297 560
is_linear=0
shrinkage=0.03


Tree=422
num_leaves=15
num_cat=0
split_feature=33 23 33 36 9 11 25 42 43 10 9 42 13 25
split_gain=6.80602 5.52611 4.79224 6.76172 5.75905 5.04459 4.67494 6.365 6.94231 5.60804 5.08548 5.65284 4.15354 4.52816
threshold=1.8027602617187346 8.2835930795856303 8.7910331033908893 9.5531793071008639 1.5280887328767403 0.12904102608036208 61.000000000000007 8.6889498293263916 1.2670130530280677 0.7149021608433469 1.5278312352712875 7.1344629766724639 0.14687222616184184 23.500000000000004
decision_type=2 2 2 2 2 2 2 2 2 2 2 2 2 2
left_child=-1 2 6 -4 5 -5 7 9 -9 -2 11 -11 -3 -14
right_child=1 12 3 4 -6 -7 -8 8 -10 10 -12 -13 13 -15
leaf_value=-4.6899279044828598e-05 3.6949864224478101e-06 0.00071340893366540477 4.02848679907386e-05 -0.00019055691651101325 5.5620075415714343e-05 2.5442608171197811e-05 -0.00010249835625455061 0.0092915961846691143 -3.1933806391586935e-05 -4.8694493462453359e-07 3.6876367266281125e-05 -0.00023285545160125042 -1.5478109972577591e-06 -4.4816747405815866e-05
leaf_weight=119 557 26 29 18 18 30 78 25 26 30 20 32 91 106
leaf_count=119 557 26 29 18 18 30 78 25 26 30 20 32 91 106
internal_value=-0.000970149 -0.000220791 0.000868056 0.0071875 0.00179104 -0.00367347 7.80234e-05 0.000868307 0.0109615 4.6875e-05 -0.00722892 -0.0114286 -0.00441964 -0.00590909
internal_weight=1205 1086 863 95 66 48 768 690 51 639 82 62 223 197
internal_count=1205 1086 863 95 66 48 768 690 51 639 82 62 223 197
is_linear=0
shrinkage=0.03


Tree=423
num_leaves=15
num_cat=0
split_feature=19 28 23 23 24 23 33 29 41 0 22 10 21 12
split_gain=5.24913 5.74585 5.56161 6.69767 3.93823 6.38543 6.0799 7.21086 6.72728 5.40971 5.0625 4.72398 3.74538 3.63782
threshold=0.36421247259562056 49.000000000000007 9.0402667237798209 10.059384870907223 0.34166666666666673 5.2483818730868839 7.7802513451009361 10.101333567292508 5.2351188121032033 5.0000000000000009 11.360203711742528 0.032364022983526468 1.0334733948153068 0.57197301277375667
decision_type=2 2 2 2 2 2 2 2 2 2 2 2 2 2
left_child=1 2 4 -4 -1 12 8 10 9 -7 -8 -10 -6 -11
right_child=-2 -3 3 -5 5 6 7 -9 11 13 -12 -13 -14 -15
leaf_value=-9.9572361718333889e-05 2.707470694441605e-06 0.00020457374973167908 -0.0016722652754070132 -1.248228117093797e-05 0.00069672194003075753 -6.9270790954918389e-05 0.00055664101950296356 -0.0029666757971859897 -0.00017035287766484995 0.00075940022282631472 -0.00018459531142147489 -0.0012997788446361812 1.8925001881270051e-05 -0.00019857717551948379
leaf_weight=84 674 15.999999999999998 24 18 14.999999999999998 23 33 15.999999999999998 20 26 14.999999999999998 46 150 24
leaf_count=84 674 16 24 18 15 23 33 16 20 26 15 46 150 24
internal_value=-0.000759494 -0.00305284 -0.00363636 -0.0139535 -0.00264901 -0.00130081 -0.00485294 0.00276923 -0.00835714 -0.00202703 0.00857143 -0.0152239 0.00307229 0.00352941
internal_weight=1184 510 494 42 452 368 203 64 139 73 48 66 165 50
internal_count=1184 510 494 42 452 368 203 64 139 73 48 66 165 50
is_linear=0
shrinkage=0.03


Tree=424
num_leaves=15
num_cat=0
split_feature=51 1 24 17 11 5 23 36 29 8 5 22 0 13
split_gain=4.02498 4.78141 5.14375 6.47033 4.3121 4.11928 3.77533 9.54986 8.00753 6.39918 3.96307 7.62427 6.40887 6.34369
threshold=2.9795445571836967 1.6074219240238492 0.95554754840284695 10.759765625000002 0.069879488819310928 3.289475047385559 8.3265946332991572 7.8353892398131952 13.437370062370062 3.3406347327997525 4.3882596125730311 10.215582485549353 7.5000000000000009 0.99734229953454145
decision_type=2 2 2 2 2 2 2 2 2 2 2 2 2 2
left_child=-1 2 4 -4 -2 -6 7 8 10 -9 11 12 -3 -13
right_child=1 6 3 -5 5 -7 -8 9 -10 -11 -12 13 -14 -15
leaf_value=-3.6940904961669792e-05 -0.00031482345330529807 -9.3975300698520558e-06 0.00025366240743011345 4.3526604579960933e-05 1.8982805156608772e-06 9.4793501335851399e-05 -2.5141621182265262e-05 3.4669134872333806e-06 -0.00028587178319904537 0.0004193699801922035 -0.00017573113353053227 6.6042150840767139e-05 -0.001286960138940728 0.021003025199287147
leaf_weight=57 36 204 44 46 382 17 149 145 19 17 32 36 23 14.999999999999998
leaf_count=57 36 204 44 46 382 17 149 145 19 17 32 36 23 15
internal_value=-0.00107931 -0.000694683 0.00142586 0.00791209 6.88073e-05 0.000975 -0.0024337 -0.00115854 -0.00409091 0.00478528 -0.00289389 -0.00172043 -0.00407895 0.00865385
internal_weight=1222 1165 525 90 435 399 640 491 329 162 310 278 227 51
internal_count=1222 1165 525 90 435 399 640 491 329 162 310 278 227 51
is_linear=0
shrinkage=0.03


Tree=425
num_leaves=15
num_cat=0
split_feature=26 33 51 51 1 51 24 42 14 20 3 9 37 7
split_gain=4.52607 4.93841 3.38187 5.10744 5.80657 3.90455 3.1316 4.08047 3.03447 3.02124 5.50074 4.02577 3.14596 2.74941
threshold=64.125490196078445 5.3760699782657495 6.6205135149915657 5.655589788563101 1.4982558360770895 5.5362180690256269 0.97228369286564142 8.3385829294489167 0.22154229161704528 0.53959062302381255 1.3313789158407874 0.33534018242407099 0.65051499783199074 2.7011358511004739
decision_type=2 2 2 2 2 2 2 2 2 2 2 2 2 2
left_child=2 -2 3 5 -5 9 7 -7 -6 10 -1 -11 -13 -14
right_child=1 -3 -4 4 8 6 -8 -9 -10 11 -12 12 13 -15
leaf_value=0.00025514520026054363 -0.0012526672500526909 9.7801117655116337e-07 -0.00013986453428448619 0.0018924536949715698 -0.0001737855180729153 -0.00016114212254869864 6.8186412168477206e-05 -2.2247425703882937e-05 6.2517492193137062e-05 -4.6164563420871827e-05 1.9076383358073156e-05 -8.1856796055838066e-05 -5.4866264293218498e-06 8.0639401547083488e-06
leaf_weight=14.999999999999998 24 17 50 17 21 14.999999999999998 25 35 56 35 84 18 614 153
leaf_count=15 24 17 50 17 21 15 25 35 56 35 84 18 614 153
internal_value=-0.00104237 -0.0107143 -0.000684811 -0.000330579 0.00631579 -0.000964824 -0.0075 -0.0117647 0.00269231 -0.000423913 0.0045 -0.00102314 -0.000572519 -0.000273438
internal_weight=1179 41 1138 1088 94 994 75 50 77 919 99 820 785 767
internal_count=1179 41 1138 1088 94 994 75 50 77 919 99 820 785 767
is_linear=0
shrinkage=0.03


Tree=426
num_leaves=15
num_cat=0
split_feature=34 41 7 21 7 0 7 14 12 11 22 22 6 21
split_gain=4.2769 5.07924 5.35212 4.25962 4.916 4.64808 4.32746 7.67251 4.04355 3.8975 3.37086 8.35948 3.17854 3.2401
threshold=0.67384370287410522 5.2943619455684034 3.6546309414379663 2.1538885553688387 1.5965622991772308 5.0000000000000009 1.5049378168560803 0.59753265602322214 0.64119671030547176 0.16406617080792815 12.154804347481129 9.8983193761396713 2.1105375083058608 0.4156274064199838
decision_type=2 2 2 2 2 2 2 2 2 2 2 2 2 2
left_child=1 2 3 4 5 9 7 -7 12 -1 11 -3 13 -2
right_child=8 10 -4 -5 -6 6 -8 -9 -10 -11 -12 -13 -14 -15
leaf_value=-9.0281883240153065e-05 0.0013901137815285657 -0.0019969538547047849 0.00039058845426553912 -0.00073249237528266503 2.71257225473015e-05 -6.0504318046885048e-05 -0.00035549539519713511 0.00031509931815681003 0.00012886995686835933 7.724001915404677e-05 -0.0039828773478714635 0.0012919882972236129 0.00025255929893675644 -2.8652886649135901e-06
leaf_weight=14.999999999999998 17 15.999999999999998 43 70 122 44 14.999999999999998 18 66 24 22 19 22 682
leaf_count=15 17 16 43 70 122 44 15 18 66 24 22 19 22 682
internal_value=-0.00117893 -0.00366748 -0.00230114 -0.00368932 -0.00175732 -0.00615385 -0.0103846 -0.00666667 0.000114213 0.00225 -0.0118966 -0.00583333 -0.000540166 -0.0009
internal_weight=1195 408 351 308 238 116 77 62 787 39 57 35 721 699
internal_count=1195 408 351 308 238 116 77 62 787 39 57 35 721 699
is_linear=0
shrinkage=0.03


Tree=427
num_leaves=15
num_cat=0
split_feature=4 1 7 4 23 30 46 22 29 30 34 8 14 40
split_gain=4.66083 6.63227 5.45966 3.90164 5.64065 3.8761 3.73842 5.64964 4.19024 4.34866 5.34696 3.30849 2.92895 4.88007
threshold=4.1326595624092812 1.6766695476556526 1.5854241018216548 4.1072092062382586 7.6377213911564281 0.13118279569892474 1.3332589902774405 10.066548071303346 6.8443129181677831 0.083478260869565238 0.74342105263157909 1.0206963425791129 0.14049160684397247 1.2172844520170996
decision_type=2 2 2 2 2 2 2 2 2 2 2 2 2 2
left_child=2 5 6 12 -5 -2 7 8 9 -1 -11 -12 -4 -14
right_child=1 -3 3 4 -6 -7 -8 -9 -10 10 11 -13 13 -15
leaf_value=-4.5131559889840523e-05 0.0014204354470451585 -5.3345118014438139e-05 0.001937493366542628 6.8511261455552191e-05 -9.9252851357300997e-06 -4.7571859712155492e-05 -0.0002122551120701105 0.00088988377907004194 -0.0012182429120375503 0.00029408493134297525 -0.00053366048747780837 0.0001970563898649158 6.2694305718666296e-06 -0.00016354027097212844
leaf_weight=77 18 154 42 27 18 22 15.999999999999998 18 17 23 21 37 553 140
leaf_count=77 18 154 42 27 18 22 16 18 17 23 21 37 553 140
internal_value=-0.000684122 -0.00492308 0.000151515 0.00130602 0.00978261 0.00585366 -0.00414286 -0.00293814 -0.00460227 -0.00301887 0.00182927 -0.00305085 0.000774457 0.000302594
internal_weight=1183 194 989 780 45 40 209 193 175 158 81 58 735 693
internal_count=1183 194 989 780 45 40 209 193 175 158 81 58 735 693
is_linear=0
shrinkage=0.03


Tree=428
num_leaves=15
num_cat=0
split_feature=8 22 22 30 3 14 35 38 14 9 41 33 30 8
split_gain=5.67142 4.90127 6.35306 6.53588 6.98231 8.1206 6.09167 5.92478 6.70643 6.80668 5.89341 5.42192 6.53378 4.84581
threshold=1.5680430486920489 8.4011899779120007 8.1254989186547366 0.98076211616722164 4.2543046493342835 0.39523870257935706 0.87526880266497009 0.073232323232323246 0.38518040327412156 0.69093920053953461 5.0858351475512764 6.3450677387092895 0.92770034843205595 1.8162286460923622
decision_type=2 2 2 2 2 2 2 2 2 2 2 2 2 2
left_child=-1 2 3 7 5 6 -5 8 9 -2 -9 -12 -13 -10
right_child=1 -3 -4 4 -6 -7 -8 10 13 -11 11 12 -14 -15
leaf_value=-3.7053568772690281e-05 4.3184683087005293e-06 -3.9807565938976275e-06 0.00039734015139614235 -9.1589981941602729e-05 6.7827132003801525e-05 -0.00034945304480617749 4.8592390902592418e-05 6.0033792087201831e-05 0.0013139039562955557 -0.0001358634686676935 0.0015447201587484949 -4.6091220300220892e-05 3.7550757917213519e-05 2.3897993599247824e-06
leaf_weight=250 34 600 22 29 17 14.999999999999998 26 45 14.999999999999998 27 23 21 30 67
leaf_count=250 34 600 22 29 17 15 26 45 15 27 23 21 30 67
internal_value=-0.000761047 0.000277778 0.00298387 0.00197143 -0.00511364 -0.00929577 -0.00375 0.0043346 0.000208333 -0.00725806 0.00925 0.0144 0.00865385 0.00578313
internal_weight=1221 971 371 349 87 70 55 262 143 61 119 74 51 82
internal_count=1221 971 371 349 87 70 55 262 143 61 119 74 51 82
is_linear=0
shrinkage=0.03


Tree=429
num_leaves=15
num_cat=0
split_feature=40 0 33 19 25 34 10 30 13 20 35 51 5 22
split_gain=4.14953 5.22437 9.44747 9.40937 6.38799 5.87659 7.01602 5.53412 5.22462 5.02942 4.11063 4.78912 3.92851 5.75906
threshold=0.97712125471966249 5.0000000000000009 5.0087784858849647 0.08826331712483948 11.500000000000002 1.0033106034237258 0.083266615137743541 0.93063352044907788 0.65685499878963938 2.7222207080944627 0.80903470847216996 6.5041600841119465 4.302119754761466 12.4515162053294
decision_type=2 2 2 2 2 2 2 2 2 2 2 2 2 2
left_child=9 2 4 7 -2 6 -5 12 -6 -1 11 -4 -3 -14
right_child=1 3 10 5 8 -7 -8 -9 -10 -11 -12 -13 13 -15
leaf_value=-1.3283301308231189e-07 0.00022248391740914642 -4.9343727434736359e-06 0.0015538209495925023 0.0012582542791338869 -0.0013020936188604471 -0.0039604036786632197 -0.00076866182989794411 0.0016694937396623376 -4.3504072952185724e-06 0.0051362068303936123 -7.8477869143833699e-07 0.00078870375641317827 -0.0011054053187394164 -0.0003207642054842452
leaf_weight=795 17 91 32 17 25 37 36 21 24 14.999999999999998 27 15.999999999999998 23 22
leaf_count=795 17 91 32 17 25 37 36 21 24 15 27 16 23 22
internal_value=-0.00100083 -0.00354756 0.00105634 -0.00616935 -0.00716418 -0.0138462 -0.00722222 -0.00170886 -0.0126 0.000221948 0.00828947 0.0134694 -0.00394161 -0.011087
internal_weight=1198 388 141 247 66 90 53 157 49 810 75 48 136 45
internal_count=1198 388 141 247 66 90 53 157 49 810 75 48 136 45
is_linear=0
shrinkage=0.03


Tree=430
num_leaves=15
num_cat=0
split_feature=36 41 36 23 36 14 14 39 11 4 21 51 13 42
split_gain=5.42874 4.38043 6.91711 7.24767 8.07989 6.25748 4.42934 3.98757 6.21449 3.49246 5.22318 9.06785 3.32585 3.2242
threshold=7.3978849395632995 7.1344629766724639 7.8353892398131952 7.0232420838627183 8.8538633513392337 0.40007431787670705 0.38607595612303952 3.2046511627906979 0.12632185295350956 4.8732794167556071 4.0426182035917497 5.9115831429087446 0.58147375728768635 10.132109968840494
decision_type=2 2 2 2 2 2 2 2 2 2 2 2 2 2
left_child=9 6 -3 4 5 -4 7 8 -2 10 11 -1 -9 -5
right_child=1 2 3 13 -6 -7 -8 12 -10 -11 -12 -13 -14 -15
leaf_value=-1.3928939585469146e-05 -0.00014160012921538053 -0.00013360405807034902 -1.7321437207696576e-05 1.5839227728892124e-06 0.00057346205575553783 0.00012401102391306539 0.00016689661748844675 6.4314169731149174e-05 1.9882449942705548e-05 -0.00051049119547859508 0.0021482595208254561 -0.0041174546650205321 3.5586550186638694e-05 -2.8022653852424193e-05
leaf_weight=604 22 27 38 290 20 17 15.999999999999998 21 32 33 19 14.999999999999998 29 66
leaf_count=604 22 27 38 290 20 17 16 21 32 33 19 15 29 66
internal_value=-0.000264 0.00186528 0.000522876 0.00145833 0.00986842 0.00375 0.00694215 0.00457143 -0.00109091 -0.00209821 -0.00159624 -0.00208065 0.0105882 -0.000336134
internal_weight=1249 578 458 431 75 55 120 104 54 671 638 619 50 356
internal_count=1249 578 458 431 75 55 120 104 54 671 638 619 50 356
is_linear=0
shrinkage=0.03


Tree=431
num_leaves=15
num_cat=0
split_feature=17 22 23 40 42 11 33 40 21 18 29 11 39 10
split_gain=3.07552 4.50541 4.17251 3.61596 5.17069 6.3194 7.64171 7.83192 5.09132 4.4967 5.11989 3.80012 3.40799 3.04358
threshold=85.831387798223076 13.675376409990834 9.4827775519898037 1.2428607132407901 8.2406764806618025 0.28571449453167602 8.8021370274711508 1.6674278448086459 2.6499450490353786 1.4697596263093093 0.52711291413116979 0.022520055895713032 29.218750000000004 0.74214285714285722
decision_type=2 2 2 2 2 2 2 2 2 2 2 2 2 2
left_child=1 2 3 8 5 6 7 9 13 -5 -11 -6 -13 -1
right_child=-2 -3 -4 4 11 -7 -8 -9 -10 10 -12 12 -14 -15
leaf_value=1.736336145080619e-06 -0.00066629332587141209 0.00024756894306918295 -9.2144183492435253e-05 -0.00036394810381347507 5.5420822107170027e-05 0.0089812013282044821 0.00041276657739071961 -0.0034179136892615201 0.00049109683966384041 0.00047724300124525327 -4.1177871263441963e-05 -0.0029964394186203567 -0.0001173565629686113 -0.00014867409359570587
leaf_weight=803 30 27 22 19 25 21 14.999999999999998 22 21 30 34 31 38 56
leaf_count=803 30 27 22 19 25 21 15 22 21 30 34 31 38 56
internal_value=-0.000351464 -0.000103004 -0.000395431 -0.000134409 -0.0034322 0.000211268 -0.00247934 -0.00537736 0.000749149 -0.00107143 0.00276923 -0.00884211 -0.0124286 0.000383721
internal_weight=1194 1164 1137 1115 235 141 120 105 880 83 64 94 69 859
internal_count=1194 1164 1137 1115 235 141 120 105 880 83 64 94 69 859
is_linear=0
shrinkage=0.03


Tree=432
num_leaves=15
num_cat=0
split_feature=7 36 33 41 29 31 11 51 12 24 51 33 30 14
split_gain=4.12344 7.01744 5.66176 4.91073 5.39415 3.98494 4.39283 3.99469 3.51829 4.06671 6.50733 5.82778 5.74348 3.73078
threshold=1.6811469689821157 2.2659182120664325 7.7802513451009361 10.144762901471962 13.495614035087721 22.500000000000004 0.0099329983545196603 7.0458859258013433 0.27178030303030304 0.91960207633078273 3.4001692430718298 1.8572906044197659 0.34313725490196084 0.9148606811145511
decision_type=2 2 2 2 2 2 2 2 2 2 2 2 2 2
left_child=2 -2 8 5 -5 6 -3 -8 -1 10 11 -10 -13 -11
right_child=1 3 -4 4 -6 -7 7 -9 9 13 -12 12 -14 -15
leaf_value=2.2419871811862891e-06 0.00011509404626165231 -0.0011455775248075872 0.00023303581265424975 -4.4642194338309067e-05 1.1028542252420336e-05 -0.00091550039173696521 1.3346148306636606e-06 0.00025280117141257108 -9.5789442178654261e-05 0.00022671914690918657 -0.00052756138648667238 0.00049435472250706201 -0.00035171001865721307 -0.0013545547912890731
leaf_weight=47 31 45 14.999999999999998 24 21 15.999999999999998 801 30 61 19 31 26 21 17
leaf_count=47 31 45 15 24 21 16 801 30 61 19 31 26 21 17
internal_value=-0.000621891 0.000247678 -0.00415966 -0.000223881 -0.00978261 0.000268757 0.00054732 0.00104567 -0.00538117 -0.00732955 -0.00964286 -0.00605505 0.001875 0.00162162
internal_weight=1205 968 237 937 45 892 876 831 222 175 139 108 47 36
internal_count=1205 968 237 937 45 892 876 831 222 175 139 108 47 36
is_linear=0
shrinkage=0.03


Tree=433
num_leaves=15
num_cat=0
split_feature=44 50 33 22 22 36 28 29 29 34 23 51 19 34
split_gain=2.83726 2.99296 2.73984 5.9406 3.82446 3.22262 11.8284 4.89256 4.63177 4.96352 4.55126 5.19277 4.57619 4.27045
threshold=1.4334389071687497 4.5990791968379714 11.555509305371027 13.835096062525601 12.80639317759834 7.8663136520131802 25.500000000000004 12.010204081632656 11.136363636363638 12.597744241103118 7.3568058977612854 5.6346540624069537 0.57038581856100112 0.60860323886639689
decision_type=2 2 2 2 2 2 2 2 2 2 2 2 2 2
left_child=1 2 3 4 5 6 7 8 9 13 11 12 -7 -1
right_child=-2 -3 -4 -5 -6 10 -8 -9 -10 -11 -12 -13 -14 -15
leaf_value=5.0589018511926204e-06 -0.00032821436592175065 0.00028593409846005083 -3.8282699548979335e-05 0.0023692848191035143 -0.0013332610377434588 0.00010263430452734478 -0.00018776835148914096 2.4683771160130816e-05 -9.0253789417231716e-05 5.2793035782635055e-05 6.2968468031776578e-07 -0.00011856515443592424 -2.7104605555094974e-06 -5.4005115284771477e-05
leaf_weight=319 22 20 45 19 15.999999999999998 59 17 32 14.999999999999998 17 278 20 24 289
leaf_count=319 22 20 45 19 16 59 17 32 15 17 278 20 24 289
internal_value=0 0.000204953 0 0.000298373 0 0.00022409 -0.001 -0.000356612 -0.000936037 -0.000527157 0.00243455 0.00778846 0.0110714 -0.000985222
internal_weight=1192 1170 1150 1105 1086 1070 689 672 640 625 381 103 83 608
internal_count=1192 1170 1150 1105 1086 1070 689 672 640 625 381 103 83 608
is_linear=0
shrinkage=0.03


Tree=434
num_leaves=15
num_cat=0
split_feature=42 22 22 18 4 37 37 17 42 12 24 39 12 24
split_gain=3.36862 4.01754 3.35229 4.34681 4.3591 4.76852 7.55481 5.01494 4.92179 7.57729 4.58924 9.18849 7.30293 4.78614
threshold=10.690973012983891 13.675376409990834 12.325878917778089 1.9318992693402504 5.4825909258244163 1.8481781943666664 1.8721464915613384 11.073385518591 8.4322065715263879 0.32652423137050551 0.91443794486195895 3.175109443402127 0.16428407513869481 0.94488864157034269
decision_type=2 2 2 2 2 2 2 2 2 2 2 2 2 2
left_child=1 2 3 4 5 10 -7 -8 9 -9 -1 12 -12 -14
right_child=-2 -3 -4 -5 -6 6 7 8 -10 -11 11 -13 13 -15
leaf_value=4.7908692615145076e-07 -0.00088227642048930742 0.0010608817885901754 -0.00068742117501283671 6.3938442250102137e-05 0.00039278065438621109 -0.00011793308042614136 -3.7202358462162795e-08 -0.0020009196057935072 -0.001403518369901795 5.3566391943498654e-05 0.00011771884802502855 0.00020526416178163017 0.00010404508511655342 -0.00013062075156372241
leaf_weight=432 18 24 35 76 19 38 370 15.999999999999998 27 61 15.999999999999998 26 15.999999999999998 26
leaf_count=432 18 24 35 76 19 38 370 16 27 61 16 26 16 26
internal_value=-9.99167e-05 0.000101437 -0.000155306 0.000133452 -0.000372137 -0.000641399 -0.00269006 -0.00164211 -0.00742857 -0.00346154 0.00139265 0.00776471 0.00101695 -0.0055814
internal_weight=1200 1182 1158 1123 1047 1028 512 474 104 77 516 84 58 42
internal_count=1200 1182 1158 1123 1047 1028 512 474 104 77 516 84 58 42
is_linear=0
shrinkage=0.03


Tree=435
num_leaves=15
num_cat=0
split_feature=13 35 13 17 24 39 28 22 33 22 9 9 33 42
split_gain=4.43266 5.48635 8.0133 4.56025 4.07353 4.03467 3.96177 8.18466 4.4852 4.46654 5.5901 4.0069 4.7905 4.00275
threshold=0.58203239204367863 0.87523571315396642 0.58269024147132231 90.139989948803873 0.90518327605956483 3.2870588235294123 20.500000000000004 13.167981780531585 7.2131677657086266 11.926407563605883 0.70166752027937196 1.5278312352712875 11.555509305371027 7.0151022630774351
decision_type=2 2 2 2 2 2 2 2 2 2 2 2 2 2
left_child=3 2 -2 6 -3 -6 7 8 13 10 -10 12 -8 -1
right_child=1 4 -4 -5 5 -7 11 -9 9 -11 -12 -13 -14 -15
leaf_value=1.7037652844940074e-05 -3.3060921279667102e-05 -1.4658492484072026e-05 -3.4567668180408155e-05 -0.0012303810763382127 5.1598867861575305e-05 2.6918282489733491e-05 -6.6763500739330794e-06 0.002349073250021769 0.00047227995775878996 -7.9723813255250234e-05 1.7847816054196162e-05 2.0592061377997793e-05 -4.9715499735500933e-05 -3.9766838289425064e-05
leaf_weight=251 52 18 314 15.999999999999998 26 20 109 18 26 17 142 50 14.999999999999998 164
leaf_count=251 52 18 314 16 26 20 109 18 26 17 142 50 15 164
internal_value=-4.84262e-05 -0.0025058 -0.00392371 0.00126082 0.00553846 0.0102128 0.0015889 0.00271405 0.00209651 0.00596774 0.00745562 -0.0024 -0.00528 0.000360577
internal_weight=1238 430 366 808 64 46 792 618 600 185 168 174 124 415
internal_count=1238 430 366 808 64 46 792 618 600 185 168 174 124 415
is_linear=0
shrinkage=0.03


Tree=436
num_leaves=15
num_cat=0
split_feature=13 11 23 37 22 22 12 12 10 37 11 24 41 35
split_gain=3.5744 5.38765 4.59452 4.37202 4.21659 5.9237 5.04069 4.98034 5.12996 4.33538 5.10026 4.40572 4.01778 3.231
threshold=0.58208964628251059 0.030291030860514986 6.5735770391047712 2.8078730004965382 12.05073044536516 9.2610102737604123 0.6488981879606881 0.38703495816759742 0.066950706964706216 2.6463993002243855 0.078330573771097853 0.94697265536988173 8.2406764806618025 0.93767745198173702
decision_type=2 2 2 2 2 2 2 2 2 2 2 2 2 2
left_child=4 2 -2 -4 5 12 9 13 -9 11 -11 -7 -1 -6
right_child=1 -3 3 -5 7 6 -8 8 -10 10 -12 -13 -14 -15
leaf_value=5.2199493825416661e-06 0.0022725433302160712 -1.3799375973276851e-05 -0.00044688234660757219 9.5376182603087439e-05 -3.5641637499681523e-05 1.2823024095234281e-05 0.00028925107862693756 -0.00035508058585091316 0.010040659837626684 0.00022747617678971376 -0.0023561573349977836 0.00021904217531394375 -0.00011171447622514762 -0.00021989955174588126
leaf_weight=454 21 343 26 14.999999999999998 31 145 21 20 14.999999999999998 22 14.999999999999998 27 18 15.999999999999998
leaf_count=454 21 343 26 15 31 145 21 20 15 22 15 27 18 16
internal_value=0.000882353 -0.00140394 0.00666667 0.000714286 0.00206369 0.0028165 0.00675325 -0.00433735 0.00416667 0.00528571 -0.00394737 0.00728324 0.000887949 -0.010625
internal_weight=1189 405 62 41 784 702 230 82 35 209 37 172 472 47
internal_count=1189 405 62 41 784 702 230 82 35 209 37 172 472 47
is_linear=0
shrinkage=0.03


Tree=437
num_leaves=15
num_cat=0
split_feature=33 22 35 35 35 13 1 22 13 51 12 13 11 24
split_gain=3.75896 5.37601 4.34803 3.93731 5.73832 4.80498 3.94685 3.56814 4.9105 3.88852 7.53947 3.48562 6.42236 4.29655
threshold=11.555509305371027 13.967627580715499 0.87523571315396642 0.8128434992603778 0.75067558111232824 0.58243887683734841 1.6283588729887437 8.6322942676025374 0.58188521010678673 5.4484875715496441 0.16428407513869481 0.58123098197942624 0.1636832979154276 0.90941470162662397
decision_type=2 2 2 2 2 2 2 2 2 2 2 2 2 2
left_child=1 2 3 4 -1 6 -6 8 -5 10 -9 12 -4 -13
right_child=-2 -3 11 7 5 -7 -8 9 -10 -11 -12 13 -14 -15
leaf_value=-2.9026418835854104e-05 -3.4572388374694005e-05 0.002371946899245705 -6.2286713664250198e-06 4.1010680718788217e-05 3.2588854605451463e-05 3.6754557471169108e-05 -4.2442277927756679e-06 -1.259357718527504e-05 -2.5779952857733768e-05 -0.000112818142116482 3.0667268615824916e-06 -1.4802080062992217e-07 5.0390485757056958e-05 3.5937863146109015e-05
leaf_weight=694 39 14.999999999999998 90 25 28 15.999999999999998 25 18 20 23 19 47 17 106
leaf_count=694 39 15 90 25 28 16 25 18 20 23 19 47 17 106
internal_value=-0.000710059 -0.000393357 -0.000637733 -0.00165708 -0.000903141 0.00728571 0.00277778 -0.00707547 -0.000652174 -0.0118033 -0.00552632 0.00275862 -0.00138889 0.00564935
internal_weight=1182 1143 1128 868 763 69 53 105 45 60 37 260 107 153
internal_count=1182 1143 1128 868 763 69 53 105 45 60 37 260 107 153
is_linear=0
shrinkage=0.03


Tree=438
num_leaves=15
num_cat=0
split_feature=27 34 34 29 11 8 24 30 12 41 22 19 19 24
split_gain=4.21255 6.321 5.13517 4.09776 3.36621 4.54322 4.1667 3.30606 3.08235 5.31504 5.95321 7.20575 6.57781 5.74134
threshold=24.500000000000004 15.472054809505616 14.695637441959631 12.255102040816327 0.0099329983545196603 5.6737974886622604 0.99488691326139012 0.98076211616722164 0.44702039184355963 7.0365565354368034 11.360203711742528 0.56891303510191504 0.56913782576560956 0.92844260458674499
decision_type=2 2 2 2 2 2 2 2 2 2 2 2 2 2
left_child=1 2 3 4 6 8 -1 -2 9 -6 11 13 -12 -11
right_child=7 -3 -4 -5 5 -7 -8 -9 -10 10 12 -13 -14 -15
leaf_value=-0.00011792567421008385 -2.9188933137791472e-05 2.5793699339249354e-05 -2.4235545168487249e-05 3.3365158249580862e-05 -4.0642840578725896e-05 0.0041423552086550866 -0.0032125720622402406 -4.4821308083731195e-06 2.8454477510573839e-05 9.0843632242354466e-06 -6.8994480932008109e-05 -1.3399662621049746e-06 2.3208949701318813e-05 0.00018548835581806629
leaf_weight=46 50 49 25 17 301 14.999999999999998 17 100 302 52 48 85 33 32
leaf_count=46 50 49 25 17 301 15 17 100 302 52 48 85 33 32
internal_value=0.000306905 0.000997067 0.000462012 0.000821918 0.00054721 0.00103567 -0.00609375 -0.00437086 0.000737705 -0.000597826 0.00262948 0.00582353 -0.00402439 0.012
internal_weight=1172 1022 973 948 931 868 63 150 853 551 250 169 81 84
internal_count=1172 1022 973 948 931 868 63 150 853 551 250 169 81 84
is_linear=0
shrinkage=0.03


Tree=439
num_leaves=15
num_cat=0
split_feature=33 8 51 30 36 14 39 36 7 30 11 13 23 41
split_gain=5.89587 4.73054 3.40197 4.22742 3.24455 2.83664 4.07793 2.80918 3.96684 4.38857 5.2088 2.87145 2.92555 8.93952
threshold=11.50774884136599 3.6029323898908703 6.4919725447837173 0.12183055040197899 6.5434454541542033 0.38462590359974574 3.27265306122449 1.6333509834420441 1.3004864478433744 0.34313725490196084 0.24049878383141199 0.58245281310758401 6.813725536336352 7.2943334466545817
decision_type=2 2 2 2 2 2 2 2 2 2 2 2 2 2
left_child=1 7 4 -4 -3 -2 -7 -1 9 -9 -11 -10 13 -13
right_child=5 2 3 -5 -6 6 -8 8 11 10 -12 12 -14 -15
leaf_value=-4.0239269161382871e-05 -3.7874526817445188e-05 6.2104025947125322e-05 9.5455524118028817e-05 -0.0010802965200960245 0.0010831891214054567 -2.5190151728247121e-05 1.3654653089469893e-05 0.00050511511866661027 9.3476642083478716e-07 -7.2248279515445542e-05 0.00048679582015011545 -3.5132343822062945e-05 -0.00010061570368654404 9.8258167370459946e-05
leaf_weight=37 18 28 43 19 24 35 15.999999999999998 37 603 22 19 188 85 20
leaf_count=37 18 28 43 19 24 35 16 37 603 22 19 188 85 20
internal_value=-0.000552301 -2.6643e-05 0.00573913 0.000952381 0.0113208 -0.009 -0.00519231 -0.000681818 -0.000369231 0.00607595 -0.000714286 -0.000936455 -0.00336735 -0.00143541
internal_weight=1194 1125 114 62 52 69 51 1011 974 78 41 896 293 208
internal_count=1194 1125 114 62 52 69 51 1011 974 78 41 896 293 208
is_linear=0
shrinkage=0.03


Tree=440
num_leaves=15
num_cat=0
split_feature=33 23 4 4 6 6 45 38 7 22 13 19 42 21
split_gain=4.48495 5.08775 3.65706 4.63278 3.24398 3.16895 2.92076 3.18415 5.45843 2.98944 3.6437 3.62862 2.6844 2.6776
threshold=11.633255522990355 9.9198656230746796 6.0236113707179779 5.5775715961799337 3.8022008345821181 2.4970463435944952 2.2813248361059588 0.062249648226074122 1.8864540974856361 11.157560635475615 0.65833476757576659 0.046780766638285801 10.238386543929932 2.2283370071219277
decision_type=2 2 2 2 2 2 2 2 2 2 2 2 2 2
left_child=2 -2 3 4 5 6 7 8 9 10 11 -1 13 -9
right_child=1 -3 -4 -5 -6 -7 -8 12 -10 -11 -12 -13 -14 -15
leaf_value=-4.5893229511611013e-05 -7.8157840980610512e-05 0.00012050741262683572 0.0028236782695939522 -0.00070366368621147749 0.0049576392014875547 -0.00052185514823706476 -0.00038827667206753347 -4.3386925123189981e-06 -4.6638740585333572e-06 0.00081804670327914717 0.0011666206906202684 9.5762474504325625e-05 -0.0022844976631125613 3.2246534630253619e-06
leaf_weight=23 17 14.999999999999998 15.999999999999998 17 18 14.999999999999998 17 498 98 15.999999999999998 20 22 17 409
leaf_count=23 17 15 16 17 18 15 17 498 98 16 20 22 17 409
internal_value=0 -0.0109091 0.000303286 0.000102477 0.000337955 0.000132042 0.000321142 0.000516304 0.00416667 0.00987805 0.00681818 0.00195652 -0.000194595 3.30396e-05
internal_weight=1218 32 1186 1170 1153 1135 1120 1103 179 81 65 45 924 907
internal_count=1218 32 1186 1170 1153 1135 1120 1103 179 81 65 45 924 907
is_linear=0
shrinkage=0.03


Tree=441
num_leaves=15
num_cat=0
split_feature=22 51 19 22 3 12 28 36 14 10 10 24 23 29
split_gain=4.41753 5.21369 5.50332 3.43509 7.77325 6.47287 5.52653 8.10209 7.22059 4.76119 4.13687 3.69014 3.25184 3.07969
threshold=12.549435337814282 5.5205758795447979 0.012596001298045723 11.721396895114589 4.1637260185714959 0.16452903818999928 25.500000000000004 7.8663136520131802 0.40013074865446047 0.76340326340326359 0.95370370370370383 0.91782731197795975 7.6015758535146887 12.010204081632656
decision_type=2 2 2 2 2 2 2 2 2 2 2 2 2 2
left_child=3 -2 -3 6 5 -5 9 -8 12 -1 -11 -7 -9 -6
right_child=1 2 -4 4 13 11 7 8 -10 10 -12 -13 -14 -15
leaf_value=1.2319016811646044e-06 -0.0017429676095571433 -0.0017409736047977909 0.00036020569801578081 -2.1719965698423493e-05 -0.00016435583251674045 0.00020851662964284311 -0.00017820789778630496 -1.7126432693859161e-07 0.00012256593731227504 -0.0012517916224863096 0.00026274501404582981 0.00041903312608096541 -0.00011485825127328764 1.3454177376592823e-06
leaf_weight=871 17 14.999999999999998 31 24 21 41 18 15.000000000000002 26 22 14.999999999999998 15.999999999999998 15.999999999999998 50
leaf_count=871 17 15 31 24 21 41 18 15 26 22 15 16 16 50
internal_value=-0.00030025 -0.00796875 -0.00255319 0.000132042 0.00431373 0.0106098 -0.000518293 -0.00828947 -0.00258621 0.000132013 -0.0102632 0.0160345 -0.0121875 -0.00291667
internal_weight=1198 63 46 1135 152 81 983 75 57 908 37 57 31 71
internal_count=1198 63 46 1135 152 81 983 75 57 908 37 57 31 71
is_linear=0
shrinkage=0.03


Tree=442
num_leaves=15
num_cat=0
split_feature=33 11 11 29 16 39 20 4 33 1 1 42 39 0
split_gain=7.12134 4.38872 4.83706 4.55915 5.04581 7.19091 5.27694 4.35539 3.84127 3.71446 5.43569 3.97683 8.25787 7.65991
threshold=11.758167479717034 0.12833445127858223 0.12336888334337869 0.011873515810523686 0.27559144565898996 3.6656862745098047 2.4065368409658943 1.1300356939925376 1.8095466653133714 1.1901056208558034 1.3520752584198996 7.2038114190589599 3.1918367346938781 5.0000000000000009
decision_type=2 2 2 2 2 2 2 2 2 2 2 2 2 2
left_child=1 2 3 4 5 6 -1 8 -3 -5 -11 12 13 -12
right_child=-2 7 -4 9 -6 -7 -8 -9 -10 10 11 -13 -14 -15
leaf_value=0.00015600013636587389 -0.00050917451728853085 -9.2921119580813284e-07 2.8056121996816312e-05 -0.00055758630864192853 -4.0026339386067812e-05 0.0016315846850447485 -0.0011235563908641244 -9.3407120493926847e-06 0.0011415818502401199 0.0015525215685490588 -0.00027250688759436812 -1.126709629160949e-05 4.0345687005329809e-05 0.001245981824758799
leaf_weight=56 20 24 102 19 51 39 27 520 17 14.999999999999998 25 194 67 27
leaf_count=56 20 24 102 19 51 39 27 520 17 15 25 194 67 27
internal_value=0.000174419 0.000481419 0.00221509 0.00103647 0.005 0.00829268 0.00321429 -0.00144128 0.00785714 -0.000948276 -0.000182371 -0.00105096 0.00325 -0.00566038
internal_weight=1203 1183 622 520 173 122 83 561 41 347 328 313 119 52
internal_count=1203 1183 622 520 173 122 83 561 41 347 328 313 119 52
is_linear=0
shrinkage=0.03


Tree=443
num_leaves=15
num_cat=0
split_feature=2 6 6 42 42 9 39 19 42 13 35 13 13 30
split_gain=2.99497 2.19074 2.87943 2.02655 2.13374 8.67557 8.06562 6.98388 6.46288 5.69854 7.95684 4.48341 4.46957 6.5118
threshold=0.95507812500000011 2.5474328812275862 2.1105375083058608 10.393549341466228 7.7376447404344288 0.51650512972171891 7.1016304347826091 0.1177405641196259 8.3934495283363635 0.5825373039959536 0.75067558111232824 0.3513288293781453 0.60745043639096019 0.25403225806451618
decision_type=2 2 2 2 2 2 2 2 2 2 2 2 2 2
left_child=-1 2 3 4 6 8 12 11 -6 -7 -11 -8 -2 -14
right_child=1 -3 -4 -5 5 9 7 -9 -10 10 -12 -13 13 -15
leaf_value=-0.00025601397719969278 1.2310275255500435e-06 -0.00038031925483354099 0.00018561036062717971 0.00011300028505525194 -0.0027037674787624608 -4.7574904082647864e-06 0.00042770724661689741 0.0016475228297104362 -7.3288194610681147e-05 -3.3272910869119876e-06 5.9037998850972607e-05 -2.1131261432394411e-05 -4.523368792076265e-05 -0.0012891905682778659
leaf_weight=26 365 29 19 22 32 333 19 28 47 89 36 33 69 19
leaf_count=26 365 29 19 22 32 333 19 28 47 89 36 33 69 19
internal_value=-0.00123393 -0.000999124 -0.000782374 -0.000988106 -0.00117647 -0.00250929 0.000168539 0.00888889 -0.011625 -0.000915033 0.00452381 0.00226415 -0.00138767 -0.00741573
internal_weight=1166 1140 1111 1092 1070 537 533 80 79 458 125 52 453 88
internal_count=1166 1140 1111 1092 1070 537 533 80 79 458 125 52 453 88
is_linear=0
shrinkage=0.03


Tree=444
num_leaves=15
num_cat=0
split_feature=43 36 51 19 12 4 4 10 23 34 19 14 24 3
split_gain=3.03398 3.28571 4.1135 7.87407 3.80322 4.59435 4.69547 3.69194 3.61379 3.81703 3.60845 3.59182 5.69743 3.55841
threshold=2.1088998399735588 10.395172690043688 5.655589788563101 0.13031983607287631 0.16440070242957763 2.1156073239813011 1.7283348147118789 0.6936804796856425 6.4380652979264861 7.4104166666666673 0.57038581856100112 0.363347917850318 0.99927648342749908 4.155954272014867
decision_type=2 2 2 2 2 2 2 2 2 2 2 2 2 2
left_child=1 2 4 11 7 6 -6 8 -1 -10 -11 12 -4 -7
right_child=-2 -3 3 -5 5 13 -8 -9 9 10 -12 -13 -14 -15
leaf_value=-2.1789022946596681e-05 -0.00023813538866975236 -1.1350235281635256e-05 -8.9899161850093282e-06 0.00031561789376433947 -1.9732838101047533e-05 -4.9209127822968379e-05 0.00015545801196196972 4.9026071170061578e-05 0.00019302608930485936 1.034319022526875e-05 -1.0460098039835331e-05 -0.00037342610087782058 0.0015149043880843549 7.1225487131565403e-08
leaf_weight=91 115 175 37 31 209 210 89 23 28 40 15.999999999999998 28 20 102
leaf_count=91 115 175 37 31 209 210 89 23 28 40 16 28 20 102
internal_value=-0.00133333 -0.000845455 -0.00012973 0.00512821 -0.000889988 -0.00206219 0.000602007 0.00271357 0.00119318 0.00564706 0.00105263 0.000348837 0.00465517 -0.00460064
internal_weight=1214 1099 924 116 808 610 298 198 175 84 56 85 57 312
internal_count=1214 1099 924 116 808 610 298 198 175 84 56 85 57 312
is_linear=0
shrinkage=0.03


Tree=445
num_leaves=15
num_cat=0
split_feature=24 8 21 4 17 10 51 10 9 43 14 11 24 31
split_gain=3.26166 4.19667 3.59074 2.88033 2.79627 3.12168 5.11365 3.79313 3.2786 5.15728 4.7783 3.58597 3.52941 3.47011
threshold=0.99984746627541898 5.6737974886622604 4.9648051892643386 4.5522678360377702 85.943864229765026 0.028697684114708046 5.2419840604772423 0.012463751582583874 0.48817988316367594 0.38907562519182187 0.53658573735035198 0.072028732001986215 0.97030398730526957 23.500000000000004
decision_type=2 2 2 2 2 2 2 2 2 2 2 2 2 2
left_child=1 2 4 -2 5 6 7 -1 9 12 -11 -10 -7 -13
right_child=3 -3 -4 -5 -6 8 -8 -9 11 10 -12 13 -14 -15
leaf_value=0.00022735503338104922 -1.9440073912702083e-05 0.0036766176666294778 -0.00073982358536072823 -0.00048730270366631245 -0.00016651175498811122 -0.0030240492958772984 0.0020391063520116756 -5.6462872125005998e-05 0.00088944613776405549 1.7860818428150349e-06 -0.00031134881527516311 -4.0675779414189868e-07 -2.7244354727395947e-05 -0.0020260545057740275
leaf_weight=17 19 15.999999999999998 19 17 14.999999999999998 15.999999999999998 18 32 80 137 29 736 17 15.999999999999998
leaf_count=17 19 16 19 17 15 16 18 32 80 137 29 736 17 16
internal_value=-0.000962025 -0.000678851 -0.000900265 -0.00972973 -0.00067325 -0.000491356 0.00573529 0.0006 -0.000901163 -0.00435 -0.00215569 -7.20288e-05 -0.015 -0.000717131
internal_weight=1184 1148 1132 36 1113 1098 67 49 1031 199 166 832 33 752
internal_count=1184 1148 1132 36 1113 1098 67 49 1031 199 166 832 33 752
is_linear=0
shrinkage=0.03


Tree=446
num_leaves=15
num_cat=0
split_feature=24 4 51 30 19 29 11 35 14 14 3 22 8 19
split_gain=5.34094 4.39567 3.34942 3.33088 5.98521 3.44373 5.73886 4.50807 6.78853 6.80101 5.44172 4.225 3.33042 3.0472
threshold=0.99984746627541898 1.0000000180025095e-35 6.2589233526711974 0.97999199679871951 0.33094048165549128 0.47540528022232525 0.14500809196099848 0.56306074544764806 0.38155660624413751 0.38278556521015411 3.6414691187903148 9.2254929791610447 2.2263684263432792 0.57038581856100112
decision_type=2 2 2 2 2 2 2 2 2 2 2 2 2 2
left_child=1 12 -2 4 -3 6 -6 10 -9 11 -7 -10 -1 -11
right_child=2 3 -4 -5 5 7 -8 8 9 13 -12 -13 -14 -15
leaf_value=1.7809223649367655e-06 -0.00028399328564817082 -2.8458949098285611e-05 -0.00035532811243775385 -5.3546728591280507e-06 0.0011593041287625261 -2.7642646220585876e-05 -6.3990457872857836e-05 0.00010646658413634317 9.8825222906076538e-06 4.2971420062565265e-06 -0.00032231054319564967 -4.4659648334497424e-05 0.0048277311321851821 1.1669971075124185e-05
leaf_weight=30 18 416 17 249 72 91 32 15.999999999999998 20 141 14.999999999999998 19 17 54
leaf_count=30 18 416 17 249 72 91 32 16 20 141 15 19 17 54
internal_value=-0.00111755 -0.000767263 -0.0125 -0.00114565 -0.00027366 0.00208243 0.00685714 0.000672269 0.00286853 0.00153191 -0.00448598 -0.00975 0.008125 0.00382653
internal_weight=1207 1172 35 1125 876 460 104 356 250 234 106 39 47 195
internal_count=1207 1172 35 1125 876 460 104 356 250 234 106 39 47 195
is_linear=0
shrinkage=0.03


Tree=447
num_leaves=15
num_cat=0
split_feature=6 14 24 23 19 36 51 5 34 33 51 30 0 38
split_gain=8.5369 4.85116 4.83707 8.04039 5.44249 3.87928 3.26498 6.02356 3.09636 2.92121 4.16351 2.81256 3.68516 3.75696
threshold=1.3004864478433744 0.9948453608247424 0.98184188733355682 7.621281748055746 0.053824783467783875 3.3396446591055837 6.5296813911996407 4.5171464319921846 19.599734986512711 9.7261524220852973 7.0458859258013433 0.97999199679871951 7.5000000000000009 0.25378787878787884
decision_type=2 2 2 2 2 2 2 2 2 2 2 2 2 2
left_child=1 6 -2 4 -4 -3 7 8 11 10 -8 -1 13 -13
right_child=2 5 3 -5 -6 -7 9 -9 -10 -11 -12 12 -14 -15
leaf_value=9.137312118401297e-07 -0.00021846391738786775 0.0067601732673056763 0.002587616331942837 -0.0016317766421506707 -1.3891822657791097e-06 0.00021529322182905374 -4.6057241763843845e-05 0.0013699514869481 2.0995355018215145e-05 -0.00072568540918384274 0.00043819420273769614 -4.1477354799390738e-06 2.7202011892990541e-06 -0.000336325091574155
leaf_weight=715 47 15.999999999999998 17 31 19 29 17 27 34 19 14.999999999999998 121 67 21
leaf_count=715 47 16 17 31 19 29 17 27 34 19 15 121 67 21
internal_value=-0.000576923 0.000249538 -0.00834783 -0.00308824 0.00648649 0.00978261 -0.000173578 0.000212982 -0.000187696 -0.0075 -0.00181818 -0.000518919 -0.00357143 -0.00629371
internal_weight=1195 1081 114 67 36 45 1036 985 958 51 32 924 209 142
internal_count=1195 1081 114 67 36 45 1036 985 958 51 32 924 209 142
is_linear=0
shrinkage=0.03


Tree=448
num_leaves=15
num_cat=0
split_feature=12 14 19 22 24 15 37 22 26 22 33 36 10 24
split_gain=6.26892 3.73424 3.6399 3.89396 3.14368 3.05046 4.77083 6.53239 3.05316 8.46267 3.95084 3.42992 3.33805 9.8727
threshold=0.16468822031869537 0.011005548033295745 0.59629629629629644 6.9126929697943771 0.94162089851613573 0.0030011111983998429 3.508517692744558 13.675376409990834 2.3928571428571432 6.4004695900463355 2.4013697637648463 3.3396446591055837 0.72213463786259935 0.91029893843789844
decision_type=2 2 2 2 2 2 2 2 2 2 2 2 2 2
left_child=2 4 3 -1 -2 6 7 8 10 -10 -3 -12 -11 -14
right_child=1 5 -4 -5 -6 -7 -8 -9 9 12 11 -13 13 -15
leaf_value=-8.1121671608501138e-05 3.262292462169469e-08 -3.7784424226701696e-05 0.00034864142872812116 4.1274622922721211e-06 0.00083968936834109885 0.00011984689536961801 -0.0043413082928097126 0.0014131839979143023 -0.0011456143394927042 -3.6440180858225975e-05 0.00030717331330780141 -0.0022886806926837064 4.1603687444419221e-05 -8.0118314493881628e-05
leaf_weight=29 89 54 28 342 19 84 27 19 44 347 22 19 32 49
leaf_count=29 89 54 28 342 19 84 27 19 44 347 22 19 32 49
internal_value=-0.000896266 -0.00241935 0.002175 0.00137097 0.00275229 -0.0032235 -0.00395765 -0.00337308 -0.00396127 -0.00494715 0.0009375 0.00785714 -0.00363636 0.00182927
internal_weight=1204 805 399 371 108 697 613 586 567 472 95 41 428 81
internal_count=1204 805 399 371 108 697 613 586 567 472 95 41 428 81
is_linear=0
shrinkage=0.03


Tree=449
num_leaves=15
num_cat=0
split_feature=13 41 33 7 34 10 7 4 10 8 16 42 42 16
split_gain=5.13997 5.55052 4.80044 4.37844 4.35278 4.27757 5.60065 6.54082 4.50357 4.04125 3.10045 6.00452 4.60736 4.23769
threshold=0.58365660024906607 8.1137955244709765 11.536886558497221 1.2670130530280677 14.943023000707615 0.51544471153846161 1.6333509834420441 2.332419668643634 0.3597410548192071 1.795866119475918 0.27559144565898996 9.0342665616502789 10.483797810117629 0.24644865116991385
decision_type=2 2 2 2 2 2 2 2 2 2 2 2 2 2
left_child=2 3 10 -2 -4 6 -5 8 -8 -7 12 -12 13 -1
right_child=1 -3 4 5 -6 9 7 -9 -10 -11 11 -13 -14 -15
leaf_value=1.6330423152410845e-07 0.0002789747590084045 0.0011581077871481958 -0.00015363827703294365 -0.00040884411597259026 -5.6472782242122926e-06 -0.00069912853867703519 0.002318271262863208 -0.00021074126041212838 -0.00011060891977210357 -0.0012606153357909355 -4.0364867650288791e-06 -0.00029130023539589102 0.00081449868729086548 8.8646908791052413e-05
leaf_weight=767 27 19 15.999999999999998 15.999999999999998 45 38 20 120 18 23 51 15.999999999999998 14.999999999999998 17
leaf_count=767 27 19 16 16 45 38 20 120 18 23 51 16 15 17
internal_value=-0.00124069 -0.00478723 -0.000161638 -0.00593156 -0.00822581 -0.00724576 -0.0048 -0.00301887 0.00769231 -0.0140323 0.000415225 -0.00573529 0.0009375 0.000611465
internal_weight=1208 281 927 262 61 235 174 158 38 61 866 67 799 784
internal_count=1208 281 927 262 61 235 174 158 38 61 866 67 799 784
is_linear=0
shrinkage=0.03


Tree=450
num_leaves=15
num_cat=0
split_feature=9 51 23 24 30 36 23 34 4 12 24 41 8 33
split_gain=4.59087 6.68954 5.11096 4.40467 6.29218 6.32047 4.0895 6.49821 5.05276 3.81479 3.58533 3.58503 3.52941 2.78307
threshold=0.47627012506443828 3.6765916841014046 9.979989337477214 0.9874351261296902 0.03229166666666667 3.1944269946384458 9.4003804001802838 17.878275673375089 5.4825909258244163 0.8765243902439025 0.99488691326139012 5.2351188121032033 2.9035986688544164 0.97224133607508445
decision_type=2 2 2 2 2 2 2 2 2 2 2 2 2 2
left_child=1 9 6 4 5 -3 8 -8 13 -1 12 -12 -5 -2
right_child=2 3 -4 10 -6 -7 7 -9 -10 -11 11 -13 -14 -15
leaf_value=3.4251057778785785e-05 -0.00031759416444642694 -0.00020207778737860616 0.0013753976262878707 -3.8918202779991694e-05 -0.0029369910070856198 0.00041358112171212545 -0.00010825595103964413 3.1418620975420807e-06 0.00042613668295436112 -3.8858205977188308e-05 8.9080091773097172e-05 -0.001906883972245339 0.00096622538356957608 9.7528284388470601e-08
leaf_weight=67 22 31 14.999999999999998 17 35 19 14.999999999999998 19 14.999999999999998 40 17 23 15.999999999999998 858
leaf_count=67 22 31 15 17 35 19 15 19 15 40 17 23 16 858
internal_value=-0.000917355 -0.0043985 6.34921e-05 -0.00830189 -0.012907 -0.00588235 -0.000225806 -0.0102857 0.000167411 0.00138889 -0.00283784 -0.00878049 0.00441176 -0.000136209
internal_weight=1209 265 944 158 85 50 929 34 895 107 73 40 33 880
internal_count=1209 265 944 158 85 50 929 34 895 107 73 40 33 880
is_linear=0
shrinkage=0.03


Tree=451
num_leaves=15
num_cat=0
split_feature=34 42 41 42 10 2 22 1 36 23 22 33 5 25
split_gain=5.77775 4.78306 4.12679 10.7658 2.50435 2.45584 2.52368 3.37037 2.57154 6.99693 7.27234 5.00674 4.89643 3.65022
threshold=29.229242617482036 10.199129736871194 10.114558537326888 10.091495064482194 0.71896864817276096 0.81286478599221801 11.839855820988577 1.6433404846774653 7.2668691766077895 6.813725536336352 10.066548071303346 6.4527634640010278 4.7116929699989925 63.500000000000007
decision_type=2 2 2 2 2 2 2 2 2 2 2 2 2 2
left_child=1 2 3 5 -4 -1 8 -8 9 10 11 13 -10 -7
right_child=-2 -3 4 -5 -6 6 7 -9 12 -11 -12 -13 -14 -15
leaf_value=0.0015899873592245949 0.00020190956604610564 -0.00039623136037061798 -1.9554790753648633e-05 0.0030774392328645071 8.3882020618086795e-06 -1.7261020214986988e-06 2.8955831232786443e-05 -0.0002871632215883668 4.9166836617042791e-07 -0.00063900962847087512 0.00094448896986193897 -0.00055107685118811419 0.00041335258246573138 -0.00057479553729788849
leaf_weight=15.999999999999998 23 49 44 24 24 431 28 25 394 49 22 27 21 24
leaf_count=16 23 49 44 24 24 431 28 25 394 49 22 27 21 24
internal_value=-0.000823627 -0.00111959 -0.000716814 -0.000254237 -0.00782609 -0.000722543 -0.00090998 -0.00722222 -0.000557276 -0.00189531 -0.000831683 -0.00161491 0.00122596 -0.000855263
internal_weight=1201 1178 1129 1061 68 1037 1021 53 968 553 504 482 415 455
internal_count=1201 1178 1129 1061 68 1037 1021 53 968 553 504 482 415 455
is_linear=0
shrinkage=0.03


Tree=452
num_leaves=15
num_cat=0
split_feature=33 6 31 27 51 27 9 14 14 43 12 53 5 25
split_gain=6.55787 4.05203 5.78659 3.7782 5.1489 3.68572 4.82326 5.87361 3.40427 3.89821 2.65212 2.4128 2.82327 3.53053
threshold=11.439782460346821 1.3600796517029787 1.5000000000000002 25.500000000000004 5.6048829385259333 24.500000000000004 1.4842523886378312 0.38230278998530504 0.407785336356765 1.5118319590988969 0.58631035145709831 1.0000000180025095e-35 4.3882596125730311 44.500000000000007
decision_type=2 2 2 2 2 2 2 2 2 2 2 2 2 2
left_child=1 11 8 5 -5 6 7 -2 9 -3 -10 12 13 -1
right_child=3 2 -4 4 -6 -7 -8 -9 10 -11 -12 -13 -14 -15
leaf_value=6.4344606945931917e-08 5.2586828638876423e-05 0.0042938380502416159 0.00022353291082841535 0.00037069178282145288 -9.2170810134359899e-05 -3.3783894408041524e-05 1.6699904542960554e-05 -8.9737736281088044e-05 -0.0048760822736837418 -4.0436045118822927e-05 -0.00016558438376027272 0.00018544383952610156 -0.00015514591048992665 0.00014459115624541441
leaf_weight=843 14.999999999999998 14.999999999999998 24 15.000000000000002 15.999999999999998 14.999999999999998 19 29 27 19 26 24 56 50
leaf_count=843 15 15 24 15 16 15 19 29 27 19 26 24 56 50
internal_value=-0.000929648 -0.000221198 -0.005625 -0.00790909 0.0009375 -0.0113924 -0.00796875 -0.0133333 -0.00920455 -0.00171429 -0.0138889 0.000400411 0.000157895 0.00057047
internal_weight=1193 1084 111 109 31 78 63 44 87 34 53 973 949 893
internal_count=1193 1084 111 109 31 78 63 44 87 34 53 973 949 893
is_linear=0
shrinkage=0.03


Tree=453
num_leaves=15
num_cat=0
split_feature=24 11 30 24 7 42 22 19 0 38 8 34 36 38
split_gain=5.14293 7.04989 7.25001 7.69938 7.11041 5.55139 5.24867 4.12576 4.05854 7.5005 5.95901 3.83615 6.16622 3.86929
threshold=0.99755020083177037 0.12270557639684794 0.12524509803921571 0.96155295117400674 4.0052867125760043 7.1344629766724639 11.839855820988577 0.067224305355254324 5.0000000000000009 0.013540207749766575 1.8095466653133714 16.538079230874686 7.8770565859813741 0.023736184897068593
decision_type=2 2 2 2 2 2 2 2 2 2 2 2 2 2
left_child=1 2 4 -4 8 -5 -2 -7 10 -10 -1 13 -13 -3
right_child=6 11 3 5 -6 7 -8 -9 9 -11 -12 12 -14 -15
leaf_value=4.6038335177997142e-05 0.00014493568272496565 -0.00021835272951452266 -4.3666882059203433e-05 3.3651284588014084e-05 0.0012676130995011282 0.00010827373934034989 -0.00080427137436258115 -0.0019314754366263412 0.0046482917131634846 -4.8835477226123882e-05 -0.00027404935984187028 -0.00012491175161799762 -7.1636068154079517e-08 7.027198492051134e-06
leaf_weight=22 74 17 135 30 39 20 42 22 20 113 57 19 54 517
leaf_count=22 74 17 135 30 39 20 42 22 20 113 57 19 54 517
internal_value=-0.000329949 -0.000984991 -0.00379085 -0.00793269 -0.000357143 0 0.00564103 -0.00697674 -0.00253521 0.000671642 -0.007875 0.00113487 -0.00527027 0.00201869
internal_weight=1181 1065 458 207 251 72 116 42 212 133 79 607 73 534
internal_count=1181 1065 458 207 251 72 116 42 212 133 79 607 73 534
is_linear=0
shrinkage=0.03


Tree=454
num_leaves=15
num_cat=0
split_feature=24 24 24 13 34 30 16 24 13 24 13 9 42 42
split_gain=6.81365 6.34423 14.841 8.84252 6.18527 5.24832 4.91565 4.49736 4.25157 6.33684 5.48897 4.25296 4.10509 4.73455
threshold=0.82774137638668266 0.67906801233099257 0.58181160345634886 0.58123098197942624 3.9919696969696976 0.24500000000000002 0.29443268775339054 0.39393939393939398 0.12257261312590607 0.95146944647424203 0.23982979347786218 0.77031083887908436 10.199129736871194 10.025402177809672
decision_type=2 2 2 2 2 2 2 2 2 2 2 2 2 2
left_child=1 2 5 4 -3 -1 8 -7 9 -2 11 -10 13 -12
right_child=6 3 -4 -5 -6 7 -8 -9 10 -11 12 -13 -14 -15
leaf_value=-0.00014031730463938795 -4.529353074070208e-05 -0.00049382205870870716 0.00018366695471089183 -3.6760447106187753e-05 6.5905635590265681e-05 5.8913845820429683e-05 -7.1806560119784806e-05 -7.3914272159735541e-05 -0.0012139594992488666 0.00051148326419964477 1.4507996546470059e-06 -5.4096337078268772e-06 -0.001379193219586895 3.0437711917334908e-05
leaf_weight=183 35 24 26 90 26 87 54 26 15.999999999999998 59 455 28 27 75
leaf_count=183 35 24 26 90 26 87 54 26 16 59 455 28 27 75
internal_value=-0.000767327 -0.00362851 -0.00130031 -0.00893617 0.00117647 -0.00323232 0.001 0.00184211 0.00168103 0.00757895 0.000747508 -0.00933333 0.00155914 0.00214689
internal_weight=1211 462 322 140 50 296 749 113 695 94 601 44 557 530
internal_count=1211 462 322 140 50 296 749 113 695 94 601 44 557 530
is_linear=0
shrinkage=0.03


Tree=455
num_leaves=15
num_cat=0
split_feature=33 36 13 28 43 22 42 36 11 28 35 37 24 41
split_gain=5.05956 6.50236 4.27457 4.52992 4.14744 4.36583 7.84566 7.4115 6.91276 6.55607 6.35245 7.18585 5.94489 4.93895
threshold=11.468528467207419 12.204832159142589 0.5808260125908995 23.500000000000004 1.5249964284600714 6.4004695900463355 7.1344629766724639 2.2265826962629292 0.14441625773053821 1.0000000180025095e-35 0.87525549683590398 1.4064566783214281 1.0000000180025095e-35 4.2773359509929074
decision_type=2 2 2 2 2 2 2 2 2 2 2 2 2 2
left_child=4 -2 -3 -4 5 7 10 -1 -8 -9 11 -7 -11 -10
right_child=1 2 3 -5 -6 6 8 9 13 12 -12 -13 -14 -15
leaf_value=1.144680902808004e-05 -0.00010993586968736757 2.9524580559820989e-05 2.1061160996858064e-05 -1.8595740310121122e-05 -8.283439235123146e-05 -6.1077573072154114e-05 -3.4433008036749423e-06 -0.00063374055179552967 -0.00029790197917662075 5.2132555947925759e-05 2.2475464698448743e-06 8.7166303275687521e-05 -0.0024077823673230915 2.8608937296473733e-05
leaf_weight=108 28 31 14.999999999999998 31 204 14.999999999999998 356 18 15.999999999999998 45 85 78 14.999999999999998 183
leaf_count=108 28 31 15 31 204 15 356 18 16 45 85 78 15 183
internal_value=-0.000244101 -0.00650943 -0.00192308 -0.00765957 0.000346975 0.00120652 0.00224796 -0.0028877 0.000485612 -0.00987342 0.0077095 0.0130851 -0.00491803 0.00495
internal_weight=1228 105 77 46 1123 919 733 186 555 78 178 93 60 199
internal_count=1228 105 77 46 1123 919 733 186 555 78 178 93 60 199
is_linear=0
shrinkage=0.03


Tree=456
num_leaves=15
num_cat=0
split_feature=12 3 43 17 42 8 12 17 49 22 21 38 10 33
split_gain=3.99342 4.91421 4.73287 4.32236 3.54098 2.91858 2.70624 2.78375 2.43259 2.79888 4.46207 3.47391 2.82738 2.19868
threshold=0.89066650567495786 1.3313789158407874 0.92866624821563437 94.72913953383933 10.23160014033569 0.87409401350310023 0.99215674212598437 6.6756164383561645 1.7877093956071803 12.177952031130118 4.9200888264269524 0.58476870078740173 0.86958874458874458 5.0087784858849647
decision_type=2 2 2 2 2 2 2 2 2 2 2 2 2 2
left_child=1 -1 -2 4 5 -3 -4 -8 9 10 12 -11 13 -7
right_child=2 3 6 -5 -6 8 7 -9 -10 11 -12 -13 -14 -15
leaf_value=3.8218779309298068e-05 0.0025498664324418649 -0.00079731637178893867 0.00012503178660092096 -0.0016153942899838046 0.00012181284537235437 -5.8087605224431682e-05 -0.00030119576619055342 9.9732921162010158e-06 0.0011198074783492916 -0.00023702049071710362 0.00033111766537751163 1.2083387779480148e-05 0.0019146085160878879 -1.5751134244568199e-06
leaf_weight=36 29 21 53 14.999999999999998 29 265 18 32 27 26 15.999999999999998 17 23 564
leaf_count=36 29 21 53 15 29 265 18 32 27 26 16 17 23 564
internal_value=-0.000383959 -0.00100962 0.00451128 -0.00140438 -0.00115268 -0.00146875 0.00144231 -0.00352941 -0.00121406 -0.00148026 -0.00110472 -0.00886364 -0.0014068 -0.0016988
internal_weight=1171 1039 132 1003 988 959 103 50 938 911 868 43 852 829
internal_count=1171 1039 132 1003 988 959 103 50 938 911 868 43 852 829
is_linear=0
shrinkage=0.03


Tree=457
num_leaves=15
num_cat=0
split_feature=17 22 20 13 13 33 36 22 9 14 8 51 23 33
split_gain=7.94565 4.7093 7.38731 6.14062 4.85724 4.96473 4.54749 3.89044 5.09305 5.33858 3.99263 3.88889 3.80929 3.7307
threshold=5.5584815321477441 9.8983193761396713 2.220037154508816 0.67192063929457169 0.5825373039959536 11.458594844791632 12.223001467540156 9.5650242220153512 1.5163035870772088 0.38561145404836145 2.1156073239813011 5.4029153348032048 5.5792316181851573 4.9883060465492592
decision_type=2 2 2 2 2 2 2 2 2 2 2 2 2 2
left_child=1 3 -3 7 5 11 -7 8 9 -1 -11 -4 -12 -2
right_child=13 2 4 -5 -6 6 -8 -9 -10 10 12 -13 -14 -15
leaf_value=-3.4695887238482201e-06 1.4210182927520963e-06 -0.0020038989969855202 -2.9535056825262805e-05 -0.00031753991790702484 1.924461366405561e-05 -4.3513328629305458e-05 -1.1501697729112692e-05 0.00013157150492143943 -5.2697390941814356e-05 4.5238683337724407e-05 -0.0017747264976220156 8.5110494738942498e-05 6.4125519236559185e-05 9.6781847291181885e-05
leaf_weight=286 225 17 41 63 15.999999999999998 32 38 15.999999999999998 43 136 21 17 22 203
leaf_count=286 225 17 41 63 16 32 38 16 43 136 21 17 22 203
internal_value=-0.000458794 -0.0023231 -0.00685185 -0.00107143 -0.00455172 -0.00651163 -0.011831 0 -0.000471513 0.000450644 0.0045 0 -0.00340909 0.0027972
internal_weight=1176 748 161 587 144 128 70 524 508 465 179 58 43 428
internal_count=1176 748 161 587 144 128 70 524 508 465 179 58 43 428
is_linear=0
shrinkage=0.03


Tree=458
num_leaves=15
num_cat=0
split_feature=28 34 10 38 0 0 7 7 38 31 35 13 27 51
split_gain=4.72831 5.59908 6.67203 4.86428 6.8559 7.46111 5.32418 4.39821 4.39662 3.23402 3.12158 6.30752 6.01725 6.64955
threshold=49.000000000000007 16.538079230874686 0.71896864817276096 0.02774588595484118 7.5000000000000009 5.0000000000000009 2.1189226134308075 2.1189226134308075 0.043259099616858247 19.500000000000004 0.8752639903989029 0.58192052117502147 21.500000000000004 5.5065435855621248
decision_type=2 2 2 2 2 2 2 2 2 2 2 2 2 2
left_child=1 3 9 4 5 7 -7 -1 -5 -3 12 -12 -10 -14
right_child=-2 2 -4 8 -6 6 -8 -9 10 -11 11 -13 13 -15
leaf_value=2.6476854307387885e-05 0.00020124350048429383 -0.00047399341077044573 -2.6772955297321708e-07 0.00059068828901735586 -0.00027852546299932666 -0.00025073441239338687 0.0090114980677653677 -0.0018453536333055986 3.0046288597468384e-06 -8.202125296469908e-05 2.2591126027404761e-06 4.2917871021357358e-05 -0.00010801700468428876 2.9510092874729388e-06
leaf_weight=14.999999999999998 20 18 70 31 30 15.999999999999998 19 19 702 22 129 43 29 22
leaf_count=15 20 18 70 31 30 16 19 19 702 22 129 43 29 22
internal_value=0.000177066 -7.7187e-05 -0.00648649 0.000596591 -0.0057 -0.000428571 0.00916667 -0.0102857 0.00125392 -0.0160976 0.00087473 0.00450867 3.97878e-05 -0.00980769
internal_weight=1185 1165 110 1055 99 69 35 34 956 40 925 172 753 51
internal_count=1185 1165 110 1055 99 69 35 34 956 40 925 172 753 51
is_linear=0
shrinkage=0.03


Tree=459
num_leaves=15
num_cat=0
split_feature=23 38 39 5 33 14 22 14 22 14 10 11 20 34
split_gain=5.19315 5.90224 4.98688 7.85426 6.25323 4.89675 4.14815 3.68235 3.61745 6.93145 8.48222 4.90322 4.01357 3.76654
threshold=9.2118696291790254 0.066104441776710696 13.200816326530614 4.4449966286531986 8.2922375732526188 0.40015855847121357 13.540629337135702 0.39937777435935778 9.8233240646918443 0.38323098568590985 0.68502987714116192 0.16330789911350482 2.2329886841429119 11.067574878035176
decision_type=2 2 2 2 2 2 2 2 2 2 2 2 2 2
left_child=2 5 3 8 -4 7 -3 -2 -1 11 -11 12 -10 -12
right_child=1 6 4 -5 -6 -7 -8 -9 9 10 13 -13 -14 -15
leaf_value=-5.130499482636219e-06 -8.2050521391874295e-07 -5.7598682683674958e-05 1.5858249854706629e-05 -0.0004330229744144631 0.00032964044046251306 -2.8204991725044869e-05 -3.1535987179109882e-05 0.00011130309152237449 -0.0002161990421795712 -0.00031010807367957472 0.0047902208494456696 0.0011165184172370556 3.0209103751750455e-05 -2.2860377458169268e-05
leaf_weight=743 19 48 116 25 43 17 26 15.999999999999998 15.999999999999998 27 15.000000000000002 14.999999999999998 51 15.999999999999998
leaf_count=743 19 48 116 25 43 17 26 16 16 27 15 15 51 16
internal_value=-0.000879397 -0.00661417 -0.000196629 -0.00105611 0.0046875 0.00113208 -0.012 0.0075 -0.000576923 0.00382979 -0.0040678 0.00939759 0.00573529 0.0065625
internal_weight=1193 126 1067 908 159 52 74 35 883 140 58 82 67 31
internal_count=1193 126 1067 908 159 52 74 35 883 140 58 82 67 31
is_linear=0
shrinkage=0.03


Tree=460
num_leaves=15
num_cat=0
split_feature=23 10 23 51 51 33 10 51 0 21 13 19 23 39
split_gain=6.02234 4.91248 4.38596 4.30344 4.70474 3.95984 3.78231 3.20852 3.88214 2.78162 3.20098 3.49662 2.83191 9.29305
threshold=8.9356451930584857 0.70526439244522188 9.3331840468616232 7.0458859258013433 6.6205135149915657 8.9137839397959837 0.083266615137743541 2.861820586105384 5.0000000000000009 2.5292419544690108 0.12257261312590607 0.29415321290673563 6.813725536336352 5.2700854700854718
decision_type=2 2 2 2 2 2 2 2 2 2 2 2 2 2
left_child=3 2 -2 4 5 7 -4 8 -1 12 -11 -12 -9 -14
right_child=1 -3 6 -5 -6 -7 -8 9 -10 10 11 -13 13 -15
leaf_value=3.6887996328706652e-05 -5.9111407311949194e-05 6.0909759007188309e-07 0.00020857276575882543 0.0053072715437480957 -0.00059717832253669448 2.6324697783880469e-05 -1.5807870440909255e-05 -1.2259327716704348e-06 -4.9765844981586317e-06 0.0040637967487661929 -3.2119442234617709e-05 0.00129798272952369 -1.5602324105257192e-06 -0.0033907896592626852
leaf_weight=20 57 57 17 17 17 76 39 604 19 20 100 15.999999999999998 142 17
leaf_count=20 57 57 17 17 17 76 39 604 19 20 100 16 142 17
internal_value=-0.000393765 -0.00561404 -0.00921053 0.000457579 0.000203488 0.000472906 -0.00315789 -6.38978e-05 0.00825 -0.000433333 0.00350365 0.00153846 -0.00113874 -0.0046875
internal_weight=1218 170 113 1048 1031 1014 56 938 39 899 136 116 763 159
internal_count=1218 170 113 1048 1031 1014 56 938 39 899 136 116 763 159
is_linear=0
shrinkage=0.03


Tree=461
num_leaves=15
num_cat=0
split_feature=7 51 51 7 7 39 42 10 35 21 10 14 14 18
split_gain=5.24971 3.31568 4.51932 4.00055 4.24073 4.2138 3.8619 7.54815 7.10762 5.37349 5.36881 5.02019 4.0871 3.9978
threshold=1.0602869656029252 7.0458859258013433 6.6205135149915657 4.0052867125760043 2.9910016677494142 9.7500000000000018 9.8836178932688483 0.70056671708886387 0.81274007277823335 2.2507808878670947 0.71971362136126171 0.38378862057565738 0.25460519765010459 2.1003568669820072
decision_type=2 2 2 2 2 2 2 2 2 2 2 2 2 2
left_child=-1 2 3 4 6 -5 10 9 -9 11 12 -8 -2 -14
right_child=1 -3 -4 5 -6 -7 7 8 -10 -11 -12 -13 13 -15
leaf_value=3.5781356438844831e-05 -7.2968910813443055e-05 0.0012446566016627036 -0.00058302936599841039 -6.9153414227663963e-05 -0.00043368449010411093 0.00017186539893833784 -7.1197144057344453e-05 0.00045555598940127506 -5.6528108965392398e-06 -1.9477172003035115e-06 -3.4986960949161674e-05 -0.00011028573409521236 4.0842060798526593e-06 0.00016669222060916144
leaf_weight=42 118 38 26 15.999999999999998 70 52 41 23 46 44 95 27 544 14.999999999999998
leaf_count=42 118 38 26 16 70 52 41 23 46 44 95 27 544 15
internal_value=-0.000525876 -0.000908304 -0.00120751 -0.000906593 -0.00137695 0.00608696 -0.000849057 -0.00478022 0.003 -0.00955752 7.76197e-05 -0.0147826 0.0010177 0.00208929
internal_weight=1197 1155 1117 1091 1023 68 953 181 69 112 772 68 677 559
internal_count=1197 1155 1117 1091 1023 68 953 181 69 112 772 68 677 559
is_linear=0
shrinkage=0.03


Tree=462
num_leaves=15
num_cat=0
split_feature=7 41 9 35 13 21 24 24 36 23 36 29 14 41
split_gain=8.68014 4.66903 5.4611 6.11081 4.65426 4.33611 4.51664 8.00986 5.89804 7.00857 5.29452 4.94808 6.04544 6.67901
threshold=1.0602869656029252 10.07218036330573 1.4776960192190434 0.93767745198173702 0.58170563961945898 2.2122080903114214 0.89751769553963379 0.91782731197795975 7.2668691766077895 7.4506245741076542 5.1493703486700237 13.437370062370062 0.38547099947355551 8.2993294544433525
decision_type=2 2 2 2 2 2 2 2 2 2 2 2 2 2
left_child=-1 5 -3 4 -4 -2 -7 -8 9 -9 -11 12 13 -10
right_child=1 2 3 -5 -6 6 7 8 11 10 -12 -13 -14 -15
leaf_value=6.2577728608044782e-05 -8.6515513793183889e-06 -7.1179686656952507e-05 0.00010787783532104189 -1.4988374222191236e-05 -7.1924069663453769e-06 5.8479159033854032e-05 -1.5383773221939735e-05 3.2728984619345701e-05 4.1423241662519314e-05 5.2224324931821055e-06 -0.0013436350301427324 -3.7235917919342665e-06 4.514134924269386e-05 -0.0014509183491684973
leaf_weight=41 562 35 23 18 26 58 37 105 85 25 37 66 46 14.999999999999998
leaf_count=41 562 35 23 18 26 58 37 105 85 25 37 66 46 15
internal_value=0.000177966 -0.000316067 -0.00640777 -0.00132353 0.0042 0.000289296 0.0024 0.00129496 0.00260526 -0.00160714 -0.00952381 0.00591549 0.00897959 0.00475248
internal_weight=1179 1138 102 67 49 1036 474 416 379 167 62 212 146 100
internal_count=1179 1138 102 67 49 1036 474 416 379 167 62 212 146 100
is_linear=0
shrinkage=0.03


Tree=463
num_leaves=15
num_cat=0
split_feature=38 20 7 22 6 51 22 33 12 33 51 0 4 42
split_gain=4.21244 3.78116 3.82531 4.7698 4.83042 4.4183 2.93327 5.54251 6.11315 5.13811 3.09253 4.62326 3.17866 2.73141
threshold=0.59312253937007886 5.6639780595668201 4.8439036705758074 12.265439853835327 2.1105375083058608 7.1128672074631698 9.7239516957366341 8.8021370274711508 0.50279598920169699 4.1832374179867147 3.3915389605625408 5.0000000000000009 2.332419668643634 10.157174693333596
decision_type=2 2 2 2 2 2 2 2 2 2 2 2 2 2
left_child=1 2 3 4 13 -4 9 8 -8 10 -2 -12 -13 -1
right_child=6 -3 5 -5 -6 -7 7 -9 -10 -11 11 12 -14 -15
leaf_value=-4.0226558876708952e-06 1.8083013264455492e-05 0.0034813569764049657 -0.00056301478913051812 -0.00035468138465577948 9.3194628666204979e-05 -4.3826832164084449e-06 -0.0044223479165510617 0.00037043078902696311 5.0657595183867253e-06 0.0019066214686754837 -0.00030777614590899561 -0.00029669272461682605 0.00044621076142593581 0.00074341942068096407
leaf_weight=872 32 14.999999999999998 17 29 29 15.999999999999998 19 30 41 20 29 17 14.999999999999998 23
leaf_count=872 32 15 17 29 29 16 19 30 41 20 29 17 15 23
internal_value=-0.000547718 -0.00134731 -0.00158055 -0.00122642 -0.000843243 -0.0114706 0.00338235 -0.000659341 -0.00590164 0.00657895 0.00351064 -0.000483871 0.00727273 -0.00123884
internal_weight=1204 1001 986 953 924 33 203 90 60 113 93 61 32 895
internal_count=1204 1001 986 953 924 33 203 90 60 113 93 61 32 895
is_linear=0
shrinkage=0.03


Tree=464
num_leaves=15
num_cat=0
split_feature=33 10 14 36 33 30 34 42 23 36 17 13 19 51
split_gain=3.84333 10.5388 4.27566 5.48836 4.00652 4.75391 4.49109 5.27358 5.91489 4.30101 9.41069 5.25942 10.116 5.67558
threshold=10.280837340614992 0.70056671708886387 0.19601188134941899 11.502421368268589 8.9137839397959837 0.97999199679871951 2.1911105525001542 8.2510187800329948 7.5696881880266238 7.8770565859813741 3.6508409109197717 0.58117857712393362 0.57038581856100112 5.5858632491116254
decision_type=2 2 2 2 2 2 2 2 2 2 2 2 2 2
left_child=4 2 -2 -4 5 6 -1 -8 -9 10 -7 13 -13 -11
right_child=1 -3 3 -5 -6 9 7 8 -10 11 -12 12 -14 -15
leaf_value=-9.110803121833432e-06 9.7001378562100445e-06 8.7703633539537577e-06 -0.0026015286725855355 -2.5607669113112408e-05 0.00010827001476228226 -1.0858736637819853e-05 3.2566910041968432e-05 -7.494540244980419e-05 1.3673694403961711e-05 0.00010362114630870833 -0.00028549895037505282 5.7558970077248307e-06 -4.127523652376619e-05 -3.8393421603855617e-05
leaf_weight=581 22 54 14.999999999999998 85 46 50 171 31 43 15.999999999999998 18 28 25 15.999999999999998
leaf_count=581 22 54 15 85 46 50 171 31 43 16 18 28 25 16
internal_value=-0.000324459 -0.00440678 -0.00926829 -0.0118812 0.000380117 -3.06122e-05 0.000870617 0.00426829 -0.0024 -0.00487013 -0.0104348 -0.000348837 -0.00611111 0.00909091
internal_weight=1201 176 122 100 1025 979 826 245 74 153 68 85 53 32
internal_count=1201 176 122 100 1025 979 826 245 74 153 68 85 53 32
is_linear=0
shrinkage=0.03


Tree=465
num_leaves=15
num_cat=0
split_feature=36 30 43 33 14 14 35 34 10 33 1 14 9 9
split_gain=5.39924 5.19059 4.90163 4.1171 6.05 5.16336 3.39077 3.12576 3.03916 2.92716 2.85234 3.47549 2.7819 4.05886
threshold=9.5610478230133094 0.62000000000000011 1.5118319590988969 11.51418330446063 0.38323098568590985 0.40007431787670705 0.93492929456484042 12.533957952468009 0.69027655767899543 8.8222546654781784 1.6433404846774653 0.38066766789881529 0.35031858185174097 0.47066446859841315
decision_type=2 2 2 2 2 2 2 2 2 2 2 2 2 2
left_child=9 -2 3 4 10 7 -5 -6 -8 12 11 -3 -1 -14
right_child=1 2 -4 6 5 -7 8 -9 -10 -11 -12 -13 13 -15
leaf_value=5.4283477233757478e-05 -0.0022428552472418726 -3.2231609135067172e-05 0.00071786873761767731 2.2489102638960645e-05 -0.00011232476357851073 -5.8510584002924301e-06 -6.4765672209161633e-05 -6.9658558269523047e-05 2.5487950150235859e-05 9.0328084302671309e-05 -0.00012432328689415461 2.4112283483012084e-05 -5.7773028924983926e-05 1.2438462718436515e-06
leaf_weight=131 14.999999999999998 20 14.999999999999998 23 26 22 14.999999999999998 31 21 18 15.999999999999998 28 118 688
leaf_count=131 15 20 15 23 26 22 15 31 21 18 16 28 118 688
internal_value=-2.52525e-05 -0.00412017 -0.00288991 -0.00413793 -0.006875 -0.012375 0.0025 -0.017069 -0.00324324 0.000972803 0 0.00367347 0.000735608 7.43494e-05
internal_weight=1187 232 217 202 143 79 59 57 36 955 64 48 937 806
internal_count=1187 232 217 202 143 79 59 57 36 955 64 48 937 806
is_linear=0
shrinkage=0.03


Tree=466
num_leaves=15
num_cat=0
split_feature=1 14 22 9 34 16 22 34 41 3 12 29 22 23
split_gain=4.90338 5.46631 3.99858 3.86233 3.4089 3.23495 5.66308 3.69852 4.3563 3.08321 4.387 3.30583 6.36477 5.35808
threshold=1.6433404846774653 0.66928218938389417 11.520692484453201 1.1006624243358576 41.599378622102329 0.046010867462676075 7.8684859353810728 13.661347958729102 8.2406764806618025 4.155954272014867 0.42713246372475322 12.469583333333334 10.966607461980667 9.3331840468616232
decision_type=2 2 2 2 2 2 2 2 2 2 2 2 2 2
left_child=5 4 3 -3 9 7 -7 -1 -9 10 -2 12 -11 -14
right_child=1 2 -4 -5 -6 6 -8 8 -10 11 -12 -13 13 -15
leaf_value=2.1886662690873137e-07 -8.1009106520364696e-05 0.0010832937327394886 0.0149094189778385 -0.0017319955536875674 0.00010299614307585524 5.872883778607063e-06 0.00020980895365183049 0.00019150302911446899 1.9495968598182145e-07 1.8904814996079098e-05 -5.9398607250407127e-05 -8.2254237349976837e-06 -0.00011972433613500532 2.3702026230585369e-05
leaf_weight=483 123 14.999999999999998 17 27 18 51 24 15.999999999999998 18 78 124 125 54 30
leaf_count=483 123 15 17 27 18 51 24 16 18 78 124 125 54 30
internal_value=-0.000224252 -0.00210784 0.0065 0.00139535 -0.00303797 0.00172007 0.0075 0.000868726 0.0102857 -0.00347664 -0.00592742 -0.00135417 0.00147239 -0.00423529
internal_weight=1203 611 59 42 552 592 75 517 34 534 247 287 162 84
internal_count=1203 611 59 42 552 592 75 517 34 534 247 287 162 84
is_linear=0
shrinkage=0.03


Tree=467
num_leaves=15
num_cat=0
split_feature=1 24 18 23 36 36 1 19 19 35 1 11 39 24
split_gain=3.03514 3.53762 4.5681 3.69562 3.26064 5.38668 5.18213 4.64551 4.82647 3.7746 4.84417 3.55556 3.52567 3.60891
threshold=1.4842414742769676 0.96000331049757126 1.16110964736696 5.6867412520465681 6.362127480360777 5.8538302494428907 1.9956130378462478 0.046780766638285801 0.078355155482815075 0.43723904058291058 1.7402908934145846 0.022520055895713032 3.1578014184397167 0.93636370052509754
decision_type=2 2 2 2 2 2 2 2 2 2 2 2 2 2
left_child=1 2 -1 -4 5 7 9 -2 -9 11 12 -6 -11 -14
right_child=4 -3 3 -5 6 -7 -8 8 -10 10 -12 -13 13 -15
leaf_value=4.6289031333635043e-06 -0.00026466778928653148 0.00042215995907602332 -0.00034262317939294626 1.7795523655436269e-05 -7.9915261133833845e-05 -0.0012361769137932404 0.00011781502938955856 0.004050293236279888 -4.7409542622517949e-05 -2.0899482330356544e-05 -0.00086016786577305048 0.0033425292689000055 -8.0747024115357394e-06 3.6783146568131197e-06
leaf_weight=308 130 24 26 28 17 19 55 19 174 37 25 15.999999999999998 169 168
leaf_count=308 130 24 26 28 17 19 55 19 174 37 25 16 169 168
internal_value=-0.0011102 0.00108527 0.000330579 -0.00763636 -0.00213253 -0.00437318 -0.000553279 -0.00342593 -0.000463918 -0.00166282 -0.002475 0.00794118 -0.0016 -0.000621302
internal_weight=1215 386 362 54 829 342 487 323 193 432 399 33 374 337
internal_count=1215 386 362 54 829 342 487 323 193 432 399 33 374 337
is_linear=0
shrinkage=0.03


Tree=468
num_leaves=15
num_cat=0
split_feature=9 1 16 22 24 17 9 0 9 14 14 0 10 9
split_gain=5.24687 4.80418 5.60186 7.9109 5.50414 9.51434 5.37178 5.26374 5.37541 4.51208 4.35404 4.32539 14.7807 7.02505
threshold=1.8170588903678522 1.4547780146205878 0.046010867462676075 6.8156757308164932 0.91443794486195895 3.1771159874608155 0.40290901388488509 7.5000000000000009 0.56324351258558036 0.38066766789881529 0.27817901965427427 7.5000000000000009 0.70526439244522188 0.47639022213251875
decision_type=2 2 2 2 2 2 2 2 2 2 2 2 2 2
left_child=1 2 4 6 5 7 -4 -1 -9 -10 -7 -3 13 -13
right_child=-2 11 3 -5 -6 10 -8 8 9 -11 -12 12 -14 -15
leaf_value=-2.1768998130611282e-06 0.001439868766712481 3.3047042350964341e-08 9.1546288833043156e-05 0.00012184639743857139 0.00014762506528816569 -0.00030956845176004607 -7.2356730139566669e-05 0.00020167116954334041 -0.00020262166537819313 5.3919042626377474e-05 -0.00066307163578438791 -0.0010277665428885373 3.3945681001297245e-05 -2.374498087147625e-05
leaf_weight=153 18 580 18 24 37 25 15.999999999999998 19 14.999999999999998 36 35 36 66 134
leaf_count=153 18 580 18 24 37 25 16 19 15 36 35 36 66 134
internal_value=0.000148392 -0.000100418 0.00269129 0.0111864 0.0011215 -0.000316901 0.00171429 0.00254464 0.00929577 0.00403846 -0.0108197 -0.00139535 -0.00481013 -0.00947368
internal_weight=1212 1194 378 58 320 283 34 223 70 51 60 816 236 170
internal_count=1212 1194 378 58 320 283 34 223 70 51 60 816 236 170
is_linear=0
shrinkage=0.03


Tree=469
num_leaves=15
num_cat=0
split_feature=11 13 0 0 24 24 17 20 39 24 23 30 11 34
split_gain=2.82312 5.15136 6.6116 15.2848 4.48775 5.30855 5.80435 3.85101 3.59176 4.93841 4.70851 6.2686 10.6515 5.12011
threshold=0.12762159745711413 0.15994277359164985 5.0000000000000009 7.5000000000000009 0.99988268206182973 0.99927648342749908 13.863043348992093 1.5377734806962657 14.093750000000002 0.99488691326139012 6.5735770391047712 0.03229166666666667 0.075271853782934064 16.789281489260397
decision_type=2 2 2 2 2 2 2 2 2 2 2 2 2 2
left_child=4 2 7 -4 5 6 8 -2 10 -10 13 -12 -13 -1
right_child=1 -3 3 -5 -6 -7 -8 -9 9 -11 11 12 -14 -15
leaf_value=2.6577791680775369e-05 0.0005924647135649657 -1.4093280455518274e-05 -0.00051113411807145615 0.00010189648633832149 -0.00043326680753721588 0.00076338786963288103 -0.0001614075571761031 1.7315571346682156e-06 0.00089364785847436236 -6.973746247581181e-05 0.0033241807692044553 -0.0028347179797234205 -2.2708378171465424e-06 8.0370393064167482e-05
leaf_weight=243 26 456 48 34 15.999999999999998 22 103 17 24 17 24 18 149 14.999999999999998
leaf_count=243 26 456 48 34 16 22 103 17 24 17 24 18 149 15
internal_value=-0.000296785 -0.00180412 0.00357143 -0.00144578 0.00109177 0.00150974 0.000959596 0.0129545 0.00232179 0.0107143 0.00153333 -0.00203125 -0.00410714 0.00416988
internal_weight=1212 581 125 82 631 615 593 43 490 41 449 191 167 258
internal_count=1212 581 125 82 631 615 593 43 490 41 449 191 167 258
is_linear=0
shrinkage=0.03


Tree=470
num_leaves=15
num_cat=0
split_feature=28 34 51 3 36 24 13 41 41 34 3 17 8 21
split_gain=3.57516 5.81503 3.728 6.67494 3.76064 3.64204 3.89513 5.32936 4.35497 3.41771 4.06054 3.38542 5.23174 4.72473
threshold=19.500000000000004 14.943023000707615 7.1128672074631698 5.0988517322089946 7.4834613140959823 0.83098065503448482 0.58066302282677651 8.3784679167092744 8.3385829294489167 13.101159013420581 4.155954272014867 13.150332152150552 3.8331361363025831 2.5292419544690108
decision_type=2 2 2 2 2 2 2 2 2 2 2 2 2 2
left_child=1 2 3 11 -5 -2 7 -7 9 -8 -11 13 -13 -1
right_child=5 -3 -4 4 -6 6 8 -9 -10 10 -12 12 -14 -15
leaf_value=1.5345052683707338e-06 -2.28947318805095e-05 0.00010632647414385742 0.0029092406058988472 -0.0010203549187302664 -2.1876849214401692e-05 -0.00023309160613702029 2.6356238160484267e-05 1.3597701772560811e-05 2.2172791855108452e-05 -4.5940312047627603e-05 -1.1936895374686783e-06 -0.00010706856082416005 0.0001026591450465189 0.0017912086449741354
leaf_weight=608 32 19 26 18 14.999999999999998 30 14.999999999999998 25 76 37 71 140 17 44
leaf_count=608 32 19 26 18 15 30 15 25 76 37 71 140 17 44
internal_value=-0.000434412 0.000506757 0.00013809 -0.000213523 -0.0132353 -0.00334495 -0.00211765 -0.00910714 -0.00015 -0.00362903 -0.00550459 0.000333333 -0.00360759 0.00128637
internal_weight=1173 887 868 842 33 286 254 55 199 123 108 809 157 652
internal_count=1173 887 868 842 33 286 254 55 199 123 108 809 157 652
is_linear=0
shrinkage=0.03


Tree=471
num_leaves=15
num_cat=0
split_feature=3 6 23 22 30 10 42 7 13 33 9 18 42 13
split_gain=6.84561 4.56959 3.94686 4.82192 3.81079 3.3125 8.78354 9.07834 6.32977 6.32183 6.22707 4.64847 4.42689 3.58321
threshold=5.9425221681927871 3.8022008345821181 9.9198656230746796 12.960703094883728 0.97726098191214483 0.12665637897347246 7.5240467802475157 1.6333509834420441 0.61892831610496912 2.7419326637863848 0.46601803052222862 2.0755316266768755 10.157174693333596 0.58117857712393362
decision_type=2 2 2 2 2 2 2 2 2 2 2 2 2 2
left_child=1 2 3 4 5 6 7 -1 9 -9 -11 -8 13 -7
right_child=-2 -3 -4 -5 -6 12 11 8 -10 10 -12 -13 -14 -15
leaf_value=-0.00036255664134163387 -0.00056966225255699048 0.0049737320184696718 0.00022329988830120049 -0.00061937669310322188 -4.7720293055641961e-06 1.5767822891513404e-05 -0.00024564371325800857 0.00013116848910681045 0.00079604747709241302 -0.0014396924276641675 2.0939471827919885e-05 0.0001324701983786114 0.0037950234874635706 -1.3002662373040595e-06
leaf_weight=18 31 17 15.999999999999998 23 284 232 90 32 25 17 32 23 24 347
leaf_count=18 31 17 16 23 284 232 90 32 25 17 32 23 24 347
internal_value=-0.000371287 0 -0.000231959 -0.000444251 -0.00016 0.000856124 -0.00214286 0.00336 0.00672897 0.00256098 -0.0042 -0.00815789 0.00203642 0.0015
internal_weight=1211 1180 1163 1147 1124 840 237 124 106 81 49 113 603 579
internal_count=1211 1180 1163 1147 1124 840 237 124 106 81 49 113 603 579
is_linear=0
shrinkage=0.03


Tree=472
num_leaves=15
num_cat=0
split_feature=4 51 21 10 22 23 21 34 34 7 23 22 11 33
split_gain=5.93796 5.61405 3.65178 4.18702 7.0234 5.70107 4.74178 4.94118 3.78648 4.44608 3.45752 3.36375 3.35431 3.29908
threshold=4.0726154622349142 5.4946950327376234 2.549449671312495 0.6959718534628857 9.2981791738385731 7.6057889413868862 2.2311870459880532 15.690841833598776 0.99999064534637172 3.6546309414379663 5.2979624000158223 9.1259597189049941 0.12596362271331102 8.7733126970468636
decision_type=2 2 2 2 2 2 2 2 2 2 2 2 2 2
left_child=2 -2 3 5 11 13 -6 -8 9 10 -4 12 -5 -1
right_child=1 -3 8 4 6 -7 7 -9 -10 -11 -12 -13 -14 -15
leaf_value=-2.7657975730219219e-06 -5.5476667031953695e-05 -9.1333514701669172e-06 0.0074966219983555278 0.0001020338664375997 0.0021590178132722768 -6.188679078698911e-05 -1.0166397703375017e-05 0.00013018254679475927 0.0022868110250489218 0.001508191217227992 -0.0046423245306265598 -7.1013612410903977e-05 -1.2894874756243512e-05 7.2574359820486435e-05
leaf_weight=575 15.999999999999998 282 17 23 18 65 17 15.999999999999998 26 17 33 14.999999999999998 48 20
leaf_count=575 16 282 17 23 18 65 17 16 26 17 33 15 48 20
internal_value=-0.000756939 -0.00441472 0.00047138 -0.00018797 0.00456522 -0.00118003 0.0132692 0.00617647 0.00606383 0.00220588 -0.00235294 -0.000689655 0.00208333 -0.000251678
internal_weight=1188 298 890 797 137 660 51 33 93 67 50 86 71 595
internal_count=1188 298 890 797 137 660 51 33 93 67 50 86 71 595
is_linear=0
shrinkage=0.03


Tree=473
num_leaves=15
num_cat=0
split_feature=10 42 8 5 0 0 12 42 33 51 11 1 17 19
split_gain=6.64584 8.34167 10.8978 7.04092 6.84953 6.11352 5.04244 5.03874 3.78443 5.95836 3.75643 4.68429 2.97152 3.34469
threshold=0.12665637897347246 7.3775551085518165 1.5680430486920489 2.0897758955825942 7.5000000000000009 5.0000000000000009 0.31080248234255586 4.1519814949716087 3.006250732713263 5.2419840604772423 0.30420275419155102 2.1283588729887439 12.734266080229395 0.0034625005608650786
decision_type=2 2 2 2 2 2 2 2 2 2 2 2 2 2
left_child=1 2 -1 -3 5 6 -4 -2 -8 -10 11 -9 -5 -14
right_child=7 3 4 12 -6 -7 8 10 9 -11 -12 -13 13 -15
leaf_value=-0.00047885532492625282 2.2015570292489571e-05 7.7905340962244882e-05 0.0006392706784158458 -0.0030246288634224508 -0.00036079322510477573 0.0094977072884231354 0.00010014066293036582 -2.0845195221974586e-06 -0.0039805033166842351 1.5049208979822648e-05 0.00014514229616841235 -0.00064893198712824064 -0.0011112794212587583 -0.00026756638197286242
leaf_weight=17 37 22 23 38 15.999999999999998 21 14.999999999999998 806 15.999999999999998 20 41 21 17 79
leaf_count=17 37 22 23 38 16 21 15 806 16 20 41 21 17 79
internal_value=-0.00168908 -0.00568421 0 -0.0103185 0.00348214 0.0065625 0.0024 -0.000430464 -0.00288462 -0.00810811 -0.000897583 -0.00134058 -0.0128889 -0.00989691
internal_weight=1189 284 128 156 111 95 74 905 51 36 868 827 134 96
internal_count=1189 284 128 156 111 95 74 905 51 36 868 827 134 96
is_linear=0
shrinkage=0.03


Tree=474
num_leaves=15
num_cat=0
split_feature=6 14 46 33 42 17 13 15 10 14 42 42 26 43
split_gain=4.84095 6.74367 3.61279 3.78679 4.33655 7.71744 3.89898 4.46371 3.82625 4.87043 4.51896 6.49282 4.8416 5.98584
threshold=2.4970463435944952 0.41129970139871136 2.2577249674798594 10.750091923444534 9.7694604973534211 9.9799048122686429 0.2666860141448239 0.0038835684738534435 0.72887157253339596 0.38271523941972513 9.0096079557627995 8.2510187800329948 10.71138211382114 2.0913784655201999
decision_type=2 2 2 2 2 2 2 2 2 2 2 2 2 2
left_child=2 -2 3 4 8 -6 -7 -8 9 10 11 12 -1 -14
right_child=1 -3 -4 -5 5 6 7 -9 -10 -11 -12 -13 13 -15
leaf_value=-1.0428851633994263e-05 0.0017965661759495653 -0.0014238804852085246 -0.00067428099675504837 -1.1637090857075094e-05 0.012136578438943529 0.00010844075131948294 -0.0072050994857543972 0.00012242810200694732 -0.00019249380901866119 4.8807875312095734e-06 0.00047234333271044314 -0.00022719771251011544 9.9269690469712114e-05 -0.00074941680895373563
leaf_weight=212 20 26 15.999999999999998 162 20 27 15.000000000000002 14.999999999999998 61 467 20 60 62 15.999999999999998
leaf_count=212 20 26 16 162 20 27 15 15 61 467 20 60 62 16
internal_value=-0.000775 -0.0102128 -0.000389948 -0.000184534 0.000522541 0.00730769 0.00155172 -0.00580645 -6.67408e-05 0.000465394 -0.00210243 -0.00290598 -0.00103093 0.00531646
internal_weight=1199 46 1153 1137 975 77 57 30 898 837 370 350 290 78
internal_count=1199 46 1153 1137 975 77 57 30 898 837 370 350 290 78
is_linear=0
shrinkage=0.03


Tree=475
num_leaves=15
num_cat=0
split_feature=33 9 41 13 43 29 33 42 42 10 35 51 12 13
split_gain=7.57092 9.06769 7.06487 7.26135 5.35121 5.09968 4.81219 4.70331 5.21916 11.0933 8.91095 8.78595 6.82716 5.55447
threshold=9.7261524220852973 1.09584992458713 9.842524515180985 0.58078542823072199 1.5957255072324481 8.3147465437788046 8.9495618237251353 9.9406718377401635 8.0537255981043341 0.11168037320219494 0.93767745198173702 3.4402390708536532 0.50658848625266295 0.58199763996133091
decision_type=2 2 2 2 2 2 2 2 2 2 2 2 2 2
left_child=4 5 -3 -4 6 -2 7 8 9 12 11 -10 -1 -13
right_child=1 2 3 -5 -6 -7 -8 -9 10 -11 -12 13 -14 -15
leaf_value=0.00066954650080902286 -0.0011972709996873787 2.1714502613272568e-05 0.00010369406770326605 -1.2772838953538644e-05 -0.00013006012242951757 -0.000234789350352802 0.00016978683305024945 0.0075017111436197579 0.00020905864958476903 2.732042265431167e-06 4.4757464676083987e-05 -1.1908192575266207e-06 -1.3923858849463899e-05 -0.00011141850582509604
leaf_weight=46 24 14.999999999999998 27 117 189 20 19 24 14.999999999999998 469 24 98 17 97
leaf_count=46 24 15 27 117 189 20 19 24 15 469 24 98 17 97
internal_value=-0.000174709 -0.00544118 -0.0020625 -0.00413793 0.000900901 -0.0173333 0.00196296 0.00159292 0.0011734 0.00281426 -0.00255319 -0.00454976 0.0145312 -0.00627551
internal_weight=1201 203 159 144 998 44 809 790 766 532 234 210 63 195
internal_count=1201 203 159 144 998 44 809 790 766 532 234 210 63 195
is_linear=0
shrinkage=0.03


Tree=476
num_leaves=15
num_cat=0
split_feature=42 23 37 1 39 0 23 5 44 34 21 10 39 17
split_gain=4.41046 6.81962 4.03786 4.39418 5.46788 3.82946 10.7622 5.85526 4.63294 4.05229 4.93327 5.10417 4.02378 11.1574
threshold=7.1344629766724639 6.4808562613436456 1.6898340170168271 1.4982558360770895 10.156666666666668 7.5000000000000009 2.1155818207525496 1.8258812236900555 1.4334389071687497 0.37459001708836343 1.1760124611809342 0.3597410548192071 3.175109443402127 3.192417061611375
decision_type=2 2 2 2 2 2 2 2 2 2 2 2 2 2
left_child=1 5 -2 4 -4 8 -7 -8 9 10 -1 -12 13 -11
right_child=2 -3 3 -5 -6 6 7 -9 -10 12 11 -13 -14 -15
leaf_value=0.00018052599475361391 1.4252969399925677e-05 0.00017746979763853197 -0.001723292455160822 -9.0665722922844688e-06 -3.5845156248381913e-06 -0.00023701882080051528 0.00011850588319778068 -0.0010284847166307865 -0.00076699047788709724 4.5428610488729144e-06 9.7407735182000182e-05 -0.00039312354366610399 3.3317614473797887e-05 -0.00023551455692003299
leaf_weight=60 135 25 23 593 25 20 18 19 14.999999999999998 125 23 14.999999999999998 84 15.999999999999998
leaf_count=60 135 25 23 593 25 20 18 19 15 125 23 15 84 16
internal_value=-5.01253e-05 0.0024228 -0.00138996 -0.00238318 -0.0110204 0.00143939 -0.00568966 0.00394737 0.00265487 0.00342593 0.00848485 0 0.00119469 -0.00190141
internal_weight=1196 420 776 641 48 395 57 37 338 323 98 38 225 141
internal_count=1196 420 776 641 48 395 57 37 338 323 98 38 225 141
is_linear=0
shrinkage=0.03


Tree=477
num_leaves=15
num_cat=0
split_feature=36 41 33 0 10 10 21 36 33 9 14 24 40 24
split_gain=5.40072 6.51275 6.30325 4.77143 6.16236 4.56806 4.43104 4.21584 7.53573 6.50153 7.01876 5.35347 7.79827 5.02191
threshold=3.2857822155436245 4.3993928995441633 3.0997493735909312 5.0000000000000009 0.26701388888888894 0.23998015873015877 1.9072792034329271 9.5610478230133094 8.8152367291369114 1.5260179253300257 0.38303175248621152 0.78708971305866759 1.5854241018216548 0.89751769553963379
decision_type=2 2 2 2 2 2 2 2 2 2 2 2 2 2
left_child=1 3 -2 5 -5 -1 -4 8 13 10 11 -9 -13 -8
right_child=2 -3 6 4 -6 -7 7 9 -10 -11 -12 12 -14 -15
leaf_value=-5.0255647538223202e-05 -0.0012040440141162256 8.5975499493493593e-05 -0.00098311850356002316 2.832790789255246e-05 -0.00028319669767222554 4.275678289442142e-05 5.2576363726170022e-06 2.1668429399088752e-05 4.2235997079313189e-05 4.3225704853555588e-05 -3.7059801969072658e-05 -9.5543863190132859e-05 6.5544747603525359e-05 -6.0069087116820792e-06
leaf_weight=14.999999999999998 18 159 101 23 57 44 130 30 24 47 98 20 26 397
leaf_count=15 18 159 101 23 57 44 130 30 24 47 98 20 26 397
internal_value=-0.000680672 0.00280936 -0.00184978 -0.00192857 -0.00666667 0.0045 -0.00147597 -0.000698577 0.000706522 -0.00418919 -0.00685714 0 -0.00638298 -5.68182e-05
internal_weight=1189 298 891 139 80 59 873 772 551 221 174 76 46 527
internal_count=1189 298 891 139 80 59 873 772 551 221 174 76 46 527
is_linear=0
shrinkage=0.03


Tree=478
num_leaves=15
num_cat=0
split_feature=23 7 21 0 0 21 41 36 33 33 10 14 35 36
split_gain=2.81451 4.89359 3.53718 4.28612 4.92617 3.93612 4.98335 4.29027 3.81156 7.44397 6.51879 5.90888 3.97909 5.26944
threshold=3.8104087904951194 2.694604312706923 1.616396116057135 7.5000000000000009 5.0000000000000009 2.1603601206561542 4.4650928568396884 12.364571483418869 10.750091923444534 7.5792241202967334 0.68502987714116192 0.40086255045392111 0.93772519388421127 9.5610478230133094
decision_type=2 2 2 2 2 2 2 2 2 2 2 2 2 2
left_child=1 -1 3 4 -2 -4 -7 8 9 -8 -10 12 13 -11
right_child=2 -3 5 -5 -6 6 7 -9 10 11 -12 -13 -14 -15
leaf_value=1.2025054915187905e-05 -0.0010425209586805129 0.0010987452937175767 2.2215452147986701e-05 -0.00029217829613054747 0.00033536857693163002 0.00019013978051763967 -3.346416733238655e-05 4.7209868274187271e-05 -0.00018954029805654747 1.6514075937157368e-06 -9.4422183486053694e-06 4.6315842221837932e-05 9.680433527652409e-05 -3.6744660170908716e-05
leaf_weight=287 21 19 188 25 24 21 286 31 20 106 96 14.999999999999998 22 32
leaf_count=287 21 19 188 25 24 21 286 31 20 106 96 15 22 32
internal_value=-0.000326633 0.00214984 -0.00118243 -0.00760563 -0.00195652 -0.000623472 -0.0017619 -0.00226601 -0.00285467 -0.00162338 -0.00769231 0.00323864 0.00149068 -0.000431655
internal_weight=1193 306 887 70 45 817 629 608 577 461 116 175 160 138
internal_count=1193 306 887 70 45 817 629 608 577 461 116 175 160 138
is_linear=0
shrinkage=0.03


Tree=479
num_leaves=15
num_cat=0
split_feature=1 34 23 23 23 23 41 14 13 14 13 13 28 34
split_gain=4.10503 5.06311 6.98217 4.59881 4.07301 7.56844 6.23483 3.80247 5.88333 4.03988 3.74841 3.63816 6.75326 6.29442
threshold=1.8095466653133714 19.568501254081685 9.4493452556792885 8.2770776621941149 7.8029438073570878 7.6816088775227742 8.3385829294489167 0.37642368759177686 0.58261900391581023 0.38162727054954176 0.58203239204367863 0.58117857712393362 4.5000000000000009 0.74342105263157909
decision_type=2 2 2 2 2 2 2 2 2 2 2 2 2 2
left_child=1 2 3 4 5 6 11 -5 9 -9 -11 12 13 -1
right_child=-2 -3 -4 7 -6 -7 -8 8 -10 10 -12 -13 -14 -15
leaf_value=1.7637624821788544e-05 -0.00012882633822012393 -8.9198020109013679e-05 0.00013509746780665744 -0.00032201246845826702 0.00038037264579383391 -0.00010058746055787492 6.0898520802974421e-05 1.9318962006464879e-05 8.5336431178939522e-06 -9.2401448413315094e-06 -3.7228975685688055e-05 -3.0857877919965305e-06 7.0113392327775516e-05 -0.00043850711555532495
leaf_weight=146 219 42 29 22 20 17 34 14.999999999999998 15.999999999999998 86 18 401 66 80
leaf_count=146 219 42 29 22 20 17 34 15 16 86 18 401 66 80
internal_value=-0.000519802 0.000302115 0.000757098 0.000292842 0.0012549 0.000885906 0.00135989 -0.00436709 -0.00242647 -0.00475 -0.00685714 0.00073487 0.00327645 0.000792952
internal_weight=1211 992 950 921 764 744 727 157 135 119 104 693 292 226
internal_count=1211 992 950 921 764 744 727 157 135 119 104 693 292 226
is_linear=0
shrinkage=0.03


Tree=480
num_leaves=15
num_cat=0
split_feature=20 21 0 25 0 9 24 24 13 39 24 9 30 23
split_gain=5.39477 3.94382 5.81122 4.45233 5.55749 3.89035 6.78727 4.89701 8.91713 4.26166 4.42055 5.51708 5.10027 4.12721
threshold=0.53959062302381255 0.93121317549625415 7.5000000000000009 2.5000000000000004 5.0000000000000009 1.2328175936177739 0.76297804532577918 0.97329704609116385 0.58293061793853307 56.250000000000007 0.99949338160269197 0.63863660918721055 0.99056603773584917 9.4124221342698302
decision_type=2 2 2 2 2 2 2 2 2 2 2 2 2 2
left_child=-1 2 3 -2 -5 9 -7 8 -8 10 11 13 -13 -3
right_child=1 5 -4 4 -6 6 7 -9 -10 -11 -12 12 -14 -15
leaf_value=2.6060618308499928e-05 -0.00015302500154926069 -2.6958875646474477e-05 -0.0023784830216517336 -0.00033354507901515063 0.0018125439184521518 -0.00010554549144075942 -1.1422903286262275e-06 -0.00025378057242918755 0.00012502457668261524 -0.0021912400719936915 0.0021093371982498898 8.0658764702927201e-05 -2.2372374009405061e-06 7.8284188400763453e-05
leaf_weight=108 17 254 21 22 22 22 339 108 30 18 21 143 89 14.999999999999998
leaf_count=108 17 254 21 22 22 22 339 108 30 18 21 143 89 15
internal_value=-0.000317073 -0.000935829 -0.00722892 -0.00241935 0.00266667 -0.000432692 -0.00234 -0.00156904 8.10811e-05 0.00133087 0.00183556 0.00125498 0.00463519 -0.00166667
internal_weight=1229 1121 82 61 44 1039 499 477 369 540 522 501 232 269
internal_count=1229 1121 82 61 44 1039 499 477 369 540 522 501 232 269
is_linear=0
shrinkage=0.03


Tree=481
num_leaves=15
num_cat=0
split_feature=13 24 12 14 18 24 14 14 0 22 11 30 5 14
split_gain=8.25853 6.50007 5.76 5.69418 9.94461 5.9789 4.20174 5.3489 4.48224 4.47149 4.45236 3.9581 5.15172 4.05689
threshold=0.12257261312590607 0.99970238502673781 0.65474803830405071 0.017835646440248841 1.5118319590988969 0.81158865886588671 0.3844043231439222 0.38363905269938153 7.5000000000000009 7.4917479743165911 0.12530831193327099 0.94044811320754729 2.721657315109193 0.40032892004990611
decision_type=2 2 2 2 2 2 2 2 2 2 2 2 2 2
left_child=3 6 -3 -1 5 -5 7 -2 9 -9 -8 12 -12 -14
right_child=1 2 -4 4 -6 -7 10 8 -10 -11 11 -13 13 -15
leaf_value=1.5697091497690606e-06 -2.422604575213205e-06 -0.00042665049961098988 2.6167495902929549e-05 1.97004208520124e-05 -4.6565542623993039e-05 0.00020169056978758815 1.1759827826536284e-05 -5.3630340803011429e-05 -7.0684042372444193e-05 7.6623105754558547e-06 -5.8420114230850469e-06 -1.7276161160466874e-05 0.00010857028957514981 3.1321075980036418e-05
leaf_weight=113 320 24 20 36 55 46 212 18 19 23 120 112 20 31
leaf_count=113 320 24 20 36 55 46 212 18 19 23 120 112 20 31
internal_value=0.000435897 -0.000880435 -0.012 0.00525896 0.00934783 0.0159036 -0.000308219 -0.00267717 -0.0108197 -0.005 0.0015121 -0.000950704 0.0019186 0.00980769
internal_weight=1169 919 44 250 137 82 875 380 60 41 495 283 171 51
internal_count=1169 919 44 250 137 82 875 380 60 41 495 283 171 51
is_linear=0
shrinkage=0.03


Tree=482
num_leaves=15
num_cat=0
split_feature=13 13 38 14 0 0 36 22 37 25 38 0 0 30
split_gain=6.62854 6.72772 4.77453 4.45172 4.29423 12.7583 4.05653 5.39089 5.08116 4.08307 3.90905 3.71133 7.23967 5.00259
threshold=0.21164605841838866 0.2666860141448239 0.89642857142857157 0.59111063767459837 5.0000000000000009 7.5000000000000009 3.1013592405882213 6.9126929697943771 1.6180165735588183 7.5000000000000009 0.19345238095238099 7.5000000000000009 5.0000000000000009 0.65364583333333337
decision_type=2 2 2 2 2 2 2 2 2 2 2 2 2 2
left_child=10 4 6 -4 -2 -6 -3 9 -9 -8 -1 12 -12 -14
right_child=1 2 3 -5 5 -7 7 8 -10 -11 11 -13 13 -15
leaf_value=1.4293306265267257e-05 -0.0016482479708940601 7.1649059273005129e-05 -0.00024151418048571924 2.7079037796063354e-05 0.00064014268494838264 -0.0026513265717356747 -0.00033759699826224675 2.6042014143797809e-05 -5.897367839535761e-07 -0.0011795039032244693 6.3905573865444821e-05 0.00077746464869906436 -0.00080956431244648571 1.4171107279030703e-05
leaf_weight=175 25 72 66 33 19 20 41 97 527 15.999999999999998 45 27 22 19
leaf_count=175 25 72 66 33 19 20 41 97 527 16 45 27 22 19
internal_value=0.00039834 -0.0008506 -0.00014068 -0.0063 -0.0101538 -0.00375 0.000676393 -4.39883e-05 0.000768 -0.0087931 0.00435986 0.00868421 0.00551724 -0.00357143
internal_weight=1204 916 852 99 64 39 753 681 624 57 288 113 86 41
internal_count=1204 916 852 99 64 39 753 681 624 57 288 113 86 41
is_linear=0
shrinkage=0.03


Tree=483
num_leaves=15
num_cat=0
split_feature=24 33 33 9 24 20 30 36 17 35 30 17 12 14
split_gain=6.26372 4.92673 5.30957 5.09962 5.65694 5.46609 4.96056 4.21432 8.17866 8.07549 6.05818 4.16162 4.12135 3.72924
threshold=0.99984746627541898 9.7261524220852973 8.9495618237251353 0.70999140122324633 0.87083633958633977 2.6394453624643397 0.97726098191214483 7.8663136520131802 3.6508409109197717 0.93767745198173702 0.99056603773584917 3.1320103092783511 0.6589398998485706 0.38214564172939575
decision_type=2 2 2 2 2 2 2 2 2 2 2 2 2 2
left_child=1 2 6 -3 -5 -6 -1 8 11 10 -9 -8 -2 -12
right_child=12 3 -4 4 5 -7 7 9 -10 -11 13 -13 -14 -15
leaf_value=8.4088656492831151e-06 -0.001267402591161803 -0.0012917899025431938 0.00018914403385675405 -1.1318963091637713e-05 0.00075576203393234564 -1.3700508004754752e-05 -3.719481124579947e-05 -0.00011722102110962806 -0.00030332554513753051 0.00012268646215487456 -1.8579888020353597e-06 3.9865233583006309e-05 -4.0539659120466532e-05 2.3094634215381492e-05
leaf_weight=793 18 18 27 129 14.999999999999998 31 48 22 14.999999999999998 34 15.999999999999998 17 17 29
leaf_count=793 18 18 27 129 15 31 48 22 15 34 16 17 17 29
internal_value=-0.000170732 0.000200837 0.0010479 -0.00417526 -0.00255682 0.00638298 0.000676923 -0.00379121 -0.00888889 0.000294118 -0.00573529 -0.00409091 -0.0125 0.000652174
internal_weight=1229 1194 1001 193 175 46 974 181 80 101 67 65 35 45
internal_count=1229 1194 1001 193 175 46 974 181 80 101 67 65 35 45
is_linear=0
shrinkage=0.03


Tree=484
num_leaves=15
num_cat=0
split_feature=33 36 13 13 35 14 4 5 29 37 22 39 22 20
split_gain=5.64052 4.9918 5.60928 5.99381 4.49862 4.22399 3.90767 5.21836 4.57787 7.37539 4.28994 9.41956 5.18301 4.31812
threshold=10.280837340614992 11.649476044189122 0.58245281310758401 0.5808260125908995 0.93749211421392264 0.38250430411250813 5.7706156338527927 4.3882596125730311 0.94427860696517418 2.8481886800969582 9.8233240646918443 5.1134920634920649 11.898166152677868 2.7205725237798486
decision_type=2 2 2 2 2 2 2 2 2 2 2 2 2 2
left_child=6 -2 3 4 -3 -5 7 10 -9 -10 -1 12 -12 -13
right_child=1 2 -4 5 -6 -7 -8 8 9 -11 11 13 -14 -15
leaf_value=-7.4642040301442504e-07 -0.0010441351305129308 0.00011055023822029496 8.4622833808278838e-06 7.5487599108248207e-07 -2.0176520165922083e-05 -2.7097324018841016e-05 0.0004790425849601387 -0.0012293805134269487 -0.00013885714173287545 0.002076310516665931 0.0023264649685884185 -0.00024194854422154854 2.1510269837727858e-05 3.6792142165378295e-05
leaf_weight=817 26 14.999999999999998 14.999999999999998 27 21 80 15.999999999999998 32 26 15.999999999999998 33 19 17 49
leaf_count=817 26 15 15 27 21 80 16 32 26 16 33 19 17 49
internal_value=-0.00101653 -0.00583784 -0.00377358 -0.005625 0.00486486 -0.00916667 -0.000146199 -0.000386139 -0.008 -0.00139535 0.000224359 0.00554622 0.0152941 -0.00173913
internal_weight=1209 184 158 143 36 107 1025 1009 74 42 935 118 50 68
internal_count=1209 184 158 143 36 107 1025 1009 74 42 935 118 50 68
is_linear=0
shrinkage=0.03


Tree=485
num_leaves=15
num_cat=0
split_feature=30 14 13 24 13 13 3 23 23 14 24 40 40 42
split_gain=5.68656 3.70572 4.33938 4.80168 3.53294 4.24749 5.35572 6.4174 6.46587 2.79444 2.53773 2.25581 5.32499 3.73895
threshold=0.97726098191214483 0.35371751151185871 0.58293061793853307 0.62428007506633032 0.58175958165057495 0.58066302282677651 4.0241095357333094 7.6816088775227742 6.5067536557574774 0.38303175248621152 0.41586089338484333 1.6674278448086459 1.755808010284569 10.091495064482194
decision_type=2 2 2 2 2 2 2 2 2 2 2 2 2 2
left_child=11 -2 3 10 5 -5 -7 8 -8 -6 -3 13 -13 -1
right_child=1 2 -4 4 9 6 7 -9 -10 -11 -12 12 -14 -15
leaf_value=4.1631120498618331e-06 9.2843129360111739e-05 -0.00042569549070210847 1.7100876601271185e-05 -0.00017840312745923793 -2.601679521415552e-06 -2.3674139552228857e-05 -2.643130716814851e-05 -2.1040484658196854e-05 4.4719046743395548e-05 -3.79214117165258e-05 2.2792529272399607e-05 -0.0011438593015207616 7.2152470836020496e-06 2.6293701193282891e-05
leaf_weight=746 22 18 26 23 34 29 17 33 27 35 14.999999999999998 22 105 60
leaf_count=746 22 18 26 23 34 29 17 33 27 35 15 22 105 60
internal_value=0 -0.00375 -0.00476744 -0.00607759 -0.0078392 -0.00484615 -0.00224299 0.00192308 0.00933333 -0.0132857 0.00441176 0.0011242 -0.00257812 0.00171004
internal_weight=1212 279 257 231 198 129 106 77 44 69 33 933 127 806
internal_count=1212 279 257 231 198 129 106 77 44 69 33 933 127 806
is_linear=0
shrinkage=0.03


Tree=486
num_leaves=15
num_cat=0
split_feature=17 12 24 35 24 41 22 35 30 11 7 0 0 39
split_gain=5.0079 4.37588 4.17832 5.96404 4.25862 4.22908 3.75378 3.85101 3.66901 3.65082 3.93585 4.93673 8.54258 10.5
threshold=85.748705506556419 0.16376051869223343 0.86767444852857223 0.81294777582649924 0.89751769553963379 4.4495762816055846 9.1784836889560797 0.93756296576252196 0.98076211616722164 0.18553307126379107 1.5965622991772308 7.5000000000000009 5.0000000000000009 2.6369047619047623
decision_type=2 2 2 2 2 2 2 2 2 2 2 2 2 2
left_child=1 -1 3 9 6 -6 -4 -8 -5 10 -3 12 -12 -14
right_child=-2 2 4 8 5 -7 7 -9 -10 -11 11 -13 13 -15
leaf_value=8.2604472846916905e-05 -0.0013608512272795718 -8.5170840627848404e-05 -2.5340885346286089e-05 -8.2296455583219515e-06 0.00014926372692524503 -7.5652583751445456e-07 6.8244498692454633e-05 4.1285648880817762e-06 -3.0850163790335229e-05 1.2755757279458434e-05 -0.00093891841353778698 -1.7826413698505129e-05 0.0079153050495196497 2.9284954350339286e-07
leaf_weight=86 26 81 18 15.999999999999998 19 552 26 17 20 86 35 135 23 32
leaf_count=86 26 81 18 16 19 552 26 17 20 86 35 135 23 32
internal_value=-0.00056266 -0.000261552 -0.000791706 -0.00307692 0.000758294 -5.24476e-05 0.00822581 0.0129545 -0.0145946 -0.00198473 -0.00351792 -0.00146018 0.00395604 0.01125
internal_weight=1172 1146 1060 428 632 571 61 43 36 392 306 225 90 55
internal_count=1172 1146 1060 428 632 571 61 43 36 392 306 225 90 55
is_linear=0
shrinkage=0.03


Tree=487
num_leaves=15
num_cat=0
split_feature=51 2 10 33 14 35 13 13 14 24 11 36 33 35
split_gain=4.88673 3.67268 3.72413 2.89986 2.66462 4.61973 4.94571 4.37353 4.50793 9.77137 6.3668 4.11443 4.82349 4.18227
threshold=7.2921937034962161 0.95507812500000011 0.012463751582583874 11.954423474970822 0.38547099947355551 0.87536950235026711 0.24672504286206981 0.25057117332248507 0.27817901965427427 0.9874351261296902 0.11785755399002791 7.6512042784799874 11.486882743173121 0.56301667475902761
decision_type=2 2 2 2 2 2 2 2 2 2 2 2 2 2
left_child=1 -1 -3 4 5 7 -7 -4 -9 10 -10 -12 13 -13
right_child=-2 2 3 -5 -6 6 -8 8 9 -11 11 12 -14 -15
leaf_value=-0.0003491553848893819 0.0029275538563621572 0.00014939330452068522 1.6141605973147288e-05 9.6092067542019599e-05 8.8443357254552879e-06 -0.00012951529895560476 9.2903929000934937e-05 -0.0004584281032389348 -4.5156699850320558e-05 0.00059951850388399893 -4.5114628826452147e-05 -0.00014396406095318559 -1.6830680539885455e-05 4.1373768795749389e-06
leaf_weight=18 18 19 186 14.999999999999998 518 24 27 66 40 23 43 20 17 174
leaf_count=18 18 19 186 15 518 24 27 66 40 23 43 20 17 174
internal_value=0.000694789 0.000453401 0.000664962 0.000441941 0.000263389 -0.0010628 0.0075 -0.00184211 -0.00367187 -0.00216981 -0.00366102 -0.00188235 -0.000141509 0.00123077
internal_weight=1208 1190 1172 1153 1138 620 51 569 383 317 294 254 211 194
internal_count=1208 1190 1172 1153 1138 620 51 569 383 317 294 254 211 194
is_linear=0
shrinkage=0.03


Tree=488
num_leaves=15
num_cat=0
split_feature=1 42 11 37 23 20 7 23 22 10 19 22 0 24
split_gain=4.47897 4.38238 3.37822 8.71674 6.0185 5.93717 3.73157 3.6399 3.63673 5.90338 4.90831 4.65699 5.96518 6.44675
threshold=1.1901056208558034 4.8649409012133722 0.28932843927025892 3.6447431262479113 5.3327170978393275 5.6639780595668201 1.8162286460923622 6.813725536336352 11.505081690260374 0.72887157253339596 0.04488519124873893 9.8233240646918443 7.5000000000000009 0.24038461538461542
decision_type=2 2 2 2 2 2 2 2 2 2 2 2 2 2
left_child=1 -1 3 5 -4 6 -2 -6 11 10 -10 12 13 -8
right_child=2 -3 4 -5 7 -7 8 -9 9 -11 -12 -13 -14 -15
leaf_value=-1.089676634913772e-05 -0.00013275693974213964 9.0172189503673892e-05 0.0069743782756444038 -0.0011644264441395124 -0.0082110774466942482 0.003211362332922798 0.0023717722649703541 0.00016761658534648503 -0.0010220769018664455 0.0022044164707793268 -1.0147033761511713e-05 3.6585745160770954e-05 -0.0017292505666757574 -1.9238758020545532e-06
leaf_weight=61 154 105 24 30 14.999999999999998 14.999999999999998 37 18 29 14.999999999999998 141 97 22 427
leaf_count=61 154 105 24 30 15 15 37 18 29 15 141 97 22 427
internal_value=-0.000604534 0.0039521 -0.00134634 -0.00176653 0.00568966 -0.00124733 -0.00156013 -0.00264706 -0.000702211 -0.00435484 -0.00596491 0.000462329 -0.00073922 0
internal_weight=1190 166 1024 967 57 937 922 33 768 185 170 583 486 464
internal_count=1190 166 1024 967 57 937 922 33 768 185 170 583 486 464
is_linear=0
shrinkage=0.03


Tree=489
num_leaves=15
num_cat=0
split_feature=18 22 23 41 18 23 23 30 11 29 41 35 14 14
split_gain=3.66366 4.43137 4.34225 6.69481 5.03058 4.99767 4.58855 3.42921 4.82779 7.1825 4.79079 4.77694 3.65954 5.1502
threshold=2.4004959306300861 13.675376409990834 7.6377213911564281 8.2853150927151358 1.5118319590988969 7.7468370982595651 7.5327767332932707 0.90336134453781525 0.12367971625469601 11.054642166344296 6.0197504358280804 0.57646048089964819 0.38303175248621152 0.3844043231439222
decision_type=2 2 2 2 2 2 2 2 2 2 2 2 2 2
left_child=1 2 3 6 -5 -4 -1 10 9 -9 -7 -12 -10 -14
right_child=-2 -3 5 4 -6 7 -8 8 12 -11 11 -13 13 -15
leaf_value=-7.8553603285458354e-08 -0.00054443641836591887 9.3513716528605963e-05 -0.00015863342500778142 4.1263735347996099e-05 -0.00022262371477273167 0.00011319199909803456 -5.6761008690467963e-05 0.00018126320376202543 1.7044173465829982e-05 -7.9293015105963428e-06 -0.00048233599439458037 -1.0190294611034377e-05 -8.7819573225762505e-05 -2.2722310646372534e-06
leaf_weight=786 29 29 24 55 17 36 20 14.999999999999998 33 34 25 36 20 45
leaf_count=786 29 29 24 55 17 36 20 15 33 34 25 36 20 45
internal_value=-0.000647303 -0.000382653 -0.000680035 0.000341297 0.0090411 -0.00401487 -0.000446097 -0.00269388 0.000202703 0.0078 -0.00704082 -0.0120968 -0.00363636 -0.00772727
internal_weight=1204 1175 1146 878 72 268 806 244 147 49 97 61 98 65
internal_count=1204 1175 1146 878 72 268 806 244 147 49 97 61 98 65
is_linear=0
shrinkage=0.03


Tree=490
num_leaves=15
num_cat=0
split_feature=33 9 38 10 13 14 3 14 9 12 23 13 42 42
split_gain=6.53394 6.59014 4.14597 6.20549 4.94247 4.41489 3.20806 3.15614 4.19262 3.00851 3.99512 3.37041 9.6252 3.99268
threshold=10.280837340614992 1.7049533119607647 0.60984042553191498 0.65305816937553474 0.58083648437930713 0.38303175248621152 6.045179705448029 0.3844043231439222 1.5128467566594119 0.16359130957148579 5.9115270409896814 0.98901808785529732 7.5274397748180384 8.0537255981043341
decision_type=2 2 2 2 2 2 2 2 2 2 2 2 2 2
left_child=1 6 3 -2 -5 -6 9 -7 -9 10 -1 13 -13 -11
right_child=2 -3 -4 4 5 7 -8 8 -10 11 -12 12 -14 -15
leaf_value=7.2189828403793067e-06 -0.00062202199665533525 -0.00078799437316462884 9.0708305032749506e-05 7.8837008662424596e-05 1.0692189306391598e-05 -5.3297346464371564e-05 0.0010974368810642509 3.8654519656322608e-06 -4.1391596336426417e-05 9.1931546573076344e-06 0.00018456471575671485 -0.0011777406530246932 0.013142389066726287 -1.0249319622089859e-05
leaf_weight=34 23 24 23 15.999999999999998 31 31 15.999999999999998 33 19 573 18 18 34 311
leaf_count=34 23 24 23 16 31 31 16 33 19 573 18 18 34 311
internal_value=-9.95851e-05 0.000816327 -0.00542373 -0.00720779 -0.00458015 -0.00678261 0.00119403 -0.0103571 -0.00566038 0.000970677 0.00792453 0.000576307 0.00792453 0.000135593
internal_weight=1204 1028 176 153 130 114 1004 83 52 988 52 936 52 884
internal_count=1204 1028 176 153 130 114 1004 83 52 988 52 936 52 884
is_linear=0
shrinkage=0.03


Tree=491
num_leaves=15
num_cat=0
split_feature=23 23 31 36 11 5 23 38 0 24 0 40 51 11
split_gain=3.01489 6.13319 5.4163 5.15763 4.63415 5.60752 4.34884 4.6777 6.13534 7.26117 12.4048 5.67622 5.28938 4.3439
threshold=7.6377213911564281 7.7468370982595651 19.500000000000004 8.8538633513392337 0.16446670756761328 3.0670683049004062 7.4506245741076542 0.066104441776710696 7.5000000000000009 0.40068697729988056 5.0000000000000009 0.65051499783199074 4.3722305065935592 0.14472683060034899
decision_type=2 2 2 2 2 2 2 2 2 2 2 2 2 2
left_child=3 -2 -3 6 5 -5 7 8 9 10 -1 -11 -10 -9
right_child=1 2 -4 4 -6 -7 -8 13 12 11 -12 -13 -14 -15
leaf_value=-0.0005431825325360062 -0.00011592946017819017 -7.3007142816017278e-06 0.00018929031582087585 -2.2378253515898393e-05 0.00032799689475267787 4.7469601847333061e-06 -0.0011727430943391192 3.2068211760899464e-05 -0.00020400220329277907 -0.00089721373979204653 0.0069969912691335455 -2.2528445135844289e-06 -3.1269271567003763e-05 -1.1189944769260385e-06
leaf_weight=31 27 248 24 17 19 100 22 219 25 31 35 112 15.999999999999998 256
leaf_count=31 27 248 24 17 19 100 22 219 25 31 35 112 16 256
internal_value=-0.000101437 -0.0027 -0.00131868 0.000780543 0.00613139 0.00381356 -0.000200535 0.000206612 -0.00310757 -0.001 0.00716418 -0.00479167 -0.0135714 0.00195378
internal_weight=1182 299 272 883 136 117 747 725 250 209 66 143 41 475
internal_count=1182 299 272 883 136 117 747 725 250 209 66 143 41 475
is_linear=0
shrinkage=0.03


Tree=492
num_leaves=15
num_cat=0
split_feature=23 33 23 37 8 39 33 42 9 11 42 11 34 38
split_gain=3.69535 9.26229 5.19754 4.71077 5.43861 4.22372 4.07524 4.1661 6.11256 6.13541 5.53662 6.64522 4.24063 3.98699
threshold=7.6765526113257794 8.8498533566838677 10.059384870907223 1.9867486543660318 1.6074219240238492 40.750000000000007 8.2922375732526188 7.559964235332135 0.72955223103325684 0.24399424249132834 6.303966143635332 0.043753053225703893 0.90279336070960847 0.073905723905723919
decision_type=2 2 2 2 2 2 2 2 2 2 2 2 2 2
left_child=1 3 5 13 -5 -2 7 8 10 -10 -6 -12 -9 -1
right_child=2 -3 -4 4 6 -7 -8 12 9 -11 11 -13 -14 -15
leaf_value=-3.312195741105306e-06 -1.0129199765591678e-05 0.0010068579315703984 8.1979133956604499e-05 -0.0012721822241050667 -0.00042771495318804194 5.2769449666141828e-05 8.0460917967424268e-05 -0.00016596792991221133 -0.0013435913559214029 0.00018684843178327025 1.9442686583371894e-05 0.00011478049578867332 -0.0028512640727159132 1.1248647335007078e-05
leaf_weight=252 231 23 14.999999999999998 24 17 42 17 80 30 15.999999999999998 29 25 29 385
leaf_count=252 231 23 15 24 17 42 17 80 30 16 29 25 29 385
internal_value=-0.000567434 0.000355603 -0.00352941 -0.000132597 -0.00347015 -0.00448905 -0.00209016 -0.00317181 0.000762712 -0.00765957 0.00625 0.0109091 -0.00736364 0.00126959
internal_weight=1215 927 288 904 267 273 243 226 117 46 71 54 109 637
internal_count=1215 927 288 904 267 273 243 226 117 46 71 54 109 637
is_linear=0
shrinkage=0.03


Tree=493
num_leaves=15
num_cat=0
split_feature=19 19 3 4 31 34 12 11 16 22 23 14 19 37
split_gain=4.38479 8.0686 5.91761 5.63717 7.01942 4.5903 5.31229 4.37861 4.9229 3.59803 5.91573 4.42368 3.69502 3.55478
threshold=0.047728504306278445 0.055130075370775598 2.5421665739796766 4.6138200027019414 1.5000000000000002 0.74342105263157909 0.16440070242957763 0.26507849978678932 0.26875000000000004 11.505081690260374 6.4211812330168581 0.38398462825984686 0.57437407952871877 2.3831878313869219
decision_type=2 2 2 2 2 2 2 2 2 2 2 2 2 2
left_child=2 -2 -1 4 -4 7 9 8 -3 10 12 -11 -7 -8
right_child=1 5 3 -5 -6 6 13 -9 -10 11 -12 -13 -14 -15
leaf_value=-0.00014476637974077881 0.00020209979249963484 8.9921637406319412e-05 -2.7083491380186508e-05 -0.00042693815320775207 0.00032003308102362846 -1.2702689957845778e-05 -9.129980047877239e-06 -0.00058714021717990556 -3.2112937013349385e-05 -4.3235299698221042e-05 2.3711228983065433e-05 3.1314817682925876e-06 2.9575092342488813e-05 1.7644775256674404e-05
leaf_weight=50 15.999999999999998 189 107 53 18 41 387 27 40 18 109 19 30 74
leaf_count=50 16 189 107 53 18 41 387 27 40 18 109 19 30 74
internal_value=-0.000203562 0.000694006 -0.00393013 -0.00134078 0.00214286 0.000320856 -0.000972018 0.00373541 0.00508696 0.00288991 0.00464088 -0.00552632 -0.00208333 -0.00279221
internal_weight=1178 950 228 178 125 934 678 256 229 217 180 37 71 461
internal_count=1178 950 228 178 125 934 678 256 229 217 180 37 71 461
is_linear=0
shrinkage=0.03


Tree=494
num_leaves=15
num_cat=0
split_feature=17 24 17 37 39 42 27 24 42 37 34 16 34 34
split_gain=2.7391 5.73169 3.73684 3.2843 6.5998 3.7605 7.58064 8.32368 6.93628 6.57393 5.59603 4.99799 4.2923 10.7285
threshold=2.8943381180223291 0.82949502552669785 2.8361111111111117 1.8603276782758624 3.175109443402127 8.7315597453869476 24.500000000000004 0.91443794486195895 8.3509947212550362 1.8807759942820912 0.64901209537532167 0.27605381797934531 1.1278596128017031 6.2168750000000008
decision_type=2 2 2 2 2 2 2 2 2 2 2 2 2 2
left_child=2 -2 -1 4 -3 8 7 -7 9 -5 11 -9 -11 -14
right_child=1 3 -4 5 -6 6 -8 10 -10 12 -12 -13 13 -15
leaf_value=1.6023643134581712e-05 -3.2007271670730366e-05 -4.675141097587598e-08 4.1734715440872036e-05 -3.8882642261395263e-05 4.8559359548222271e-05 0.00012980931082237746 -1.246302983330727e-05 -0.0030193490501505436 -0.00050517085107471883 -8.8509670364083081e-05 8.8104314988151077e-05 0.0015340176945062211 0.0013509296996614306 1.0560122655522973e-06
leaf_weight=289 180 83 14.999999999999998 27 51 30 50 35 73 107 24 15.999999999999998 28 178
leaf_count=289 180 83 15 27 51 30 50 35 73 107 24 16 28 178
internal_value=0.000303286 -0.000543601 0.0027541 0.000682788 0.00488889 -0.000316344 0.00365385 0.00820755 -0.00181159 0 0.00276316 -0.00288462 0.00124204 0.00376812
internal_weight=1186 882 304 702 134 568 155 105 413 340 75 51 313 206
internal_count=1186 882 304 702 134 568 155 105 413 340 75 51 313 206
is_linear=0
shrinkage=0.03


Tree=495
num_leaves=15
num_cat=0
split_feature=34 5 23 4 3 42 14 31 8 23 30 42 42 23
split_gain=3.72917 5.64364 3.55184 3.9334 4.37559 3.66086 3.73754 6.06531 4.48146 6.16159 5.74749 4.66197 5.04459 6.10887
threshold=16.23686889147719 3.3968709975830915 10.059384870907223 4.7962430202038879 4.8130212227821483 10.199129736871194 0.39981645549779776 16.500000000000004 2.2000271056374374 2.6314390273411532 0.23478760045924227 8.3509947212550362 6.9027814505613252 4.8147967681297787
decision_type=2 2 2 2 2 2 2 2 2 2 2 2 2 2
left_child=2 -2 3 4 5 6 -1 8 9 10 -8 12 -10 -14
right_child=1 -3 -4 -5 -6 -7 7 -9 11 -11 -12 -13 13 -15
leaf_value=-1.1493399738071731e-06 -0.00019005260111338738 -4.3642785444719665e-07 0.00034309439690194399 -9.1570854327005508e-05 0.00023800507540892022 -0.00025393890679922034 0.0003124482458046279 0.0001020334038720172 0.00031552824200116166 -1.9163944184316939e-05 -1.5760026020537055e-05 0.0042538263228519809 0.00017097434871846893 -0.0050493088045289909
leaf_weight=609 25 115 15.999999999999998 56 20 37 50 19 18 146 22 21 15.000000000000002 14.999999999999998
leaf_count=609 25 115 16 56 20 37 50 19 18 146 22 21 15 15
internal_value=-0.000101266 -0.00468085 0.000516746 0.000291545 0.000739979 0.000440714 0.000818777 0.00351792 0.00239583 0.000273973 0.00739726 0.009 0.00367347 -0.00387097
internal_weight=1184 140 1044 1028 972 952 915 306 287 218 72 69 48 30
internal_count=1184 140 1044 1028 972 952 915 306 287 218 72 69 48 30
is_linear=0
shrinkage=0.03


Tree=496
num_leaves=15
num_cat=0
split_feature=23 23 23 23 33 4 34 20 28 34 36 22 37 33
split_gain=7.92464 6.59287 6.84196 5.22902 3.22939 7.03734 6.09892 6.20536 5.11886 4.85679 4.44448 8.40274 5.92941 5.76043
threshold=7.6377213911564281 7.5696881880266238 7.5327767332932707 7.7468370982595651 8.258943287146705 3.6724387345543881 16.040817727331191 2.4424542970813041 21.500000000000004 12.063836837294334 3.1013592405882213 10.236526045880792 3.2977075435781216 5.5766545311061426
decision_type=2 2 2 2 2 2 2 2 2 2 2 2 2 2
left_child=1 2 4 -2 6 -6 8 -8 10 -7 -1 13 -13 -12
right_child=3 -3 -4 -5 5 9 7 -9 -10 -11 11 12 -14 -15
leaf_value=2.1715192110446923e-05 -0.00011605631630318802 3.1816250255036761e-05 -0.0001033584837574275 -8.6044366581972112e-06 0.0004462813792035655 -7.4968618023524278e-06 -0.00019380881418444045 -2.9332452161356936e-07 8.1566822679549902e-05 2.9927139980400752e-05 -0.00078436399397616369 0.016843268785223138 -0.00042658813001590298 1.7074071523093259e-06
leaf_weight=279 29 41 17 270 27 42 20 27 18 18 186 15.999999999999998 18 175
leaf_count=279 29 41 17 270 27 42 20 27 18 18 186 16 18 175
internal_value=-0.000886824 0.000542373 -3.5545e-05 -0.0051 0.000362757 0.00579545 -0.000283784 -0.010625 0.0004329 0 0 -0.00204545 0.012 -0.00339779
internal_weight=1183 884 843 299 826 87 739 47 692 60 674 395 34 361
internal_count=1183 884 843 299 826 87 739 47 692 60 674 395 34 361
is_linear=0
shrinkage=0.03


Tree=497
num_leaves=15
num_cat=0
split_feature=41 22 8 1 19 5 20 51 51 20 51 23 9 41
split_gain=3.0442 5.63078 5.06442 2.97984 2.94224 4.82498 3.38899 3.231 3.54596 2.93092 2.87831 6.6636 2.61619 2.05763
threshold=10.157174693333596 13.835096062525601 4.7006429993020102 2.105506845301913 0.5803225806451614 2.7079955381163248 4.3986918902171537 4.8330769242270994 5.1582026099593028 4.5296535042597768 7.0458859258013433 9.0402667237798209 1.7049533119607647 6.5461762987559462
decision_type=2 2 2 2 2 2 2 2 2 2 2 2 2 2
left_child=1 2 4 -3 6 13 12 -7 -9 -8 -4 -12 -1 -6
right_child=-2 3 10 -5 5 7 9 8 -10 -11 11 -13 -14 -15
leaf_value=-3.6590706683861663e-06 -0.000525660334480218 0.00059357986441240125 -0.00034497484635095162 6.7875744908549865e-05 5.993803682473597e-06 0.00070157912099357619 0.0015856085402415898 -3.1150205358764226e-05 3.9721780650868175e-05 7.2554091640342208e-06 0.0034928161655683309 -0.0015188117731301321 -0.00050061441660876227 -0.00083600275014129085
leaf_weight=840 21 15 19 15 147 15.999999999999998 14.999999999999998 15.000000000000002 15.999999999999998 22 15.000000000000002 15.999999999999998 21 18
leaf_count=840 21 15 19 15 147 16 15 15 16 22 15 16 21 18
internal_value=-0.00121287 -0.00100756 -0.00134367 0.0116129 -0.000918092 0.00225352 -0.00166852 0.010625 0.0046875 0.00710526 -0.0105882 -0.0046875 -0.00205336 -0.000180723
internal_weight=1211 1190 1160 30 1110 212 898 47 31 37 50 31 861 165
internal_count=1211 1190 1160 30 1110 212 898 47 31 37 50 31 861 165
is_linear=0
shrinkage=0.03


Tree=498
num_leaves=15
num_cat=0
split_feature=33 22 43 49 3 12 7 9 29 39 34 13 22 17
split_gain=3.06668 3.87828 3.02157 4.39951 3.43605 3.6955 3.84161 3.09016 3.73364 4.76658 3.59657 5.45841 3.91634 4.67786
threshold=11.543653021082804 13.835096062525601 1.4911356165197844 0.88907562519182193 4.5042530268910328 0.27178030303030304 1.5249964284600714 1.4842523886378312 12.469583333333334 3.2552945706584526 0.41875000000000007 0.6913288318353864 11.54912393278568 2.7879215712957297
decision_type=2 2 2 2 2 2 2 2 2 2 2 2 2 2
left_child=1 2 3 7 5 -4 -7 10 9 -9 12 -12 13 -1
right_child=-2 -3 4 -5 -6 6 -8 8 -10 -11 11 -13 -14 -15
leaf_value=0.00036525968081395105 -1.9902705497989449e-05 0.00061015795289864005 -0.00016887831244897898 0.00063066077095146218 -0.00033955384861103608 -0.00012130187382678236 1.8081252467362363e-05 7.359224021392385e-06 2.2042768245356113e-07 2.7842332706007054e-05 -3.224437240716138e-06 -0.00060325465187391792 0.012177991968520079 -6.0311101969628968e-06
leaf_weight=35 58 15.999999999999998 30 30 26 21 174 44 105 18 476 31 18 120
leaf_count=35 58 16 30 30 26 21 174 44 105 18 476 31 18 120
internal_value=-0.000448878 -0.000104803 -0.000318866 0.000512528 -0.00321429 -0.00199115 -0.000459184 0.000106132 0.00375 0.00952381 -0.000792952 -0.00206693 0.00293103 0.00134615
internal_weight=1202 1144 1128 877 251 225 195 847 167 62 680 507 173 155
internal_count=1202 1144 1128 877 251 225 195 847 167 62 680 507 173 155
is_linear=0
shrinkage=0.03


Tree=499
num_leaves=15
num_cat=0
split_feature=39 29 36 22 22 4 20 37 37 22 22 24 24 24
split_gain=4.58011 2.70543 6.49425 3.76916 9.05679 2.89347 4.9221 3.95604 4.61708 3.75489 3.52447 2.54629 5.03289 5.61579
threshold=0.90625000000000011 13.495614035087721 9.7087018060519767 13.835096062525601 12.325878917778089 5.5174996593818806 4.5803657245460654 2.3831878313869219 2.2764374868921138 11.360203711742528 10.066548071303346 0.86996585739666932 0.89751769553963379 0.91141384179866136
decision_type=2 2 2 2 2 2 2 2 2 2 2 2 2 2
left_child=-1 3 -3 4 5 6 7 8 11 10 -9 -2 -13 -14
right_child=1 2 -4 -5 -6 -7 -8 9 -10 -11 -12 12 13 -15
leaf_value=-0.00038981665123274164 -3.7133262148891789e-06 -0.00011992419956898314 2.6847395277694862e-05 5.6431224767075072e-05 -0.00099972932217405651 7.620363229058125e-05 -0.00029170520233398275 7.5241339313553702e-05 -0.00059822613207996869 -7.1359522035855942e-05 0.00087166282570459491 4.5795244293270899e-05 -1.2664630395091691e-05 1.1953212936942348e-05
leaf_weight=14.999999999999998 477 42 36 28 37 22 23 96 23 25 21 42 49 255
leaf_count=15 477 42 36 28 37 22 23 96 23 25 21 42 49 255
internal_value=-0.000931208 -0.000713679 -0.00607595 -0.000327571 -0.000616246 -8.70406e-05 -0.000326087 0 -0.000779221 0.00461538 0.00686441 -0.000400485 0.0015562 0.000196721
internal_weight=1191 1176 78 1098 1070 1033 1011 988 846 142 117 823 346 304
internal_count=1191 1176 78 1098 1070 1033 1011 988 846 142 117 823 346 304
is_linear=0
shrinkage=0.03


Tree=500
num_leaves=15
num_cat=0
split_feature=22 10 6 14 22 29 11 9 23 38 24 9 24 25
split_gain=3.52159 5.40143 5.30083 4.55409 7.39785 6.41359 6.15779 6.00836 4.31034 4.17548 4.67753 4.40932 4.22464 4.12797
threshold=9.4857735215633276 0.73232917071210968 1.7596514246177146 0.38317492250395752 11.988708730188684 2.0151515151515156 0.054035499681517621 0.34154366264276681 8.1709688440659622 0.57736044713160861 0.91141384179866136 1.5082102073087305 0.87083633958633977 63.500000000000007
decision_type=2 2 2 2 2 2 2 2 2 2 2 2 2 2
left_child=2 3 -1 5 6 7 -5 -2 -7 10 11 -6 -13 -9
right_child=1 -3 -4 4 9 8 -8 13 -10 -11 -12 12 -14 -15
leaf_value=-5.399618844947884e-07 0.00011701297002340905 0.0089099057221601764 6.3098001591977985e-05 4.6084930139256294e-05 3.4945289395109654e-05 0.00035842848950000226 -5.9446002840912726e-05 -0.00060943777810407878 -8.3994178673663095e-07 0.0033899390853840581 -0.0076774354283778807 -1.9583781298766476e-05 0.00011337424214405534 -0.00080288003051489862
leaf_weight=737 21 27 31 20 20 35 95 30 80 14.999999999999998 15.999999999999998 30 15.999999999999998 35
leaf_count=737 21 27 31 20 20 35 95 30 80 15 16 30 16 35
internal_value=-0.000992556 -0.00312925 0.00023407 -0.00398551 -0.00704225 -0.000742574 -0.0121552 -0.00689655 0.00387931 -0.000918367 -0.00361446 0 -0.00510638 -0.0113636
internal_weight=1208 440 768 413 212 201 115 86 115 97 82 66 46 65
internal_count=1208 440 768 413 212 201 115 86 115 97 82 66 46 65
is_linear=0
shrinkage=0.03


Tree=501
num_leaves=15
num_cat=0
split_feature=37 29 10 10 22 22 42 22 36 37 22 10 14 10
split_gain=5.10466 5.34928 4.65485 4.39233 4.77629 5.70337 4.84371 4.37851 4.36205 4.50597 5.37139 3.85333 6.15158 3.08063
threshold=2.4090865443215725 13.591269841269844 0.50291828793774329 0.3597410548192071 10.740375250594774 10.215582485549353 8.3746913477797111 8.4011899779120007 9.6588871445210902 2.1489458820773275 11.54912393278568 0.65305816937553474 0.38162727054954176 0.72887157253339596
decision_type=2 2 2 2 2 2 2 2 2 2 2 2 2 2
left_child=1 8 3 4 5 7 -6 -2 9 10 13 -10 -13 -1
right_child=2 -3 -4 -5 6 -7 -8 -9 11 -11 -12 12 -14 -15
leaf_value=-1.9451319257457466e-07 0.0010495345665576506 -0.0011359052735914342 0.00011908284292558634 -0.0011373278544616172 -0.0025764366392233857 0.0015187849393890128 4.5400531752872731e-05 -4.2785445045895318e-06 -0.00072265855237212183 -0.00062850629197940824 0.0021410817570615714 1.6178650416838193e-05 -1.2535344686246396e-05 -0.00017727348461065993
leaf_weight=646 14.999999999999998 17 43 23 18 18 71 48 18 62 23 14.999999999999998 136 56
leaf_count=646 15 17 43 23 18 18 71 48 18 62 23 15 136 56
internal_value=-0.00116529 -0.00212526 0.00278481 0.000773196 0.00245614 0.00768293 -0.00233333 0.00328125 -0.00181818 -0.000875635 -0.000206612 -0.00617647 -0.00453947 -0.000682788
internal_weight=1209 973 236 193 170 81 89 63 956 787 725 169 151 702
internal_count=1209 973 236 193 170 81 89 63 956 787 725 169 151 702
is_linear=0
shrinkage=0.03


Tree=502
num_leaves=15
num_cat=0
split_feature=41 51 7 36 6 13 23 29 23 36 43 12 13 51
split_gain=6.58524 4.87843 5.18888 4.62403 4.97893 4.87278 5.42047 3.94562 4.31621 5.83299 5.28 3.87866 8.13315 6.58824
threshold=9.8909795216782701 7.2921937034962161 5.0326707473413359 7.7260496992463201 2.1105375083058608 0.5825373039959536 7.5959388289017822 11.532608695652176 6.5735770391047712 4.9388833484000365 1.2172844520170996 0.50602722630390184 0.5808260125908995 5.6144319665321163
decision_type=2 2 2 2 2 2 2 2 2 2 2 2 2 2
left_child=1 2 3 4 7 -5 -7 8 -1 10 -10 12 13 -2
right_child=11 -3 -4 5 -6 6 -8 -9 9 -11 -12 -13 -14 -15
leaf_value=-3.5408461304954616e-06 0.00049778618886594074 0.0034295755145185101 -0.00029706883765728831 1.597392474927961e-06 0.00013028868283276095 5.6867001172409279e-05 -2.5103491208267048e-06 -7.9971734560632112e-05 0.002650694357829182 -0.0025209111624650655 -0.00053358965889978066 -0.0005693524462314103 -1.5049561645379406e-05 -1.9496627062438596e-05
leaf_weight=562 15.999999999999998 20 36 256 31 27 14.999999999999998 23 21 28 30 14.999999999999998 111 17
leaf_count=562 16 20 36 256 31 27 15 23 21 28 30 15 111 17
internal_value=-0.0008933 -2.85714e-05 -0.000320388 9.05433e-05 -0.00125 0.0032107 0.0125581 -0.00180451 -0.00135514 -0.007875 -0.00173077 -0.0065625 -0.00496552 0.00794118
internal_weight=1208 1049 1029 993 695 298 42 664 641 79 51 159 144 33
internal_count=1208 1049 1029 993 695 298 42 664 641 79 51 159 144 33
is_linear=0
shrinkage=0.03


Tree=503
num_leaves=15
num_cat=0
split_feature=33 8 34 28 36 3 38 9 9 36 36 36 34 33
split_gain=3.9404 5.54235 4.74085 7.21196 5.95131 4.05646 3.58498 3.93324 3.38537 4.69312 5.18596 4.41758 5.0382 3.13126
threshold=10.280837340614992 2.0863014656049303 16.00515012053474 12.500000000000002 3.2857822155436245 6.045179705448029 0.02774588595484118 0.49150087689346228 1.5278312352712875 11.502421368268589 11.859382927076071 12.076797215045532 14.132999985234937 5.4385775615345713
decision_type=2 2 2 2 2 2 2 2 2 2 2 2 2 2
left_child=1 2 3 4 6 -3 -1 -8 9 -2 -11 -12 -13 -6
right_child=8 5 -4 -5 13 -7 7 -9 -10 10 11 12 -14 -15
leaf_value=-0.00010168645906260376 -0.00065658456490586209 5.2486929830664047e-06 -0.00013854697195178205 9.9046071397611009e-05 -0.0011424719064068356 0.0018132818000622653 -1.2810014190440811e-05 0.00010523237957767883 4.4907409677379384e-05 1.8048934960934737e-05 -6.3399460777042722e-05 1.7853783159722525e-05 -1.0390789843057746e-05 -5.5052519341597939e-05
leaf_weight=18 19 583 22 26 74 18 119 102 23 21 25 31 73 33
leaf_count=18 19 583 22 26 74 18 119 102 23 21 25 31 73 33
internal_value=-0.000429293 0.000331325 -0.00243038 -0.00160858 -0.00276657 0.00214286 -0.000125 0.000945946 -0.00435233 -0.00582353 -0.00397351 -0.00623077 -0.00342857 -0.00861111
internal_weight=1187 995 394 372 346 601 239 221 192 169 150 129 104 107
internal_count=1187 995 394 372 346 601 239 221 192 169 150 129 104 107
is_linear=0
shrinkage=0.03


Tree=504
num_leaves=15
num_cat=0
split_feature=31 27 12 36 13 23 39 21 40 37 27 28 13 24
split_gain=4.80807 5.26517 8.11858 4.67549 8.18406 5.51573 7.35927 5.65549 4.80556 6.50794 4.45415 6.18123 8.29632 5.23442
threshold=19.500000000000004 22.500000000000004 0.16482896412684236 6.4276906595588299 0.58117857712393362 6.5735770391047712 5.2700854700854718 2.5292419544690108 2.102059991327963 2.6941642978837144 6.5000000000000009 11.500000000000002 0.21164605841838866 0.99488691326139012
decision_type=2 2 2 2 2 2 2 2 2 2 2 2 2 2
left_child=1 3 -3 5 10 -1 -7 -8 9 -9 -5 -12 -13 -14
right_child=-2 2 -4 4 -6 6 7 8 -10 -11 11 12 13 -15
leaf_value=-7.2850383359412268e-06 1.8116714525443222e-05 -9.1066165505804256e-07 -0.00022157565743408989 0.00092989703036612721 -2.5794936031364733e-06 0.00031281474416330776 -0.0029232222880355829 -0.00072748399106109529 -0.0051613910182973051 0.002149081308055125 -7.2168682795283872e-05 0.00023635612860556764 3.9371726972753927e-05 -0.00059276324421779134
leaf_weight=475 112 71 22 34 276 21 21 24 15.999999999999998 17 25 14.999999999999998 44 18
leaf_count=475 112 71 22 34 276 21 21 24 16 17 25 15 44 18
internal_value=-0.000578859 -0.00119444 -0.00797872 -0.000547112 0.00188862 -0.00229565 -0.0087 -0.0129114 -0.00775862 -0.00214286 0.00788321 0.00466019 0.00884615 0.00380952
internal_weight=1191 1079 93 986 412 574 99 78 57 41 136 102 77 62
internal_count=1191 1079 93 986 412 574 99 78 57 41 136 102 77 62
is_linear=0
shrinkage=0.03


Tree=505
num_leaves=15
num_cat=0
split_feature=23 23 36 29 10 14 11 11 11 29 11 24 24 42
split_gain=3.63146 7.97628 6.61901 5.70483 5.395 4.78933 4.40433 5.96726 7.53423 4.87688 4.86103 4.32041 5.90204 4.28275
threshold=6.5735770391047712 6.4380652979264861 7.9844925405177447 13.437370062370062 0.038047377705469447 0.38539985206248306 0.034868142922753143 0.066286969794640174 0.11822477706924511 11.688020351526367 0.11984256033915182 0.79980506822612096 0.71855760357011933 6.6614007299384701
decision_type=2 2 2 2 2 2 2 2 2 2 2 2 2 2
left_child=1 2 3 11 -2 -3 -6 -8 9 -9 -10 12 -1 -13
right_child=4 5 -4 -5 6 -7 7 8 10 -11 -12 13 -14 -15
leaf_value=-1.5986406550625443e-05 -0.00091789787787354186 -5.3725332945420144e-06 0.00030336697984104208 -0.00012073136623921732 0.00076242516802981462 0.0001058104518711922 -0.00032115293248002191 5.9762364925388662e-05 -4.7178194186301426e-05 -7.3304326148293521e-06 -1.9512666002075017e-06 0.00050945160100858921 -0.0006997272622953246 9.0940697623849435e-06
leaf_weight=260 50 17 22 19 32 39 32 42 17 28 314 29 14.999999999999998 280
leaf_count=260 50 17 22 19 32 39 32 42 17 28 314 29 15 280
internal_value=-0.000601504 0.000835777 -0.00014377 -0.000745033 -0.0025 0.0115789 -0.00148069 -0.00228111 -0.00126866 0.00760563 -0.00316265 -0.000205128 -0.00293478 0.00222581
internal_weight=1196 681 625 603 515 56 465 433 401 70 331 584 275 309
internal_count=1196 681 625 603 515 56 465 433 401 70 331 584 275 309
is_linear=0
shrinkage=0.03


Tree=506
num_leaves=15
num_cat=0
split_feature=17 42 13 42 8 11 37 19 34 22 51 29 12 39
split_gain=5.42751 4.55366 7.40107 5.16995 5.83498 5.62317 8.88334 6.10711 6.38076 4.56526 5.56178 6.93706 4.41097 8.5338
threshold=85.831387798223076 10.483797810117629 0.14202095550189722 8.2993294544433525 1.0206963425791129 0.28416004954363944 3.0478315076590747 0.054428109867366049 2.870833333333334 13.675376409990834 5.533209756481491 13.437370062370062 0.6471814671814673 4.8220588235294128
decision_type=2 2 2 2 2 2 2 2 2 2 2 2 2 2
left_child=1 3 -3 4 -1 6 7 8 -6 10 12 -12 13 -5
right_child=-2 2 -4 9 5 -7 -8 -9 -10 -11 11 -13 -14 -15
leaf_value=-4.9314669917904715e-05 -0.0010207535178062988 0.00075932443478939678 -0.00024973092456490595 -5.1201909846643189e-07 4.7101498705773497e-05 0.008495647187400741 -0.00029705111604080067 3.4720578768668296e-06 0.0028762971438822025 0.00039423792693231262 -0.0020507263536565547 -7.6254626815597246e-07 0.00055039688935948686 -0.00068894988294173395
leaf_weight=73 29 15.999999999999998 15.999999999999998 197 50 23 14.999999999999998 556 18 17 50 49 55 34
leaf_count=73 29 16 16 197 50 23 15 556 18 17 50 49 55 34
internal_value=-0.000400334 -7.69231e-05 0.0109091 -0.000395431 0.00110054 0.00199095 0.00145312 0.002016 0.0104348 -0.00312655 -0.00380829 -0.0099 -0.00167247 -0.00349138
internal_weight=1198 1169 32 1137 735 662 639 624 68 402 385 99 286 231
internal_count=1198 1169 32 1137 735 662 639 624 68 402 385 99 286 231
is_linear=0
shrinkage=0.03


Tree=507
num_leaves=15
num_cat=0
split_feature=7 39 0 37 30 13 24 24 24 11 28 41 19 24
split_gain=4.19611 7.38932 6.12516 8.10185 4.91384 7.47932 4.98232 6.1515 5.79089 4.19893 4.05952 3.97829 3.43325 4.18499
threshold=1.6811469689821157 1.8848684210526316 5.0000000000000009 0.87409401350310023 0.97726098191214483 0.58293061793853307 0.99991029935661224 0.99978927444947541 0.99955893150725361 0.15904325082116602 1.0000000180025095e-35 10.144762901471962 0.56451061752501841 0.91932952438093174
decision_type=2 2 2 2 2 2 2 2 2 2 2 2 2 2
left_child=1 2 -1 -4 6 12 7 8 11 10 -3 -2 -6 -14
right_child=4 9 3 -5 5 -7 -8 -9 -10 -11 -12 -13 13 -15
leaf_value=0.00023216880923699999 1.9293713554230927e-05 3.7577608964733941e-05 -0.00043072998581954121 9.7533416679972389e-05 -1.0164574125890585e-06 9.1161078373181429e-05 -0.00071415669477978608 0.0020704929891664347 -0.0027738387605531932 -0.00014555209597475472 -0.00045601542162306826 -1.6879359010713023e-05 -2.1601271468120741e-05 -2.8437351296262126e-08
leaf_weight=37 634 26 26 27 122 27 21 14.999999999999998 17 86 27 17 86 40
leaf_count=37 634 26 26 27 122 27 21 15 17 86 27 17 86 40
internal_value=-0.000397022 -0.00404348 0.00263736 -0.00388889 0.000459184 -0.00293478 0.00178723 0.00223684 0.00179372 -0.00835714 -0.00166667 0.0022546 -0.00457831 -0.0080315
internal_weight=1208 229 90 53 979 275 704 683 668 139 53 651 248 126
internal_count=1208 229 90 53 979 275 704 683 668 139 53 651 248 126
is_linear=0
shrinkage=0.03


Tree=508
num_leaves=15
num_cat=0
split_feature=42 34 9 3 19 19 34 17 18 33 13 35 8 24
split_gain=4.79646 5.51301 5.65272 4.8679 4.70021 6.6118 6.1115 4.80193 5.67522 4.61451 6.16719 4.35757 4.24994 3.90825
threshold=7.7376447404344288 15.973206301162554 0.3259766438530336 4.2695492516457296 0.28678517883915189 0.54527027027027042 1.8009182059508608 21.825640418905717 1.4842414742769676 11.51418330446063 0.58051331787451554 0.93775640773159397 1.6074219240238492 0.24038461538461542
decision_type=2 2 2 2 2 2 2 2 2 2 2 2 2 2
left_child=1 2 -1 -3 6 -6 7 8 -4 11 -11 -2 -8 -7
right_child=9 3 4 -5 5 13 12 -9 -10 10 -12 -13 -14 -15
leaf_value=-0.0002277604669506794 -1.2610960593921749e-05 -7.3274522927869453e-05 -4.8077309620170317e-05 6.7767437660234963e-06 0.00016008862088269667 4.1878106020855067e-05 -8.0915177508368431e-05 -0.00057799021092519551 0.00093858636672047185 -9.3234281600755866e-05 2.4087315605596516e-05 2.5840120252036413e-05 0.0017108416910519163 -6.0003450122310394e-06
leaf_weight=49 531 28 97 18 58 107 20 23 21 15.999999999999998 44 23 32 110
leaf_count=49 531 28 97 18 58 107 20 23 21 16 44 23 32 110
internal_value=-0.00109508 0.000904255 0.00179537 -0.00893617 0.0028145 0.00532609 -0.000773196 -0.00401408 -0.00151261 -0.00292683 0.00491803 -0.00378378 0.00792453 0.00288991
internal_weight=1177 563 517 46 468 275 193 141 118 614 60 554 52 217
internal_count=1177 563 517 46 468 275 193 141 118 614 60 554 52 217
is_linear=0
shrinkage=0.03


Tree=509
num_leaves=15
num_cat=0
split_feature=24 34 23 23 24 35 36 4 14 1 14 24 24 34
split_gain=3.60815 2.7981 4.92531 6.18002 3.5353 3.18299 3.80047 5.01351 3.75094 6.21336 6.01202 4.24148 3.6208 3.49033
threshold=0.99994901132937497 15.973206301162554 6.4541939577762575 6.6037393483696887 0.99978927444947541 0.81328950161881008 2.2659182120664325 1.7283348147118789 0.38547099947355551 1.7159230228493627 0.38378862057565738 0.92409607623032985 0.89751769553963379 0.037186758840989674
decision_type=2 2 2 2 2 2 2 2 2 2 2 2 2 2
left_child=1 4 -3 -4 5 6 7 13 10 -10 11 12 -7 -1
right_child=-2 2 3 -5 -6 8 -8 -9 9 -11 -12 -13 -14 -15
leaf_value=-7.0453829888494911e-06 -0.0010382216219631119 -0.00016131576034313352 1.1804356482387201e-05 -7.4211016359204683e-06 0.00017955668682992032 1.081296374861873e-05 -8.3826486629429142e-06 0.00016247971460253029 4.9109759385309314e-05 7.8829461375895531e-06 -2.2409576851951662e-05 4.1805997378918797e-05 -2.995428130526667e-05 0.00011374636845913985
leaf_weight=91 15.999999999999998 26 24 113 21 23 654 31 20 42 36 64 27 32
leaf_count=91 16 26 24 113 21 23 654 31 20 42 36 64 27 32
internal_value=-0.00039312 -0.00019917 -0.00384146 -0.00152174 0.00037428 0.000117532 -0.000741656 0.00348387 0.00338028 0.00952381 0.000794702 0.00417391 -0.00235294 0.000725806
internal_weight=1220 1204 163 137 1041 1020 808 154 212 62 150 114 50 123
internal_count=1220 1204 163 137 1041 1020 808 154 212 62 150 114 50 123
is_linear=0
shrinkage=0.03


Tree=510
num_leaves=15
num_cat=0
split_feature=36 31 25 41 14 37 8 41 20 23 29 17 23 23
split_gain=3.25682 8.17137 6.49621 4.69165 5.76758 8.77408 4.55154 5.69762 4.59488 3.99821 3.83437 5.72029 4.72939 5.24053
threshold=9.5610478230133094 20.500000000000004 26.500000000000004 8.3385829294489167 0.38303175248621152 1.8162286460923622 2.0968961151398995 4.5221449683459349 2.4207735826282772 5.5792316181851573 0.99215686274509818 48.011471191422537 7.5327767332932707 7.5696881880266238
decision_type=2 2 2 2 2 2 2 2 2 2 2 2 2 2
left_child=6 2 3 -2 -5 -6 8 9 -1 -8 -9 12 -12 -14
right_child=1 -3 -4 4 5 -7 7 10 -10 -11 11 -13 13 -15
leaf_value=-5.3815361624931499e-06 -0.00015074225126483485 0.00037090306922502589 -0.0018025588212506214 1.192448594307116e-05 -0.00015681946527960954 -7.9127870417305951e-07 4.1781721166037618e-05 -4.6824393547475469e-05 -0.00043855860148219849 0.00034984808005978447 8.7585771215366307e-06 0.0019516662481549707 -4.6183005260893583e-05 7.8841616999003597e-07
leaf_weight=355 20 20 18 55 24 102 14.999999999999998 192 40 19 260 14.999999999999998 20 53
leaf_count=355 20 20 18 55 24 102 15 192 40 19 260 15 20 53
internal_value=-0.000496278 -0.003625 -0.00531818 -0.00371287 -0.00214286 -0.00566929 0.000278351 0.00198261 -0.00219697 0.0137143 0.00121996 0.00309456 0.00224551 -0.00445946
internal_weight=1208 239 219 201 181 126 969 574 395 34 540 348 333 73
internal_count=1208 239 219 201 181 126 969 574 395 34 540 348 333 73
is_linear=0
shrinkage=0.03


Tree=511
num_leaves=15
num_cat=0
split_feature=34 36 24 22 22 6 31 31 13 36 34 14 14 37
split_gain=4.0609 5.63127 5.25052 6.04678 4.59036 5.36524 4.58529 6.04926 5.83961 4.32122 6.00826 4.24039 5.40478 4.61176
threshold=15.569049029006489 7.7467876049512396 0.99994901132937497 13.835096062525601 12.33850656524446 2.1105375083058608 15.500000000000002 19.500000000000004 0.5814944955291016 9.7324822616087321 18.723094327027123 0.38066766789881529 0.38155660624413751 2.4124532356510566
decision_type=2 2 2 2 2 2 2 2 2 2 2 2 2 2
left_child=2 -2 3 4 5 11 -3 -8 9 10 -9 13 -13 -1
right_child=1 6 -4 -5 -6 -7 7 8 -10 -11 -12 12 -14 -15
leaf_value=-2.6716525698284864e-05 -0.00036576679536071518 2.8909828763712395e-05 -0.0011542249456474019 0.00083939394529342071 -0.00071779577892510326 0.00011618301706602773 -2.315863427375775e-05 2.2203492876676779e-06 9.0007593701704194e-05 9.03250392069399e-05 -0.00017036284794127941 2.4173119500365824e-05 2.8862446153460339e-06 4.7691920938679464e-05
leaf_weight=264 15.999999999999998 19 14.999999999999998 22 32 34 58 17 29 18 19 25 542 88
leaf_count=264 16 19 15 22 32 34 58 17 29 18 19 25 542 88
internal_value=-0.000550459 -0.00474576 0.000175953 0.000446429 9.12779e-05 0.000471698 -0.00298137 -0.00485915 0.000357143 -0.00545455 -0.0113514 3.26087e-05 0.00163732 -0.00254958
internal_weight=1198 176 1022 1007 985 953 160 141 83 54 36 919 567 352
internal_count=1198 176 1022 1007 985 953 160 141 83 54 36 919 567 352
is_linear=0
shrinkage=0.03


Tree=512
num_leaves=15
num_cat=0
split_feature=23 33 23 22 9 10 6 22 30 37 42 26 51 14
split_gain=4.20776 6.48044 4.96253 5.52134 8.05437 3.57866 9.94912 5.55316 4.90944 7.05595 4.13629 2.90909 2.68154 4.45012
threshold=3.8104087904951194 1.9906600866295536 3.3297285724514434 11.157560635475615 1.1823261467382478 0.089722636299370495 1.908352591833258 8.0842717184540458 0.06458333333333334 2.5562421737100993 8.7315597453869476 5.8230662343677642 4.1850146383483819 0.45200399372414785
decision_type=2 2 2 2 2 2 2 2 2 2 2 2 2 2
left_child=2 -2 3 4 -1 7 12 11 10 -10 -9 -3 13 -7
right_child=1 5 -4 -5 -6 6 -8 8 9 -11 -12 -13 -14 -15
leaf_value=8.6159029986077047e-06 -0.00016717523434967241 -0.0017030509310682384 0.00042640256196122884 0.0019668425195697534 -0.0019618140388399695 -9.5424115101514487e-05 0.00028718116451890985 -0.00024078146465614632 -0.0028192112939605008 -6.3228485904243123e-05 0.00052290389261717366 0.00059780340726298868 -1.0397505163417531e-06 -0.00063837865131057762
leaf_weight=245 21 15.999999999999998 33 15.999999999999998 14.999999999999998 49 20 36 20 39 20 15.999999999999998 617 18
leaf_count=245 21 16 33 16 15 49 20 36 20 39 20 16 617 18
internal_value=-0.000583756 -0.00164948 0.00241935 0.00108303 0 -0.00123239 -0.000340426 -0.00547297 -0.00853448 -0.0145 -0.00210526 0.00545455 -0.000963504 -0.00661765
internal_weight=1181 872 309 276 260 851 704 147 115 59 56 32 684 67
internal_count=1181 872 309 276 260 851 704 147 115 59 56 32 684 67
is_linear=0
shrinkage=0.03


Tree=513
num_leaves=15
num_cat=0
split_feature=24 24 51 37 11 38 24 13 24 12 10 0 14 11
split_gain=3.04588 8.75567 6.0216 4.66322 5.08994 3.90785 5.37611 7.08812 5.07183 5.35501 4.37045 4.00713 3.57325 3.56146
threshold=0.67906801233099257 0.77353187081960673 3.3278620725301264 1.8603276782758624 0.12174377428812008 0.0708669221620193 0.96319053287652678 0.582856852294387 0.90431912756493049 0.28044121781966763 0.72580819578827549 7.5000000000000009 0.40015855847121357 0.3162352583225852
decision_type=2 2 2 2 2 2 2 2 2 2 2 2 2 2
left_child=-1 -2 -3 4 -4 6 7 10 11 -10 12 -7 -5 -11
right_child=1 2 3 5 -6 8 -8 -9 9 13 -12 -13 -14 -15
leaf_value=1.3426086384570324e-05 -0.00016833293370020373 -6.9459290120384978e-05 8.2989424560473422e-05 1.1703536365502974e-05 3.6912987716580802e-06 -0.00018980982730732731 -1.3894968420251618e-05 6.2878674202029861e-05 3.9173196919135565e-05 -0.00016099994314848709 -6.3189359829949333e-05 -2.2890355454361355e-05 -1.2458816068516842e-06 0.00026558392776066198
leaf_weight=337 45 27 14.999999999999998 122 166 15.999999999999998 115 30 30 219 14.999999999999998 15.999999999999998 40 24
leaf_count=337 45 27 15 122 166 16 115 30 30 219 15 16 40 24
internal_value=-2.46305e-05 -0.000953462 -0.000251196 0.000222497 0.00445055 -0.00100318 0.00130031 0.00418269 -0.00343137 -0.00208029 0.00185393 -0.0145455 0.00331288 -0.00356557
internal_weight=1217 880 835 808 181 627 322 207 305 273 177 32 162 243
internal_count=1217 880 835 808 181 627 322 207 305 273 177 32 162 243
is_linear=0
shrinkage=0.03


Tree=514
num_leaves=15
num_cat=0
split_feature=36 36 13 13 37 35 31 14 9 3 7 3 20 18
split_gain=3.54895 5.38879 5.63317 6.45187 6.46474 5.12932 3.77223 3.26471 4.19577 2.97868 5.91836 4.46125 6.5172 5.49159
threshold=9.7324822616087321 12.472757833218662 0.58261900391581023 0.58203239204367863 1.735499084830437 0.81269285677337455 23.500000000000004 0.40015855847121357 1.5013805785763361 5.6671280736810994 5.7310370602822198 5.0556399328985906 4.2178391305798737 2.175124009167082
decision_type=2 2 2 2 2 2 2 2 2 2 2 2 2 2
left_child=6 2 3 4 -2 -6 9 8 -7 11 -11 12 13 -1
right_child=1 -3 -4 -5 5 7 -8 -9 -10 10 -12 -13 -14 -15
leaf_value=1.5772270492037109e-06 1.7493955111788084e-05 3.7107734791703702e-05 9.8803481205411712e-06 -4.5201144448895333e-05 -0.0004948527392602697 -2.4451004756285142e-05 -0.00065864491305039853 -1.802975640080806e-05 3.6461453922582711e-05 0.0049938368136624063 -4.3595825701658873e-05 -0.00026720412432323812 0.00059803801650480486 -0.00080388207813936511
leaf_weight=863 22 14.999999999999998 25 30 27 48 18 17 28 17 23 19 23 23
leaf_count=863 22 15 25 30 27 48 18 17 28 17 23 19 23 23
internal_value=-0.000150125 -0.00366197 -0.005 -0.00693642 -0.0041958 -0.00694215 0.000607903 -0.00351064 -0.000779221 0.000866873 0.00878049 0.000516685 0.000824176 0.000405862
internal_weight=1198 212 197 172 142 120 986 93 76 968 40 928 909 886
internal_count=1198 212 197 172 142 120 986 93 76 968 40 928 909 886
is_linear=0
shrinkage=0.03


Tree=515
num_leaves=15
num_cat=0
split_feature=38 30 11 24 24 37 4 22 24 9 17 21 41 11
split_gain=3.31171 8.8666 5.08702 5.99315 4.24059 4.96069 4.89288 10.3606 4.57542 6.68052 3.98167 6.2554 5.36539 4.38755
threshold=0.93217449381327344 0.93063352044907788 0.28754050401478998 0.99098586934673227 0.99464662860648845 2.3831878313869219 4.9690161639641692 9.4477049506566804 0.99034035581168844 0.47534929193153014 2.8943381180223291 2.219641188239911 4.5085692598918206 0.12270557639684794
decision_type=2 2 2 2 2 2 2 2 2 2 2 2 2 2
left_child=4 2 3 -2 5 10 7 -6 9 -7 -1 -12 -13 -14
right_child=1 -3 -4 -5 6 8 -8 -9 -10 -11 11 12 13 -15
leaf_value=9.4788491776470753e-06 3.3720343208101102e-05 0.0015514363933450226 0.0072480370628671097 -0.00059619788312971652 -0.0022977830928828857 -0.0027673604000196029 -0.00040337421625148858 0.00030141970097033623 0.0009995314243463815 3.4380850150984021e-05 -2.6365276822546411e-05 8.1807616594704586e-05 -1.4290396681719829e-05 3.8081829262864851e-06
leaf_weight=264 72 14.999999999999998 37 35 18 20 44 34 14.999999999999998 46 277 14.999999999999998 164 162
leaf_count=264 72 15 37 35 18 20 44 34 15 46 277 15 164 162
internal_value=-0.000836751 0.0031875 0.000827586 -0.0025 -0.0014434 -0.000840249 -0.00742268 -0.00113208 0.00621951 0.00268657 -0.0014949 -0.00281099 -8.77193e-05 -0.000917431
internal_weight=1218 159 144 107 1059 963 96 52 81 66 882 618 341 326
internal_count=1218 159 144 107 1059 963 96 52 81 66 882 618 341 326
is_linear=0
shrinkage=0.03


Tree=516
num_leaves=15
num_cat=0
split_feature=3 3 3 14 49 6 13 51 38 14 5 22 14 22
split_gain=3.59116 3.41186 3.41091 2.85483 4.65867 4.24505 5.80908 4.09265 3.58492 3.51933 3.35882 4.67722 5.48148 3.64765
threshold=5.8135225171878959 6.3105454366578142 5.6671280736810994 0.3913989290495315 1.9667436439243531 1.3004864478433744 0.5808260125908995 5.6048829385259333 0.0078278186274509821 0.56525129696947718 1.3965458000882902 6.7260151005639175 0.029043196225858766 7.242465859806317
decision_type=2 2 2 2 2 2 2 2 2 2 2 2 2 2
left_child=2 -2 3 4 8 6 9 -8 -1 -5 -10 12 -12 -13
right_child=1 -3 -4 5 -6 -7 7 -9 10 -11 11 13 -14 -15
leaf_value=-0.00094640698714520076 -0.00050609776369706875 9.1415765294762245e-05 0.002768676205415683 0.00011458070037490081 0.0061512429277441293 -3.7917767654329633e-05 7.7381472414628233e-06 -1.4657065933004753e-05 3.5960814116118291e-05 -0.001783648655310055 5.7121690425077084e-06 4.4891291300551763e-05 -0.00056823167768312488 -4.812756674564822e-06
leaf_weight=17 23 14.999999999999998 18 90 15.999999999999998 72 233 30 65 18 21 40 32 495
leaf_count=17 23 15 18 90 16 72 233 30 65 18 21 40 32 495
internal_value=-0.000278246 -0.00923077 2.61324e-05 -0.000185841 -0.00139738 0.00168919 0.00298387 0.000568182 -0.00178838 0.00880734 -0.00142202 -0.00213922 -0.0105556 -0.00128731
internal_weight=1185 38 1147 1129 686 443 371 263 670 108 653 588 53 535
internal_count=1185 38 1147 1129 686 443 371 263 670 108 653 588 53 535
is_linear=0
shrinkage=0.03


Tree=517
num_leaves=15
num_cat=0
split_feature=42 5 3 51 27 24 23 20 23 36 5 36 30 14
split_gain=7.20166 6.26586 5.52125 5.28605 5.12784 5.62793 5.67295 4.78557 10.474 4.53455 5.21688 6.17336 5.63251 4.24467
threshold=7.1344629766724639 1.0937603604182318 2.6030579291913845 2.997035777525753 24.500000000000004 0.99993203065517644 10.001200200165357 1.2898917983084053 4.4450208973424754 2.1813825632777135 3.3251047886124616 7.6849310841182499 0.97726098191214483 0.38338485926276772
decision_type=2 2 2 2 2 2 2 2 2 2 2 2 2 2
left_child=3 -2 7 -1 5 6 -4 -3 -9 -5 13 -12 -13 -11
right_child=1 2 4 9 -6 -7 -8 8 -10 10 11 12 -14 -15
leaf_value=-2.4059344582212371e-05 0.00023671120164997115 2.4971978904086978e-06 4.8266358120274684e-07 0.00046220677408954967 -1.2878962117198744e-05 -0.0011708094957934611 0.0003278952924343592 -1.3243337356088625e-05 -0.0012326446851850302 3.6298641657960086e-05 0.0001710506590914787 -7.9490606697893434e-06 3.4552198529491651e-05 -4.5318616235809901e-05
leaf_weight=60 14.999999999999998 14.999999999999998 475 50 146 18 19 44 23 90 25 32 15.999999999999998 133
leaf_count=60 15 15 475 50 146 18 19 44 23 90 25 32 16 133
internal_value=2.58176e-05 -0.00170635 -0.00210526 0.00324324 -0.00118361 0.000233918 0.000848485 -0.00939759 -0.0127941 0.00466859 0.00323232 0.0101351 0.00367347 0.0009375
internal_weight=1161 755 740 406 658 512 494 82 67 346 296 73 48 223
internal_count=1161 755 740 406 658 512 494 82 67 346 296 73 48 223
is_linear=0
shrinkage=0.03


Tree=518
num_leaves=15
num_cat=0
split_feature=39 4 17 17 33 51 23 38 37 37 34 29 13 7
split_gain=2.62524 3.91359 3.5125 4.19845 4.04507 3.19733 4.73995 3.66465 2.65408 4.08051 3.35782 5.76745 4.81973 3.94893
threshold=30.968750000000004 5.5775715961799337 49.567274280265458 32.617239605505894 3.2708029124752733 6.3965735380378552 5.7969670117777792 0.50655191538557698 2.3831878313869219 2.2866447193021022 0.37459001708836343 0.27285166940339362 0.69528686125788663 3.4427176745649448
decision_type=2 2 2 2 2 2 2 2 2 2 2 2 2 2
left_child=2 5 3 8 -4 6 -2 -8 9 10 11 -1 13 -12
right_child=1 -3 4 -5 -6 -7 7 -9 -10 -11 12 -13 -14 -15
leaf_value=1.5782875265263339e-05 0.0014724476714494991 -0.00047846087032630934 -0.00021951440217878463 -0.00020024428818198102 0.0011093014922521731 0.00091308930910329955 9.5602245162362823e-06 -0.00082320295231564256 5.1273922641625334e-05 -0.00049220195973470821 1.0366000981587575e-07 0.00041400343429388029 -0.00051046658577617919 -0.00052590312445794708
leaf_weight=227 25 15.999999999999998 17 29 21 22 17 37 90 19 603 14.999999999999998 26 19
leaf_count=227 25 16 17 29 21 22 17 37 90 19 603 15 26 19
internal_value=-7.60135e-05 -0.00432203 0.000393627 5.8309e-05 0.00923077 -0.00205882 -0.004875 -0.00981818 0.00039 -9.89011e-05 0.00020202 0.00320988 -0.000924499 -0.000385233
internal_weight=1183 117 1066 1028 38 101 79 54 999 909 890 242 648 622
internal_count=1183 117 1066 1028 38 101 79 54 999 909 890 242 648 622
is_linear=0
shrinkage=0.03


Tree=519
num_leaves=15
num_cat=0
split_feature=51 13 3 30 5 51 14 24 13 41 20 22 1 40
split_gain=4.60536 8.57224 5.39351 4.36982 4.64644 3.64037 4.29644 4.80232 3.50591 3.4055 6.1412 6.53003 5.57089 5.75196
threshold=6.5041600841119465 0.28904526528096319 4.8436168971975517 0.97999199679871951 4.302119754761466 5.0820866629813839 0.39523870257935706 1.0000000180025095e-35 0.58261900391581023 4.3219453022307261 2.3136163399242227 11.645058690473428 1.4842414742769676 1.4911356165197844
decision_type=2 2 2 2 2 2 2 2 2 2 2 2 2 2
left_child=2 -2 3 4 9 6 7 -5 -7 -1 11 12 -11 -14
right_child=1 -3 -4 5 -6 8 -8 -9 -10 10 -12 -13 13 -15
leaf_value=-1.1369426116727977e-05 -0.00029043439217195431 0.0010492860922103398 0.00019584166169313909 0.00067626227646240371 -0.00083638039184351864 -1.4600529134237149e-06 -0.0010397817280622245 -2.7665768237083998e-05 3.3092833384849026e-05 0.00016599807867873585 -2.0385867711913973e-07 0.003055095147935157 -4.274183653940611e-06 6.9697117256093392e-05
leaf_weight=136 40 31 42 14.999999999999998 21 154 17 37 17 116 382 14.999999999999998 161 19
leaf_count=136 40 31 42 15 21 154 17 37 17 116 382 15 161 19
internal_value=0.000274086 -0.00708333 0.000741395 0.000329973 0.0013396 -0.00323651 -0.009 -0.0045283 -0.000872093 0.0016988 0.00255043 0.00567308 0.00464646 0.00132597
internal_weight=1203 71 1132 1090 850 240 69 52 171 829 693 311 296 180
internal_count=1203 71 1132 1090 850 240 69 52 171 829 693 311 296 180
is_linear=0
shrinkage=0.03


Tree=520
num_leaves=15
num_cat=0
split_feature=51 7 51 24 36 42 6 9 5 8 14 9 35 36
split_gain=6.93483 4.17904 2.84051 2.66727 2.65328 3.07577 4.75619 4.24807 3.9409 7.30843 5.59067 3.66901 2.90672 5.45504
threshold=6.5041600841119465 4.3529585401029758 7.2921937034962161 0.99811609684003855 1.3883505919942056 8.4254201679570357 1.908352591833258 0.40094054557675124 1.9637621704375146 1.8836521587266368 0.5147186147186148 1.4237483634478802 0.93767745198173702 7.7765541954099549
decision_type=2 2 2 2 2 2 2 2 2 2 2 2 2 2
left_child=1 4 3 -2 -1 6 12 -7 -9 11 -11 -10 -6 -14
right_child=2 -3 -4 -5 5 7 -8 8 9 10 -12 -13 13 -15
leaf_value=-4.9789302670627535e-05 -9.9473588517891011e-05 6.974701535694794e-05 -3.7107112673466778e-05 -0.00019267076868394238 -7.5830811363530873e-08 -0.00011110039689180283 0.00014728459694240802 7.2115520185679345e-05 -0.0012636661544373226 -4.0615898175122567e-06 0.01379320294460952 -4.4776805623104597e-05 -5.2678801842367949e-06 5.7057486069366776e-05
leaf_weight=17 24 34 23 19 682 32 26 14.999999999999998 20 221 14.999999999999998 15.999999999999998 14.999999999999998 56
leaf_count=17 24 34 23 19 682 32 26 15 20 221 15 16 15 56
internal_value=-0.00046875 7.82609e-05 -0.00985075 -0.0143182 -0.000241935 -5.45951e-05 0.000961538 -0.00253125 -0.00135417 -0.0021978 -0.000253165 -0.0145946 0.000517241 0.00625
internal_weight=1215 1149 66 43 1115 1098 779 319 287 272 236 36 753 71
internal_count=1215 1149 66 43 1115 1098 779 319 287 272 236 36 753 71
is_linear=0
shrinkage=0.03


Tree=521
num_leaves=15
num_cat=0
split_feature=39 51 23 51 9 36 11 10 10 42 29 29 27 11
split_gain=6.23647 5.64334 6.16185 4.60098 4.12857 3.07827 3.06205 3.77198 2.82502 5.06761 3.78282 2.67268 4.80034 4.66241
threshold=0.77500000000000013 6.6205135149915657 9.3331840468616232 7.2921937034962161 1.5107578708023099 12.181235323574375 0.22239055811339484 0.73232917071210968 0.42742673992673996 8.4254201679570357 0.84648187633262262 9.2285714285714295 15.500000000000002 0.12270557639684794
decision_type=2 2 2 2 2 2 2 2 2 2 2 2 2 2
left_child=-1 2 5 -3 -4 6 11 8 -8 10 -10 12 -2 -13
right_child=1 3 4 -5 -6 -7 7 -9 9 -11 -12 13 -14 -15
leaf_value=-0.00040651513192223375 -4.6210249922573608e-07 -0.00034623728684730627 3.7597871661547709e-05 0.00039833652768431535 1.400468258764942e-05 -2.7312455580186246e-05 -6.3094237498950713e-06 0.0011282437802367028 -0.00013110296815631694 -0.00084394716315084435 1.9439089671232091e-05 -3.6846076998156562e-06 -0.00010370114442257994 1.622944310102431e-05
leaf_weight=17 587 33 40 26 37 18 43 21 28 20 23 98 31 164
leaf_count=17 587 33 40 26 37 18 43 21 28 20 23 98 31 164
internal_value=-0.000808762 -0.000538462 -5.40054e-05 -0.0095 0.00807692 -0.000667311 -0.000442913 -0.00463235 -0.00678261 -0.0104167 -0.00519231 0.000204313 -0.000872375 0.00273764
internal_weight=1186 1169 1110 59 77 1033 1015 135 114 71 51 880 618 262
internal_count=1186 1169 1110 59 77 1033 1015 135 114 71 51 880 618 262
is_linear=0
shrinkage=0.03


Tree=522
num_leaves=15
num_cat=0
split_feature=36 9 10 51 13 14 24 10 22 22 40 33 51 8
split_gain=7.0953 5.31765 5.25373 9.19975 4.23678 4.16789 8.05926 6.33494 3.61975 5.29945 3.55556 3.41714 3.75895 5.57519
threshold=9.5610478230133094 1.7049533119607647 0.16587153596322038 5.7013758338970542 0.5825373039959536 0.75758774453394728 0.96319053287652678 0.33270833333333344 13.835096062525601 12.325878917778089 1.8027602617187346 8.8152367291369114 6.5041600841119465 3.9957484423204588
decision_type=2 2 2 2 2 2 2 2 2 2 2 2 2 2
left_child=1 5 -2 4 -4 8 -7 -8 9 11 -11 12 13 -1
right_child=2 -3 3 -5 -6 6 7 -9 -10 10 -12 -13 -14 -15
leaf_value=5.3621793965064053e-07 -0.00048779275344589478 -0.00066329128338784009 -1.3918972481223868e-05 0.00014881905896463543 9.0905633792015541e-06 0.0025246244470417301 0.00019375529894653353 -0.0019023748742026602 0.00053796370978634659 -0.00092136958392120708 -0.0006750193193705322 4.697926189880852e-05 -0.00013527890409963965 0.00043071648544651175
leaf_weight=761 29 20 149 15.999999999999998 25 33 14.999999999999998 23 15.999999999999998 15.999999999999998 17 26 28 15.999999999999998
leaf_count=761 29 20 149 16 25 33 15 23 16 16 17 26 28 16
internal_value=-0.000453401 0.000648148 -0.00531818 -0.0034555 -0.00548571 0.000976891 0.00791667 -0.00153846 0.000408627 0.000138728 -0.0114706 0.000612981 0.000260546 0.000655527
internal_weight=1190 971 219 190 174 951 71 38 880 864 33 831 805 777
internal_count=1190 971 219 190 174 951 71 38 880 864 33 831 805 777
is_linear=0
shrinkage=0.03


Tree=523
num_leaves=15
num_cat=0
split_feature=24 12 51 20 20 51 27 36 22 11 23 14 21 12
split_gain=5.05558 6.12949 5.69703 6.82628 4.62086 4.26448 3.71442 3.13836 6.75764 6.50694 7.55675 3.61031 2.39246 2.54477
threshold=0.99933301840092936 0.65474803830405071 7.2005139894164989 4.1093036209520539 4.5803657245460654 5.7565597262287467 24.500000000000004 9.5610478230133094 12.032130356933665 0.12904102608036208 6.5067536557574774 0.39981645549779776 2.6499450490353786 0.84119496855345932
decision_type=2 2 2 2 2 2 2 2 2 2 2 2 2 2
left_child=2 -2 3 5 -5 6 12 9 11 -8 -11 -9 13 -1
right_child=1 -3 -4 4 -6 -7 7 8 -10 10 -12 -13 -14 -15
leaf_value=6.276836668761554e-07 -0.00050796376062931968 9.3697529440817099e-06 -0.00047315897084252432 8.2965660766967092e-05 1.6891398256186907e-05 -0.00044227040148284266 6.2029950011834592e-05 -5.5324428779921495e-05 6.4678241019899827e-06 -0.00011720409394069402 8.8438908589256738e-05 -1.6169576555262744e-05 0.0005389641718531146 -2.6169211311602991e-05
leaf_weight=746 35 29 19 21 38 20 24 21 38 28 19 19 51 100
leaf_count=746 35 29 19 21 38 20 24 21 38 28 19 19 51 100
internal_value=-0.00109181 -0.00923077 -0.000628821 -0.000346359 0.0095 -0.000899719 -0.000630372 -0.005 -0.00911392 -0.000416667 -0.006875 -0.017561 0.000100223 -0.000283353
internal_weight=1208 64 1144 1125 59 1066 1046 149 78 71 47 40 897 846
internal_count=1208 64 1144 1125 59 1066 1046 149 78 71 47 40 897 846
is_linear=0
shrinkage=0.03


Tree=524
num_leaves=15
num_cat=0
split_feature=51 13 7 23 5 28 23 9 37 12 41 7 42 30
split_gain=5.49546 6.80204 6.3143 3.97845 2.98426 3.44781 5.05481 3.6101 2.71838 3.51367 3.08712 3.02536 2.99738 2.86384
threshold=6.4919725447837173 0.2666860141448239 4.3529585401029758 8.1195973312747807 3.5828297563058498 49.000000000000007 5.6867412520465681 0.73190794869661802 2.4090865443215725 0.67872867363786471 5.3840853316988442 2.8078666880767424 6.9303719320380699 0.99056603773584917
decision_type=2 2 2 2 2 2 2 2 2 2 2 2 2 2
left_child=2 -2 4 -3 8 6 -6 -8 9 11 -10 13 -13 -1
right_child=1 3 -4 -5 5 -7 7 -9 10 -11 -12 12 -14 -15
leaf_value=5.6946596661222589e-06 -0.00042529823881741534 0.0015949713881296978 5.4718982241344081e-05 -0.00023610647073243784 0.0055484809379572619 2.1833863255502626e-05 -5.2233232420111348e-05 -0.00067093766494500827 -6.8775902627845044e-05 -2.4761523971152943e-05 0.00041735471694110196 2.1361212198136579e-05 -8.5881672090286622e-05 -6.7599895520947803e-06
leaf_weight=599 30 15.999999999999998 32 25 15.999999999999998 18 26 45 25 115 55 19 55 151
leaf_count=599 30 16 32 25 16 18 26 45 25 115 55 19 55 151
internal_value=-0.000708469 -0.00875 -0.000207433 -0.000714286 -0.000586667 -0.00537736 -0.00784091 -0.01125 -8.82353e-05 -0.000542553 0.00518519 0.000145455 -0.0056 0.000719041
internal_weight=1227 71 1156 41 1124 105 87 71 1019 939 80 824 74 750
internal_count=1227 71 1156 41 1124 105 87 71 1019 939 80 824 74 750
is_linear=0
shrinkage=0.03


Tree=525
num_leaves=15
num_cat=0
split_feature=20 39 9 10 22 6 22 3 9 39 36 10 14 42
split_gain=3.5439 4.98635 4.11022 4.21415 8.31169 7.50369 5.25527 4.55669 4.50227 4.44501 3.4702 4.18363 3.18898 3.1369
threshold=1.8721464915613384 2.7083333333333335 0.31207544152846428 0.090706084205960422 8.0842717184540458 2.1105375083058608 9.8833703505378878 4.0841636516942073 0.34533024836481119 9.2500000000000018 12.181235323574375 0.71896864817276096 0.7749183006535949 8.6311765752725034
decision_type=2 2 2 2 2 2 2 2 2 2 2 2 2 2
left_child=1 13 -2 4 -4 10 7 -6 -8 -10 -5 -12 -3 -1
right_child=2 12 3 5 6 -7 8 -9 9 -11 11 -13 -14 -15
leaf_value=-2.2360199239955801e-05 0.00041623466378677308 -4.6501845211706635e-05 0.00012541004331509842 4.0643629409431443e-06 -0.002574136784748624 0.0011706187605842178 0.00029020212823351873 -3.4993467563690925e-05 -0.00060123835477050467 -4.0097632943592028e-05 -1.3654298244936136e-05 1.0674736307378917e-05 -0.00025585169938370788 3.1603411551085476e-05
leaf_weight=220 17 90 17 587 27 15.999999999999998 27 14.999999999999998 14.999999999999998 43 49 30 14.999999999999998 17
leaf_count=220 17 90 17 587 27 16 27 15 15 43 49 30 15 17
internal_value=-0.000227656 -0.00279883 0.000817536 0.00050786 -0.00413793 0.00149341 -0.00679687 -0.0153488 -0.00244186 -0.00711864 0.000989505 -0.004875 -0.00820755 -0.000378151
internal_weight=1185 342 843 826 144 682 127 42 85 58 666 79 105 237
internal_count=1185 342 843 826 144 682 127 42 85 58 666 79 105 237
is_linear=0
shrinkage=0.03


Tree=526
num_leaves=15
num_cat=0
split_feature=41 23 38 42 37 33 20 21 34 35 22 9 20 0
split_gain=5.39883 7.66681 4.75838 7.00958 5.60203 4.32496 5.55042 4.11149 4.37345 5.47324 3.95441 3.68684 3.57497 3.52653
threshold=10.157174693333596 10.059384870907223 0.073232323232323246 8.2510187800329948 1.6898340170168271 8.6671982951227147 4.5296535042597768 2.2122080903114214 11.098837926051877 0.81328950161881008 9.8983193761396713 1.09584992458713 3.2263901690726402 7.5000000000000009
decision_type=2 2 2 2 2 2 2 2 2 2 2 2 2 2
left_child=1 2 -1 5 -5 6 7 8 9 13 -6 -11 -9 -4
right_child=-2 -3 3 4 10 -7 -8 12 -10 11 -12 -13 -14 -15
leaf_value=4.4846673951470797e-06 -0.0004355080586165627 0.00028149606438650389 -2.003091425069381e-05 7.5720229101916556e-06 -0.00037651459019859111 3.2473003175155775e-05 -9.1302130759860487e-05 0.00013801204463811918 -0.00014027156158399445 0.00027603305079276883 -0.00011912551150604854 1.4019632307165907e-05 -7.8247754721649791e-07 2.9163192249764128e-05
leaf_weight=460 21 14.999999999999998 219 39 25 34 24 58 14.999999999999998 14.999999999999998 145 26 53 46
leaf_count=460 21 15 219 39 25 34 24 58 15 15 145 26 53 46
internal_value=-0.00027592 0 -0.000284483 -0.00184286 -0.00642857 0.0001222 -0.000656455 0.000138568 -0.00158385 -0.000781759 -0.00877193 0.00928571 0.00508929 -0.00236842
internal_weight=1195 1174 1159 699 209 490 456 432 321 306 170 41 111 265
internal_count=1195 1174 1159 699 209 490 456 432 321 306 170 41 111 265
is_linear=0
shrinkage=0.03


Tree=527
num_leaves=15
num_cat=0
split_feature=19 29 10 29 33 7 13 13 42 36 39 13 13 10
split_gain=4.75161 6.85529 5.34705 5.22701 7.40946 3.65943 3.50419 3.88736 4.02619 9.59412 6.13184 4.40875 4.37404 4.37376
threshold=0.33006752283860724 0.27285166940339362 0.51610265544041456 13.481612685560055 9.8615680919439601 2.5169951906301322 0.58071022460470123 0.58117857712393362 7.0811951438394809 7.6979793817642141 3.1918367346938781 0.58167591377992045 0.58173666582473949 0.68617846232640956
decision_type=2 2 2 2 2 2 2 2 2 2 2 2 2 2
left_child=3 2 5 -1 -5 -2 -3 -8 10 -10 13 -11 -13 -9
right_child=1 6 -4 4 -6 -7 7 8 9 11 -12 12 -14 -15
leaf_value=-2.8478686250088535e-05 8.0626708320834234e-05 -3.7187850701080327e-05 -0.00013870597820395708 -1.6252248339254647e-05 0.00049717830772901374 0.00063159212462627625 2.1930772530044382e-05 2.3102176694305004e-05 -0.0016754477141132148 -1.6010142154421204e-05 4.0969825118085246e-05 6.6202214609183398e-05 5.2532266324956113e-07 -0.00014295586933210384
leaf_weight=477 56 112 24 25 17 30 64 60 22 93 22 14.999999999999998 179 22
leaf_count=477 56 112 24 25 17 30 64 60 22 93 22 15 179 22
internal_value=-0.000885972 0.000728571 0.00756757 -0.00305769 0.00697674 0.0110345 -0.000559322 0.000564854 -0.000507246 -0.00222581 0.00457143 -0.000729167 0.00184615 0.000722892
internal_weight=1218 699 110 519 42 86 589 477 413 309 104 287 194 82
internal_count=1218 699 110 519 42 86 589 477 413 309 104 287 194 82
is_linear=0
shrinkage=0.03


Tree=528
num_leaves=15
num_cat=0
split_feature=51 13 13 31 51 4 12 13 35 33 42 3 30 35
split_gain=5.11379 6.18278 5.33888 4.77201 6.11386 4.33613 3.54949 5.00964 4.75529 4.64401 4.89722 3.33987 3.3029 3.0373
threshold=6.5041600841119465 0.58175958165057495 0.2666860141448239 16.500000000000004 5.8810722452205999 4.2364279127903783 0.16440070242957763 0.58283144813249887 0.81328950161881008 6.9303719320380699 10.157174693333596 5.6069853664873577 0.4849738675958189 0.87527745417967806
decision_type=2 2 2 2 2 2 2 2 2 2 2 2 2 2
left_child=1 3 -2 4 -1 -5 8 13 -3 10 12 -4 -9 -8
right_child=2 6 11 5 -6 -7 7 9 -10 -11 -12 -13 -14 -15
leaf_value=-1.6162592045132483e-06 -0.00038406140065645023 -4.0201719846388874e-06 -0.00014265929533447739 2.4362280578200666e-05 0.00028344466820749757 -3.3123199976720085e-06 -3.1322520559267651e-05 -0.00015206910898304948 2.9481543386827394e-05 3.0693622394797334e-05 0.0040577804748193587 0.0023392380910331446 -0.00091680596254142149 -4.5349229579629e-06
leaf_weight=514 31 85 15.999999999999998 79 27 36 45 181 48 39 29 19 17 30
leaf_count=514 31 85 16 79 27 36 45 181 48 39 29 19 17 30
internal_value=-0.000902256 -0.000424403 -0.00895522 0.00146119 0.000276753 0.00698276 -0.00303158 -0.00464912 0.0011194 -0.00269663 -0.00434211 -0.000833333 -0.00603015 -0.0114474
internal_weight=1196 1130 66 656 541 115 474 341 133 266 227 35 198 75
internal_count=1196 1130 66 656 541 115 474 341 133 266 227 35 198 75
is_linear=0
shrinkage=0.03


Tree=529
num_leaves=15
num_cat=0
split_feature=20 21 0 10 0 9 51 39 9 16 36 36 4 36
split_gain=3.88965 6.76924 3.44216 4.96077 6.41409 3.68166 3.32618 4.37341 3.61832 3.45283 3.57055 3.99042 3.37649 5.61572
threshold=0.65051499783199074 0.87409401350310023 7.5000000000000009 0.64564128256513043 5.0000000000000009 0.47681278338947064 6.6205135149915657 44.000000000000007 0.55133117094857398 0.38645196046738994 11.859382927076071 11.649476044189122 3.9036595562296257 2.8864775399169393
decision_type=2 2 2 2 2 2 2 2 2 2 2 2 2 2
left_child=2 -2 3 4 5 -1 9 8 -8 10 11 12 13 -3
right_child=1 6 -4 -5 -6 -7 7 -9 -10 -11 -12 -13 -14 -15
leaf_value=-0.00071500368554288534 -0.00029919536726370711 2.0474855609742826e-05 -6.1372995036057532e-05 -0.00015523467823191694 0.0042258203792875076 0.00036813518121936781 -8.0779776587491803e-05 -0.0030100871933057636 0.0022311080677331497 -9.8931264770230702e-05 -5.5375662681189651e-06 1.8340468461328638e-05 6.6089625574365652e-06 -2.1781171158303802e-05
leaf_weight=14.999999999999998 42 130 36 18 40 21 33 14.999999999999998 14.999999999999998 18 133 17 292 375
leaf_count=15 42 130 36 18 40 21 33 15 15 18 133 17 292 375
internal_value=-0.00029975 -0.000896359 0.00458015 0.00757895 0.0109091 0.00162162 -0.000408163 -0.00703125 -0.00244898 3.10559e-05 0.00028481 0.00103067 0.000714286 -0.000770751
internal_weight=1200 1070 130 94 76 36 1028 63 48 965 947 814 797 505
internal_count=1200 1070 130 94 76 36 1028 63 48 965 947 814 797 505
is_linear=0
shrinkage=0.03


Tree=530
num_leaves=15
num_cat=0
split_feature=39 23 7 21 7 34 19 13 13 24 23 42 18 42
split_gain=5.14674 6.13035 9.90229 8.37169 4.36887 6.65799 5.95886 5.03937 4.21772 4.07405 5.26236 3.72849 3.09304 3.01554
threshold=5.0492277992277996 6.6037393483696887 2.863556629001438 2.7257475542792373 4.7386876756087313 0.99999064534637172 0.064728034461589604 0.24672504286206981 0.68173059437380235 0.93724251153858085 4.3362364345606936 9.9130813529215018 0.97712125471966249 7.559964235332135
decision_type=2 2 2 2 2 2 2 2 2 2 2 2 2 2
left_child=-1 2 9 -3 5 11 -6 -7 -4 12 -11 -5 -2 -12
right_child=1 3 8 4 6 7 -8 -9 -10 10 13 -13 -14 -15
leaf_value=1.7024828773948286e-06 -9.7237026195773335e-06 -0.0018657729496891285 0.00013185520589661159 0.00042429296955251688 -0.00032393094243184702 -7.4060186253399601e-06 -1.0510373922416604e-05 0.0013956394251727665 0.0017622597978690176 0.0013583622259970023 -0.000728648371412485 -0.0031763302029665062 -0.0014110101185475026 9.0988279343864328e-05
leaf_weight=862 21 37 27 17 39 25 39 22 15.999999999999998 17 15.999999999999998 20 28 22
leaf_count=862 21 37 27 17 39 25 39 22 16 17 16 20 28 22
internal_value=-0.000545906 -0.00363112 0.00101351 -0.00705 -0.00404908 0.000705882 -0.00911392 0.008125 0.0129545 -0.004 0.00160714 -0.00868421 -0.0102 -0.00461538
internal_weight=1208 346 147 199 162 84 78 47 43 104 55 37 49 38
internal_count=1208 346 147 199 162 84 78 47 43 104 55 37 49 38
is_linear=0
shrinkage=0.03


Tree=531
num_leaves=15
num_cat=0
split_feature=8 21 8 3 40 27 36 10 6 22 10 7 24 21
split_gain=4.44357 6.26325 3.6472 3.68927 2.82559 5.08261 6.29414 3.59714 6.93774 4.65665 4.08326 3.41586 3.34441 4.99509
threshold=0.65051499783199074 0.62763625255165312 5.6737974886622604 5.7264091144448246 1.724198551728884 1.0000000180025095e-35 8.2888854325104226 0.11168037320219494 1.8618509469956341 8.4011899779120007 0.062330030282264678 2.4132965269670241 0.98086329749527035 2.4583626040695363
decision_type=2 2 2 2 2 2 2 2 2 2 2 2 2 2
left_child=-1 -2 3 4 7 11 -7 9 12 10 -3 -6 13 -9
right_child=1 2 -4 -5 5 6 -8 8 -10 -11 -12 -13 -14 -15
leaf_value=-0.00011392356449361276 9.4095638396901599e-05 0.00019430803013891355 0.0015984917589778557 -0.00027251901456462943 9.8468263313676859e-05 0.0024487913252131464 9.7361766451617971e-05 -6.9017554680694817e-07 0.00023539550214654703 -0.00036453704214281789 -2.3030389261324835e-05 -0.00029982610508028909 -0.00069144161460002907 8.9022688857726126e-05
leaf_weight=27 108 27 18 29 15.999999999999998 18 21 657 17 90 14.999999999999998 46 54 54
leaf_count=27 108 27 18 29 16 18 21 657 17 90 15 46 54 54
internal_value=2.50417e-05 0.00030743 -0.000395108 -0.000631579 -0.000324803 0.00441176 0.01275 -0.000852459 -7.66284e-05 -0.00541353 0.0027907 -0.000952381 -0.000509138 4.21348e-05
internal_weight=1197 1170 1062 1044 1015 101 39 914 782 132 42 62 765 711
internal_count=1197 1170 1062 1044 1015 101 39 914 782 132 42 62 765 711
is_linear=0
shrinkage=0.03


Tree=532
num_leaves=15
num_cat=0
split_feature=8 33 51 6 11 14 13 38 33 34 13 33 51 23
split_gain=6.07678 5.0982 4.00661 3.91275 4.95623 3.53456 3.11903 5.94337 4.55969 3.90281 4.54168 2.7944 3.02443 4.88207
threshold=4.5513034114710704 9.7261524220852973 7.0458859258013433 1.795866119475918 0.054524779041610939 0.41737510077317069 0.58325179386823234 0.67261904761904778 8.0216356785098544 1.478501938955169 0.59924717691342544 1.9661353879497454 4.8827845818492541 6.2997116527133921
decision_type=2 2 2 2 2 2 2 2 2 2 2 2 2 2
left_child=3 2 -2 6 -5 -6 7 -1 9 10 -8 -12 -13 -14
right_child=1 -3 -4 4 5 -7 8 -9 -10 -11 11 12 13 -15
leaf_value=2.4624878160073302e-07 -0.00017290182352653669 -0.00071454202095273529 0.0012476476749221632 -6.0437334226013379e-05 0.0024841101053514492 2.4803609339340005e-05 -0.0006572715191661316 0.00027207709030448336 0.0013153882101177938 -0.00041037290775607581 -9.3146716888298743e-05 0.00026536313325071001 0.00030397916882113129 -0.00075669816164488811
leaf_weight=737 27 18 26 28 15.999999999999998 20 15.999999999999998 55 17 25 42 86 43 44
leaf_count=737 27 18 26 28 16 20 16 55 17 25 42 86 43 44
internal_value=-0.00029975 -0.00875 -0.00388889 0.000238938 0.00738462 0.0145946 -0.000196998 0.00075662 -0.0029562 -0.00396887 -0.00271552 -0.00152778 0.000172414 -0.00375
internal_weight=1200 71 53 1129 64 36 1065 792 273 256 231 215 173 87
internal_count=1200 71 53 1129 64 36 1065 792 273 256 231 215 173 87
is_linear=0
shrinkage=0.03


Tree=533
num_leaves=15
num_cat=0
split_feature=24 21 35 12 12 19 14 7 9 30 17 11 12 4
split_gain=4.37036 4.7884 3.18717 4.75411 6.07771 4.25234 4.72652 4.66352 4.27645 4.71101 3.68763 4.86423 3.94523 3.20559
threshold=0.99955893150725361 5.3738097148449944 0.81274007277823335 0.38194859697976818 0.39990179264078352 0.33311489733508087 0.30963913384425173 2.4056802432438342 0.61673052918822435 0.38750000000000007 13.150332152150552 0.16776596309344624 0.16376051869223343 2.6865774227678831
decision_type=2 2 2 2 2 2 2 2 2 2 2 2 2 2
left_child=1 2 3 13 -5 6 8 -7 -6 -10 11 12 -4 -1
right_child=-2 -3 10 4 5 7 -8 -9 9 -11 -12 -13 -14 -15
leaf_value=1.9208318603525231e-06 -0.00020093537543591777 0.0028812681969415973 0.00016055164777505738 0.00047761304893422115 6.9199373290909074e-05 6.0829292326131241e-05 -3.3927043313928814e-05 0.0093245277397170628 0.00042675597954012768 -0.0016993536033377266 8.9024436956811615e-05 -0.00087933639141414305 1.8016634241652118e-06 -4.3138232677439876e-05
leaf_weight=117 48 14.999999999999998 14.999999999999998 17 27 92 182 18 35 18 31 15.999999999999998 364 193
leaf_count=117 48 15 15 17 27 92 182 18 35 18 31 16 364 193
internal_value=0.00020185 0.00057844 0.000346359 -0.0009 0.00130769 0.000482574 -0.00159696 0.00540541 0.00444444 -0.000555556 0.00238876 0.00159091 0.00228947 -0.00366559
internal_weight=1188 1140 1125 699 389 372 262 110 80 53 426 395 379 310
internal_count=1188 1140 1125 699 389 372 262 110 80 53 426 395 379 310
is_linear=0
shrinkage=0.03


Tree=534
num_leaves=15
num_cat=0
split_feature=24 6 11 14 11 0 5 4 33 3 11 14 30 0
split_gain=4.74368 6.0696 5.13184 4.03467 3.27191 3.67354 2.58587 5.36727 5.96566 2.55433 2.77256 3.16055 6.90056 3.84382
threshold=0.99955893150725361 2.1105375083058608 0.28932843927025892 0.41129970139871136 0.26169597799194094 7.5000000000000009 4.7391181928581263 5.5174996593818806 9.7261524220852973 1.2172844520170996 0.24049878383141199 0.38180051687855782 0.89897959183673481 5.0000000000000009
decision_type=2 2 2 2 2 2 2 2 2 2 2 2 2 2
left_child=1 2 4 -3 6 -6 9 -8 -9 -1 11 12 -11 -13
right_child=-2 3 -4 -5 5 -7 7 8 -10 10 -12 13 -14 -15
leaf_value=-3.4384383735377439e-05 -0.00023387698373510623 0.0041240823871061356 8.2515745248705743e-05 2.268628544629614e-05 -7.3050799666954724e-05 -0.0008924251181342285 -0.00056938306433275626 0.0005754600947276866 -0.00026014107740441662 -2.0445056351303667e-06 0.00046512516800419345 -2.7972349497902281e-05 1.8403546386821512e-05 -1.3701023018120041e-07
leaf_weight=17 53 20 39 26 31 14.999999999999998 15.999999999999998 21 15.999999999999998 242 24 203 70 395
leaf_count=17 53 20 39 26 31 15 16 21 16 242 24 203 70 395
internal_value=-0.000756939 -0.00034331 -0.000798165 0.0102128 -0.00119886 -0.00893617 -0.000835821 -0.00722222 -0.000789474 -0.000472689 -0.000256684 -0.000526894 0.00191693 -0.00180301
internal_weight=1188 1135 1089 46 1050 46 1004 53 37 951 934 910 312 598
internal_count=1188 1135 1089 46 1050 46 1004 53 37 951 934 910 312 598
is_linear=0
shrinkage=0.03


Tree=535
num_leaves=15
num_cat=0
split_feature=11 23 33 9 0 0 14 29 10 9 11 14 28 30
split_gain=5.65141 6.11269 7.76154 5.79476 5.46137 7.41604 5.32665 4.71579 4.70695 4.66539 4.28089 4.25551 5.77719 4.24459
threshold=0.079233287190046089 6.5735770391047712 4.3974653215916577 0.41360808234194096 5.0000000000000009 7.5000000000000009 0.40386727551273133 0.60955742601140395 0.26868074273734655 0.34006632012510635 0.042624620462880465 0.38363905269938153 1.0000000180025095e-35 0.06458333333333334
decision_type=2 2 2 2 2 2 2 2 2 2 2 2 2 2
left_child=1 2 4 13 10 9 -5 -4 -2 -6 -1 12 -10 -3
right_child=8 3 7 6 5 -7 -8 -9 11 -11 -12 -13 -14 -15
leaf_value=-8.1714612562269189e-05 6.4447033364638527e-05 -0.0001877730756629614 0.0011380473695483118 -0.00026445639521873506 0.00054629097645746388 -0.00024940646045766069 0.00084929763718788877 0.00026011535067460096 -0.00033994407556445336 6.7179559187118256e-05 -0.00031908636258803913 -4.3750281764390326e-06 6.0413481496901507e-06 -0.0025057634161587826
leaf_weight=28 147 32 18 54 15.999999999999998 26 32 15.999999999999998 53 27 19 446 283 23
leaf_count=28 147 32 18 54 16 26 32 16 53 27 19 446 283 23
internal_value=-0.000982801 -0.00462329 -0.000397351 -0.00908451 -0.00410256 0.00128571 -0.00413793 0.012 0.00016129 0.00886364 -0.011875 -0.000766284 0.00178042 -0.0166071
internal_weight=1220 291 150 141 116 69 86 34 929 43 47 782 336 55
internal_count=1220 291 150 141 116 69 86 34 929 43 47 782 336 55
is_linear=0
shrinkage=0.03


Tree=536
num_leaves=15
num_cat=0
split_feature=10 34 24 20 0 29 13 19 22 0 18 17 43 5
split_gain=4.14899 4.1641 3.623 3.29911 4.00308 10.34 6.90541 5.52663 5.06786 7.46781 15.0185 10.1481 9.57168 8.52261
threshold=0.26163120611250273 29.229242617482036 0.99988268206182973 5.5855644278750134 7.5000000000000009 0.26386371873867348 0.045652584052616067 0.20838277064681984 11.487123264254251 5.0000000000000009 1.2172844520170996 11.311785714285717 1.0000000180025095e-35 1.795866119475918
decision_type=2 2 2 2 2 2 2 2 2 2 2 2 2 2
left_child=2 -2 3 4 8 6 -6 -7 9 12 13 -12 -1 -11
right_child=1 -3 -4 -5 5 7 -8 -9 -10 10 11 -13 -14 -15
leaf_value=0.00012386058797059563 9.8550091634619366e-07 0.00014987043573814419 -0.00056761498924583925 0.0016202851779228843 4.9897389246698621e-05 -1.0069762253233082e-05 -0.00031847360811823155 -0.0026560925388489408 -0.0004320007771259693 -0.00030033677957459813 -0.0023925172849873326 2.5867161241167612e-05 -0.00019880418051693437 0.0069258231040948736
leaf_weight=42 805 17 18 15.999999999999998 30 18 15.999999999999998 23 21 14.999999999999998 24 45 94 38
leaf_count=42 805 17 18 16 30 18 16 23 21 15 24 45 94 38
internal_value=-0.000490597 0.00072904 -0.00299252 -0.00234987 -0.00294278 -0.00852273 0.0012766 -0.0192857 -0.00117857 0 0.00536585 -0.00385714 -0.00481752 0.0172222
internal_weight=1222 822 400 382 366 87 46 41 279 258 122 69 136 53
internal_count=1222 822 400 382 366 87 46 41 279 258 122 69 136 53
is_linear=0
shrinkage=0.03


Tree=537
num_leaves=15
num_cat=0
split_feature=39 51 22 20 42 23 22 51 17 51 6 41 41 20
split_gain=4.37766 5.79612 5.71675 4.31114 4.29952 4.36719 4.83033 5.08652 4.9571 3.72704 3.67382 3.05019 2.93543 3.52087
threshold=5.0492277992277996 5.6391433716120343 12.768654579380089 2.7205725237798486 7.1705713926154626 6.4808562613436456 10.526127764253575 6.4393117115386707 53.366267465069868 4.7111209302356007 2.1105375083058608 8.2993294544433525 4.8130668977087838 0.53959062302381255
decision_type=2 2 2 2 2 2 2 2 2 2 2 2 2 2
left_child=10 2 3 -2 -3 -6 -7 8 -8 -5 12 -9 13 -1
right_child=1 4 -4 9 5 6 7 11 -10 -11 -12 -13 -14 -15
leaf_value=7.2695682271964871e-05 -0.00013627506194972217 0.00057341099100493892 -0.0028258064176510177 0.0002833135407938969 0.0011933410991168752 -0.00039667525851171944 0.00035989104807948813 -1.2332882558480085e-05 -0.00031964547813445376 -0.00014134355298593747 0.0028237311710615229 -0.00028009359357969552 -8.5275730765776983e-07 7.771193932987752e-06
leaf_weight=39 110 24 14.999999999999998 14.999999999999998 22 28 18 35 15.999999999999998 52 15.999999999999998 18 676 148
leaf_count=39 110 24 15 15 22 28 18 35 16 52 16 18 676 148
internal_value=-0.000827251 -0.00364407 -0.00715026 -0.0055618 0.000555556 -0.00152174 -0.00387931 -0.000340909 0.00857143 0.000441176 0.000306818 -0.00611111 3.47222e-05 0.00335106
internal_weight=1232 353 192 177 161 137 115 87 34 67 879 53 863 187
internal_count=1232 353 192 177 161 137 115 87 34 67 879 53 863 187
is_linear=0
shrinkage=0.03


Tree=538
num_leaves=15
num_cat=0
split_feature=35 4 51 4 14 13 9 9 24 12 36 36 36 24
split_gain=4.62571 6.08303 4.64717 4.59089 4.26272 6.45866 6.16111 4.21103 5.41902 5.27017 5.17711 5.56471 5.32323 4.82347
threshold=0.81269285677337455 2.395325513960977 4.2947476022129409 3.0417459349169049 0.38180051687855782 0.23824856493112348 0.79025796613817356 1.2157543182339428 0.34166666666666673 0.16359130957148579 6.4276906595588299 7.9844925405177447 5.8538302494428907 0.9874351261296902
decision_type=2 2 2 2 2 2 2 2 2 2 2 2 2 2
left_child=1 -1 -3 -4 5 6 -2 8 -5 -10 12 -12 13 -11
right_child=4 2 3 7 -6 -7 -8 -9 9 10 11 -13 -14 -15
leaf_value=7.5193005413642931e-06 -0.00080786321333459643 -0.00024555916598107904 0.0002184326912874157 0.00029815010532480368 1.1782582166558475e-06 4.9260766026105184e-05 4.1418929617386686e-05 -0.00013886308306039206 -0.000287825891510092 -0.0022339027393927691 0.00040332069600003607 -1.7325979790572264e-05 -0.0027420950687053656 0.00011366375876119217
leaf_weight=361 17 38 83 35 358 66 27 41 15.999999999999998 28 37 44 14.999999999999998 42
leaf_count=361 17 38 83 35 358 66 27 41 16 28 37 44 15 42
internal_value=9.92556e-05 -0.00137652 -0.00402632 -0.00289474 0.0024307 0.00756757 -0.00133333 -0.00486486 -0.00316514 -0.0052459 -0.00359281 0.00182927 -0.00872093 -0.00507042
internal_weight=1208 740 379 341 468 110 44 258 217 182 166 81 85 70
internal_count=1208 740 379 341 468 110 44 258 217 182 166 81 85 70
is_linear=0
shrinkage=0.03


Tree=539
num_leaves=15
num_cat=0
split_feature=19 22 51 9 24 24 9 51 19 22 10 40 42 33
split_gain=4.39561 5.15669 4.64542 5.76519 5.41464 3.7259 3.15471 3.34491 3.12668 4.31956 4.45324 3.1355 2.94677 4.31428
threshold=0.015286958701929972 13.675376409990834 3.6765916841014046 0.87397415448452798 0.93994777019457698 0.99921033306831752 0.69167480105937929 3.3705029975764735 0.0077973599581896433 6.5981979674783009 0.11168037320219494 0.65051499783199074 7.2038114190589599 3.3140706302475285
decision_type=2 2 2 2 2 2 2 2 2 2 2 2 2 2
left_child=8 2 4 5 6 12 7 -2 9 -1 -11 -12 13 -4
right_child=1 -3 3 -5 -6 -7 -8 -9 -10 10 11 -13 -14 -15
leaf_value=-0.00029192609582348594 2.3592174749886838e-06 9.2648875564815825e-05 -0.00016128921586486765 9.9489678732744842e-07 0.00027002854767644967 5.61674073662699e-05 -0.00047142826638456032 0.00023481013522469728 -0.00047511269984227942 -5.6545285433120541e-05 -6.6932219686699552e-05 0.0023338201767247073 -0.00026436158274849682 0.00027884177712064002
leaf_weight=32 122 23 72 577 14.999999999999998 14.999999999999998 20 34 25 42 28 18 133 63
leaf_count=32 122 23 72 577 15 15 20 34 25 42 28 18 133 63
internal_value=-0.000663934 0 -0.000313688 -0.00125436 0.00390625 -0.00475352 0.00237288 0.00382166 -0.00554795 -0.00347107 0 0.00638298 -0.00557621 -0.00242647
internal_weight=1219 1074 1051 860 191 283 176 156 145 120 88 46 268 135
internal_count=1219 1074 1051 860 191 283 176 156 145 120 88 46 268 135
is_linear=0
shrinkage=0.03


Tree=540
num_leaves=15
num_cat=0
split_feature=24 13 13 0 24 41 33 38 24 24 43 41 41 36
split_gain=11.5941 3.6201 4.76796 6.6082 4.04875 3.83368 4.08474 3.57974 5.18868 8.35591 6.01417 3.45641 4.38104 5.40336
threshold=0.99984746627541898 0.58337121212121223 0.58261900391581023 7.5000000000000009 0.99942213424906978 8.1137955244709765 5.8325350117416104 0.28388278388278393 0.92110422956023796 0.98303268497531537 1.2172844520170996 4.6150680666727277 4.2276101355012949 1.9565889169952342
decision_type=2 2 2 2 2 2 2 2 2 2 2 2 2 2
left_child=1 2 11 -4 5 6 7 8 10 -10 -3 12 -1 -14
right_child=-2 4 3 -5 -6 -7 -8 -9 9 -11 -12 -13 13 -15
leaf_value=2.0670693597457655e-07 -0.00038466602005439828 0.0023088340798566608 4.9834134855608613e-06 2.9913318318737224e-05 0.0021252312669522741 0.00024520989816477213 -0.00040465686134427247 -0.00018706637601965004 -0.0022229041572452454 0.00023017396046558764 -8.3517497139089234e-05 3.9490320751789374e-07 -1.1877240148054913e-05 0.00035408395722685588
leaf_weight=85 31 23 30 17 19 18 26 107 23 33 24 697 17 34
leaf_count=85 31 23 30 17 19 18 26 107 23 33 24 697 17 34
internal_value=0 0.000493934 0.00143019 0.010625 -0.00251825 -0.00352941 -0.00455696 -0.00312796 0.000865385 -0.00526316 0.008125 0.000899281 0.00525547 0.0121154
internal_weight=1184 1153 880 47 273 254 236 210 103 56 47 833 136 51
internal_count=1184 1153 880 47 273 254 236 210 103 56 47 833 136 51
is_linear=0
shrinkage=0.03


Tree=541
num_leaves=15
num_cat=0
split_feature=37 42 38 10 22 33 12 11 4 23 33 33 33 14
split_gain=5.0422 6.71848 7.63678 5.29527 4.6878 6.27692 5.36191 6.88753 4.63785 4.35374 3.67851 3.44015 3.34942 3.2106
threshold=1.8481781943666664 8.7315597453869476 0.062249648226074122 0.72213463786259935 7.7051545905446845 8.9137839397959837 0.16440070242957763 0.16446670756761328 2.5652087011709273 7.936632914208487 5.1241951702552653 11.468528467207419 9.5924195310279092 0.093817106413438392
decision_type=2 2 2 2 2 2 2 2 2 2 2 2 2 2
left_child=-1 4 8 9 -2 6 -6 13 -3 -4 -9 -11 -7 -8
right_child=1 2 3 -5 5 12 7 10 -10 11 -12 -13 -14 -15
leaf_value=5.5104848697001829e-06 1.2911924537153952e-06 0.00066101039355168643 -0.00055847884343667722 2.8713828603037503e-05 1.3516256814323224e-05 0.00017936169057634953 -0.0015412380206759524 -0.00024843653476403144 0.00024593127234452948 0.00047574402324987105 0.0001583988713957518 -6.1661579582716897e-06 -6.438759039674391e-05 -6.1938173025949392e-05
leaf_weight=516 160 25 36 27 19 17 14.999999999999998 35 17 27 14.999999999999998 83 18 181
leaf_count=516 160 25 36 27 19 17 15 35 17 27 15 83 18 181
internal_value=-2.51678e-05 -0.00173077 0.00263889 -0.000172414 -0.0037744 -0.00598007 -0.00755639 -0.00874494 0.0139535 -0.00244898 0.00117647 0.000540541 0.00583333 -0.011269
internal_weight=1191 675 215 173 460 300 265 246 42 146 50 110 35 196
internal_count=1191 675 215 173 460 300 265 246 42 146 50 110 35 196
is_linear=0
shrinkage=0.03


Tree=542
num_leaves=15
num_cat=0
split_feature=24 20 20 3 51 36 11 36 35 27 33 11 4 14
split_gain=4.10003 4.99243 4.53335 3.63831 3.13717 3.02946 2.98808 4.10034 6.47918 3.91034 2.85267 2.84651 2.5791 3.37384
threshold=0.99984746627541898 5.6639780595668201 4.5803657245460654 4.5221833174226278 5.8444037841916181 10.071440291782825 0.16776596309344624 8.2888854325104226 0.20206093189964161 1.0000000180025095e-35 8.7017032701484744 0.16287236113387218 1.7479108766929532 0.70762711864406791
decision_type=2 2 2 2 2 2 2 2 2 2 2 2 2 2
left_child=1 2 3 4 6 -5 11 8 9 12 -4 -1 -8 -14
right_child=-2 -3 10 5 -6 -7 7 -9 -10 -11 -12 -13 13 -15
leaf_value=1.4944588519061329e-06 -0.00068780317162668407 0.0027016903474027386 -0.00026905474312823415 5.0978724752327453e-05 -0.00052983823722133278 0.00012182209557833889 -0.00011981243421556098 3.1953591823494776e-05 -0.001248403437164533 8.1485479278967096e-06 -6.2460533715642531e-05 8.8115267908804549e-05 -7.1202043586325318e-05 0.0015917095784047631
leaf_weight=778 29 14.999999999999998 23 26 14.999999999999998 17 55 21 23 70 28 28 36 20
leaf_count=778 29 15 23 26 15 17 55 21 23 70 28 28 36 20
internal_value=-5.06329e-05 0.000233564 0 0.000412844 5.73066e-05 0.00886364 0.000261628 -0.00278761 -0.00409756 -0.00214286 -0.00865385 0.00111524 -0.005625 -0.00105263
internal_weight=1184 1155 1140 1089 1046 43 1031 225 204 181 51 806 111 56
internal_count=1184 1155 1140 1089 1046 43 1031 225 204 181 51 806 111 56
is_linear=0
shrinkage=0.03


Tree=543
num_leaves=15
num_cat=0
split_feature=11 42 23 43 42 39 24 42 14 18 23 4 39 39
split_gain=3.95736 6.08766 4.4014 3.97414 6.15579 3.90571 3.77034 3.06982 5.23542 5.38943 2.95139 2.35294 2.34386 5.61818
threshold=0.28932843927025892 10.238386543929932 5.3327170978393275 2.1088998399735588 8.7281667507216216 0.90625000000000011 0.43632958801498128 10.157174693333596 0.74956445993031362 1.6901056208558032 6.9572329988405786 2.410776414647263 14.625000000000002 11.236185383244209
decision_type=2 2 2 2 2 2 2 2 2 2 2 2 2 2
left_child=1 3 -2 5 6 -1 -5 8 12 -10 -4 -3 13 -7
right_child=2 11 10 4 -6 7 -8 -9 9 -11 -12 -13 -14 -15
leaf_value=-0.00011488585934639631 0.0033001051647848548 -0.00059285428695351409 -0.0066217003084348119 -0.00048340918966073007 0.0012886415604516984 1.1506892906187893e-06 -0.00084912372364993156 0.0035111468300084046 -0.00067696597574956499 0.00020010981032396929 9.8004618785103579e-05 -0.00049898837084331408 4.7826278874108504e-05 -0.00015619584956101494
leaf_weight=15.999999999999998 24 15.999999999999998 14.999999999999998 38 21 811 19 30 40 19 17 17 92 31
leaf_count=16 24 16 15 38 21 811 19 30 40 19 17 17 92 31
internal_value=-0.00034797 -0.0007298 0.00736842 -0.000348837 -0.00683544 0.000144231 -0.0118966 0.000380859 9.05433e-05 -0.0085 0 -0.0132353 0.000641711 0.000142349
internal_weight=1206 1150 56 1117 78 1039 57 1023 993 59 32 33 934 842
internal_count=1206 1150 56 1117 78 1039 57 1023 993 59 32 33 934 842
is_linear=0
shrinkage=0.03


Tree=544
num_leaves=15
num_cat=0
split_feature=36 38 34 34 22 20 1 24 38 1 30 23 34 22
split_gain=7.06854 5.29985 5.04657 6.04912 5.04287 5.80117 4.40296 4.25385 4.08333 3.64123 3.97381 4.16065 3.47736 6.55693
threshold=7.6512042784799874 0.0075460510712309281 12.005438485999838 10.315510948905112 11.998398787762072 4.7460099284028692 1.9956130378462478 0.99989646775645358 0.47559523809523813 1.7520314413393463 0.87138130686517801 6.4049696403721725 0.78237729154346558 8.3679430951756366
decision_type=2 2 2 2 2 2 2 2 2 2 2 2 2 2
left_child=1 -1 3 7 6 8 9 12 -6 10 -2 -12 -3 -14
right_child=4 2 -4 -5 5 -7 -8 -9 -10 -11 11 -13 13 -15
leaf_value=-0.00010637075767250793 5.0412139438684718e-05 2.3206018737736979e-06 -0.00010587772874364188 0.00010225904896414922 -1.1308563801422089e-05 -0.00035352180688545508 0.00038476163167987509 -0.0011028796633135462 9.0481574585625773e-05 -0.00034487105099336276 7.0993128873735877e-05 1.47408689712053e-06 -2.8675751841205838e-05 -0.00080544067909052832
leaf_weight=17 36 372 22 14.999999999999998 47 18 20 18 14.999999999999998 15.999999999999998 24 320 202 57
leaf_count=17 36 372 22 15 47 18 20 18 15 16 24 320 202 57
internal_value=-0.000325 -0.00225852 -0.00183406 -0.00135338 0.00241449 -0.00444444 0.00374101 -0.0018 0 0.00302267 0.00362205 0.0026087 -0.00137658 -0.00403846
internal_weight=1199 703 686 664 496 80 416 649 62 396 380 344 631 259
internal_count=1199 703 686 664 496 80 416 649 62 396 380 344 631 259
is_linear=0
shrinkage=0.03


Tree=545
num_leaves=15
num_cat=0
split_feature=17 38 10 24 9 11 6 22 22 14 5 43 0 0
split_gain=3.23553 2.97867 4.7558 6.50649 6.89448 5.70339 3.31495 3.20493 5.89742 4.14433 3.08227 4.12128 6.01838 3.92727
threshold=85.831387798223076 0.11967608414976837 0.13224116079340101 0.98687186146888861 0.35388668108954874 0.14500809196099848 1.0000000180025095e-35 11.118458523046968 9.1014323093424476 0.37564243759177685 2.708845430555272 0.81162464519895028 7.5000000000000009 5.0000000000000009
decision_type=2 2 2 2 2 2 2 2 2 2 2 2 2 2
left_child=1 -1 3 -3 -5 7 10 8 9 -4 11 13 -13 -7
right_child=-2 2 5 4 -6 6 -8 -9 -10 -11 -12 12 -14 -15
leaf_value=-2.4022222461120291e-06 -0.00066633287267575669 -0.00024330088310069441 0.00013133549558546842 0.00010644503560882978 -0.00015122364648378239 -3.8689936804336965e-08 6.9519024903548214e-05 6.8646120218504022e-05 -0.00020840409288460092 9.7433151366760333e-06 2.4505094898263913e-05 0.00038215328445749818 -9.7975029316778032e-05 -0.00066612086611634203
leaf_weight=656 28 33 28 21 55 22 18 22 22 62 129 60 26 32
leaf_count=656 28 33 28 21 55 22 18 22 22 62 129 60 26 32
internal_value=-0.000444444 -0.00020219 0.00146893 -0.00409091 0.000779221 0.00291469 0.000520833 0.008 0.00584071 0.00923077 -0.000333333 -0.00340426 0.000689655 -0.00981818
internal_weight=1214 1186 530 109 76 421 287 134 112 90 269 140 86 54
internal_count=1214 1186 530 109 76 421 287 134 112 90 269 140 86 54
is_linear=0
shrinkage=0.03


Tree=546
num_leaves=15
num_cat=0
split_feature=42 51 7 51 13 3 5 3 22 18 51 24 17 24
split_gain=5.11493 4.44941 4.39577 3.40944 3.27077 3.24901 2.97138 2.94456 2.77889 3.56488 6.20886 3.47744 2.88449 4.1348
threshold=10.570264180020482 6.5041600841119465 3.6546309414379663 5.6840788353123211 0.2666860141448239 5.6930585674251306 0.53959062302381255 1.3313789158407874 12.370865931854841 1.5312909921140818 3.8906949339818557 0.96000331049757126 6.9910714285714297 0.97329704609116385
decision_type=2 2 2 2 2 2 2 2 2 2 2 2 2 2
left_child=1 2 6 -4 -3 -6 -1 -8 9 12 -11 -12 13 -9
right_child=-2 4 3 -5 5 -7 7 8 -10 10 11 -13 -14 -15
leaf_value=-3.5109744541224841e-05 -0.00057714381755367245 -0.00034068531814719362 -9.9811624311449401e-06 0.00023130587871778491 -0.00016648308018897605 0.0029438862595395588 4.4044115857002628e-05 1.6450245870425205e-06 0.00041470590591257962 -0.00016718526420175293 -0.00030370866506856221 2.1482097404569699e-05 4.8440749910165226e-05 -0.0001688018814472514
leaf_weight=40 20 28 28 44 20 14.999999999999998 28 679 20 15.999999999999998 15.999999999999998 92 84 33
leaf_count=40 20 28 28 44 20 15 28 679 20 16 16 92 84 33
internal_value=0.000386598 0.000655594 0.00111008 0.00821918 -0.00703125 -0.000833333 0.000594648 0.000928793 0.00063762 0.000390879 -0.00432 -0.00165138 0.00112923 0.000504909
internal_weight=1163 1143 1080 72 63 35 1008 968 940 920 124 108 796 712
internal_count=1163 1143 1080 72 63 35 1008 968 940 920 124 108 796 712
is_linear=0
shrinkage=0.03


Tree=547
num_leaves=15
num_cat=0
split_feature=7 7 4 51 11 37 33 4 33 11 33 13 7 12
split_gain=3.70528 7.29522 3.83713 3.83588 3.74539 3.55867 2.79118 6.31564 2.74965 5.45446 4.40794 2.67114 2.48301 2.72927
threshold=4.8439036705758074 4.3529585401029758 3.4042814631255425 4.8328472727925886 0.041861532416540274 2.105506845301913 9.7261524220852973 5.7706156338527927 7.7802513451009361 0.16330789911350482 6.7222675158827601 0.28904526528096319 2.9910016677494142 0.97946081339397539
decision_type=2 2 2 2 2 2 2 2 2 2 2 2 2 2
left_child=1 2 4 -4 5 -1 7 11 10 -10 12 -2 13 -6
right_child=6 -3 3 -5 8 -7 -8 -9 9 -11 -12 -13 -14 -15
leaf_value=0.00013172558524683132 -0.00033002956205027798 8.1677804817643638e-05 0.00076734697740457212 1.4208059257780902e-06 -1.5622653877752633e-05 -0.00017916479747833724 -0.00049677999628935758 0.0003945305440516744 -0.00016608823580972044 6.4976095947015804e-05 -0.00076471126999464291 -5.0719138665381579e-05 -0.00035371681899288074 -0.00010998712053397752
leaf_weight=44 17 23 17 499 353 22 22 17 19 23 17 22 19 64
leaf_count=44 17 23 17 499 353 22 22 17 19 23 17 22 19 64
internal_value=-0.000559796 -0.000108992 -0.000473098 0.00139265 -0.00218861 0.00447761 -0.00683544 -0.00315789 -0.00308468 0.00418605 -0.00376652 -0.00975 -0.00315789 -0.0026555
internal_weight=1178 1100 1077 516 561 66 78 56 495 42 453 39 436 417
internal_count=1178 1100 1077 516 561 66 78 56 495 42 453 39 436 417
is_linear=0
shrinkage=0.03


Tree=548
num_leaves=15
num_cat=0
split_feature=8 49 36 39 36 22 34 14 3 51 34 22 27 27
split_gain=4.70256 4.81142 3.79691 6.16241 4.87998 6.43699 4.16425 3.66565 3.9067 3.66548 3.53215 5.19996 4.12604 4.12357
threshold=0.87409401350310023 0.88907562519182193 7.0024782801353735 14.093750000000002 3.3174356911527441 6.8156757308164932 17.290598537364708 0.60188679245283028 2.8289722884906645 5.655589788563101 15.911577305501547 11.878741663199113 5.5000000000000009 24.500000000000004
decision_type=2 2 2 2 2 2 2 2 2 2 2 2 2 2
left_child=-1 2 4 6 7 -6 10 8 -2 -8 11 12 -4 -12
right_child=1 -3 3 -5 5 -7 9 -9 -10 -11 13 -13 -14 -15
leaf_value=-6.5592351070788425e-05 -2.3672394702340532e-06 0.00034830251076447991 0.00095367641214643252 6.3026813068605135e-05 -0.0014623060585755353 -0.00012230225615263323 -3.7629385078230548e-05 0.00025186027005554516 -0.0003492208557871122 6.3391898794196155e-06 1.69724368857338e-05 -5.1402469736192557e-05 3.1232279781412409e-07 3.1267944381010991e-06
leaf_weight=50 164 49 25 75 55 181 39 75 30 20 27 54 327 37
leaf_count=50 164 49 25 75 55 181 39 75 30 20 27 54 327 37
internal_value=-0.000496278 -0.000103538 -0.000513514 0.00109091 -0.00243083 -0.00556962 -5.66038e-05 0.000333333 -0.00184615 -0.0075 0.00089172 -0.00014742 0.0011898 0.00738462
internal_weight=1208 1158 1109 604 505 236 529 269 194 59 470 406 352 64
internal_count=1208 1158 1109 604 505 236 529 269 194 59 470 406 352 64
is_linear=0
shrinkage=0.03


Tree=549
num_leaves=15
num_cat=0
split_feature=35 23 43 12 5 23 33 3 14 39 28 24 17 51
split_gain=4.48041 4.91576 4.23709 3.82359 6.5077 3.77955 6.52278 4.28642 4.16345 7.26539 3.6686 7.12702 6.01088 5.61946
threshold=0.70839045443005844 8.5048028177604174 1.2172844520170996 0.44702039184355963 1.0937603604182318 7.0967547510383673 7.8273093922605232 3.6899340882335276 0.38378862057565738 3.1815803244374679 1.0000000180025095e-35 0.9874351261296902 6.3345367027677506 4.7522953160719812
decision_type=2 2 2 2 2 2 2 2 2 2 2 2 2 2
left_child=1 3 5 -1 -5 6 7 -2 -9 -10 11 12 -6 -12
right_child=2 -3 -4 4 10 -7 -8 8 9 -11 13 -13 -14 -15
leaf_value=-3.9584951852852932e-05 -0.00022134607915458792 -0.00015494974473176271 7.6525168143297683e-05 6.5410183962278935e-05 -2.2709782363085072e-05 -1.6404717759310739e-06 0.00020325156449152641 2.970577584474887e-05 -6.7751749538009915e-05 3.0329906049583744e-06 7.4160459500371973e-06 -0.00056908905350693928 7.9391992933217634e-05 0.0084782448857758218
leaf_weight=283 28 61 31 17 89 284 20 61 15.999999999999998 57 88 75 64 24
leaf_count=283 28 61 31 17 89 284 20 61 16 57 88 75 64 24
internal_value=-0.000550459 -0.00209402 0.00162651 -0.00131045 0.00075419 0.000899358 0.0042623 0.00220859 0.00444444 -0.000405405 -0.000175953 -0.00235808 0.00136364 0.00424779
internal_weight=1198 701 497 640 357 466 182 162 134 73 340 228 153 112
internal_count=1198 701 497 640 357 466 182 162 134 73 340 228 153 112
is_linear=0
shrinkage=0.03


Tree=550
num_leaves=15
num_cat=0
split_feature=6 39 13 13 11 11 13 39 12 8 11 0 41 36
split_gain=5.16217 4.11261 3.61958 3.89995 5.97843 5.50767 3.76671 3.71945 5.1889 3.85841 7.22035 3.28707 3.15834 4.39733
threshold=2.9360177931195253 0.99609375000000011 0.58204794002709181 0.58230427357854608 0.16776596309344624 0.19393043975295091 0.60188679245283028 1.930704898446834 0.24993875551200395 0.92866624821563437 0.26950266039041149 5.0000000000000009 7.0365565354368034 5.1493703486700237
decision_type=2 2 2 2 2 2 2 2 2 2 2 2 2 2
left_child=1 -1 7 -4 12 -6 -7 8 -3 -9 -11 -8 13 -5
right_child=-2 2 3 4 5 6 11 9 -10 10 -12 -13 -14 -15
leaf_value=-0.00017262315910998805 -0.00055665151477007565 -9.3082253909426698e-06 -2.4903776593052372e-05 1.0227070463231235e-05 -0.00072669228275127446 -0.00063764636441336565 0.00036289924471841873 -6.73859859195558e-05 0.0001802283076428092 -6.2700608528448717e-07 0.00036718376587183241 -0.00010098470910463231 1.5484134120304916e-05 -0.00051906709193991316
leaf_weight=25 27 19 40 93 31 14.999999999999998 27 15.999999999999998 36 656 26 60 103 28
leaf_count=25 27 19 40 93 31 15 27 16 36 656 26 60 103 28
internal_value=-0.00119701 -0.000892857 -0.000625543 -0.0029397 -0.00192737 -0.0069403 -0.00349515 0.000596817 0.00803571 0 0.000351391 -0.00102273 0.00106667 -0.00221311
internal_weight=1202 1175 1150 397 357 133 102 753 55 698 682 87 224 121
internal_count=1202 1175 1150 397 357 133 102 753 55 698 682 87 224 121
is_linear=0
shrinkage=0.03


Tree=551
num_leaves=15
num_cat=0
split_feature=21 8 34 34 22 30 34 42 40 10 22 22 22 36
split_gain=4.32521 5.86811 5.15214 6.19479 5.60536 4.6112 3.78628 4.72525 3.82806 8.70409 4.98568 5.67096 4.10106 5.68196
threshold=2.2122080903114214 2.4174645482302881 11.098837926051877 10.859173283638526 7.5193376961064109 0.96717948717948732 16.350715797010469 7.3775551085518165 1.1300356939925376 0.69027655767899543 10.315930074311519 10.913463336230757 14.11633009876271 5.8538302494428907
decision_type=2 2 2 2 2 2 2 2 2 2 2 2 2 2
left_child=1 2 3 -1 -4 6 7 -2 9 -9 -10 -12 13 -13
right_child=5 -3 4 -5 -6 -7 -8 8 10 -11 11 12 -14 -15
leaf_value=-4.224400367881242e-06 3.1846417973766525e-05 -0.0008236398689069074 -0.00022350872434485691 1.7595895694605677e-05 -5.9215454969868686e-06 1.0814319988112774e-05 -4.4000675509330288e-05 5.1143170825416192e-05 -0.0012417314021878844 -1.1387377297724653e-05 0.0019060679952191092 5.5405508434370197e-05 0.00023460240481581627 -0.0020106916299304214
leaf_weight=527 105 21 20 18 36 172 24 35 39 59 15.999999999999998 32 19 44
leaf_count=527 105 21 20 18 36 172 24 35 39 59 16 32 19 44
internal_value=-0.000796233 -0.00250401 -0.00194352 -0.00104396 -0.0105263 0.00115385 -0.000721925 8.57143e-05 -0.00220408 0.00252632 -0.00516556 -0.001875 -0.0046875 -0.00779221
internal_weight=1167 622 601 545 56 545 373 349 244 94 150 111 95 76
internal_count=1167 622 601 545 56 545 373 349 244 94 150 111 95 76
is_linear=0
shrinkage=0.03


Tree=552
num_leaves=15
num_cat=0
split_feature=17 17 11 12 12 25 33 7 43 36 39 23 13 51
split_gain=3.79387 3.62689 4.30513 3.2712 8.06129 6.09372 7.40385 4.25647 4.23514 4.09302 3.40994 2.97543 3.87127 4.59354
threshold=3.192417061611375 2.8943381180223291 0.26731597683300101 0.64119671030547176 0.8765243902439025 24.500000000000004 4.9568083236482625 2.711385174018234 1.1300356939925376 4.0149078003526784 3.2870588235294123 9.3001571186813532 0.23824856493112348 5.4946950327376234
decision_type=2 2 2 2 2 2 2 2 2 2 2 2 2 2
left_child=1 2 -1 5 -5 6 9 -6 11 -2 -7 12 -8 -14
right_child=3 -3 -4 4 7 10 8 -9 -10 -11 -12 -13 13 -15
leaf_value=8.2432244415397977e-07 1.2058476596843448e-06 -2.1288618694391692e-05 -9.5401040833601451e-05 0.00010246865512798742 -1.6577728023863814e-05 1.6671609438967393e-07 -0.00047653849899020661 0.00076321468177163395 0.00070109904199680529 -0.0008204759607208156 -8.8438278889038094e-05 1.6206858515355192e-05 3.0026352168427416e-06 3.0266904787398241e-05
leaf_weight=305 64 91 17 41 90 188 18 24 26 21 151 27 95 35
leaf_count=305 64 91 17 41 90 188 18 24 26 21 151 27 95 35
internal_value=7.53769e-05 -0.00224638 -0.000743034 0.00130602 0.00519231 0.000335463 0.00355401 0.00104348 0.00668317 -0.00383721 -0.00238235 0.00494318 0.00322148 0.00503817
internal_weight=1193 413 322 780 155 625 286 114 201 85 339 175 148 130
internal_count=1193 413 322 780 155 625 286 114 201 85 339 175 148 130
is_linear=0
shrinkage=0.03


Tree=553
num_leaves=15
num_cat=0
split_feature=35 35 14 35 14 19 12 20 9 35 30 34 14 27
split_gain=4.51736 6.88039 5.1644 4.76646 3.79235 4.87147 4.43538 3.74283 3.39076 3.33426 3.61922 3.06066 3.05045 3.77917
threshold=0.75039454540416684 0.62522600615269486 0.9862196531791908 0.8128434992603778 0.30172429447119758 0.33148352472156767 0.36497402931693879 2.4584900236601919 0.3259766438530336 0.87532709348845583 0.87902439024390255 10.78572504739912 0.38394164512818901 19.500000000000004
decision_type=2 2 2 2 2 2 2 2 2 2 2 2 2 2
left_child=1 2 4 -2 6 8 -1 -4 -6 10 -5 -3 13 -12
right_child=3 11 7 9 5 -7 -8 -9 -10 -11 12 -13 -14 -15
leaf_value=-1.065320426356764e-05 7.9151968126067728e-06 -0.00022676554466038421 0.0033637309983358919 1.7567038703082683e-05 -0.0028785675764011025 -8.518535965704732e-06 3.9628081719612625e-05 -0.0021715495536061722 -4.9039057185044083e-05 6.8465383961992251e-06 -4.0351689636958233e-06 -1.8373316220881008e-05 -7.6147844964036256e-06 1.483894809466646e-05
leaf_weight=105 75 16.000000000000004 23 15.999999999999998 14.999999999999998 175 151 19 199 230 49 14.999999999999998 78 57
leaf_count=105 75 16 23 16 15 175 151 19 199 230 49 15 78 57
internal_value=-0.000808824 -0.00233658 -0.00170058 0.00136364 -0.00236842 -0.00423077 0.000466926 0.00837209 -0.00725581 0.000139211 -0.00268657 -0.0159375 -0.00389189 -0.000560748
internal_weight=1223 718 687 505 645 389 256 42 214 430 200 31 184 106
internal_count=1223 718 687 505 645 389 256 42 214 430 200 31 184 106
is_linear=0
shrinkage=0.03


Tree=554
num_leaves=15
num_cat=0
split_feature=39 3 49 51 5 3 5 24 9 24 42 33 42 34
split_gain=4.17356 3.4921 5.12604 3.93879 6.35588 3.68684 3.29657 3.29752 6.17651 4.12652 2.14474 1.9463 1.94998 2.78704
threshold=0.90625000000000011 5.8135225171878959 1.7877093956071803 6.1711931212084634 4.8143539553493229 6.1497871658425884 0.53959062302381255 0.99659104890255046 1.3176095755613735 0.99515104386356701 8.2993294544433525 1.2546012611655517 10.238386543929932 19.910820963977148
decision_type=2 2 2 2 2 2 2 2 2 2 2 2 2 2
left_child=-1 2 3 6 -5 -3 -2 9 -9 11 -6 -8 13 -13
right_child=1 5 -4 4 10 -7 7 8 -10 -11 -12 12 -14 -15
leaf_value=-0.00030044719228306427 -7.4726842942889063e-05 -0.00030856942001217469 0.0014592004772904475 0.0011578322881226465 1.9844490901113066e-05 -6.018931043923148e-05 2.8175959654688774e-05 -0.0011405962217342213 1.2163464406049761e-05 0.0030655039489331523 -0.00017411390226857614 -1.138351848354313e-06 1.3266177175839111e-05 -8.001592540086588e-05
leaf_weight=20 24 14.999999999999998 25 31 17 26 22 24 38 15.999999999999998 18 876 14.999999999999998 28
leaf_count=20 24 15 25 31 17 26 22 24 38 16 18 876 15 28
internal_value=-0.00102843 -0.000790816 -0.000475771 -0.000783784 0.00626866 -0.00928571 -0.00123563 -0.000970588 -0.00761905 -0.000532359 -0.0025 -0.000796178 -0.00101087 -0.00119337
internal_weight=1195 1175 1134 1109 66 41 1043 1019 62 957 35 941 919 904
internal_count=1195 1175 1134 1109 66 41 1043 1019 62 957 35 941 919 904
is_linear=0
shrinkage=0.03


Tree=555
num_leaves=15
num_cat=0
split_feature=43 24 40 37 30 4 9 24 42 38 23 17 23 31
split_gain=4.85997 4.06211 7.88644 5.05663 4.67922 4.06867 3.34543 3.77236 2.92117 2.95115 4.45093 3.88515 5.14446 5.90934
threshold=1.5249964284600714 0.9989896148397307 1.6674278448086459 2.4090865443215725 0.90336134453781525 4.9690161639641692 0.59560019522842034 0.77910041686619225 10.157174693333596 0.066632653061224498 1.6430035610397375 3.6367721616223698 5.3327170978393275 11.500000000000002
decision_type=2 2 2 2 2 2 2 2 2 2 2 2 2 2
left_child=1 2 3 8 -5 -3 -2 -8 9 10 -1 -12 -13 -14
right_child=6 5 -4 4 -6 -7 7 -9 -10 -11 11 12 13 -15
leaf_value=-0.0008949962075857986 -5.4296839239315748e-07 0.0070802425844100755 -0.001151106133798283 4.1446357610275264e-05 0.00024744224053000418 1.9249156174077077e-05 -0.002278172127693674 -0.00018786608863053278 0.0070047830930152939 2.8444508246877606e-06 -1.7798890825212189e-05 0.00044620532082733418 -0.00024431785691538644 2.0041308054108417e-06
leaf_weight=25 99 15.999999999999998 14.999999999999998 65 23 21 29 85 22 584 56 14.999999999999998 15.999999999999998 113
leaf_count=25 99 16 15 65 23 21 29 85 22 584 56 15 16 113
internal_value=-0.000253165 0.000648148 0.000256684 0.000619565 0.00741573 0.0102632 -0.00434579 -0.00782609 -0.000108173 -0.000407407 -0.00331858 -0.00179104 0.000827586 -0.00115385
internal_weight=1184 971 934 919 88 37 213 114 831 809 225 200 144 129
internal_count=1184 971 934 919 88 37 213 114 831 809 225 200 144 129
is_linear=0
shrinkage=0.03


Tree=556
num_leaves=15
num_cat=0
split_feature=1 21 35 35 9 30 42 12 42 4 38 23 23 14
split_gain=5.82848 5.20167 4.81775 4.8443 5.3869 4.38921 4.85276 5.42542 3.97176 3.58641 3.54892 3.33375 4.07954 3.66187
threshold=1.8228093691213478 4.9648051892643386 0.023763082810921946 0.43723904058291058 1.5750227767015812 0.99056603773584917 5.1369721306921825 0.16408778862753562 5.6536818012633496 2.7037209474792308 0.51203277009728632 9.3410096924196626 9.3134678123573895 0.40015855847121357
decision_type=2 2 2 2 2 2 2 2 2 2 2 2 2 2
left_child=1 5 9 -4 -5 6 -1 -8 -9 -2 -7 12 -10 -13
right_child=2 -3 3 4 -6 10 7 8 11 -11 -12 13 -14 -15
leaf_value=-7.9244265016527104e-05 -5.6589065240673083e-05 -0.00027771269951564647 0.00043281916120251561 -0.00036102200364733104 7.4291720253678582e-05 -8.0430655178442838e-06 2.4571884459325676e-05 0.00039340917563288443 2.2765899539992086e-06 -0.00086203069467007728 7.0032186856086034e-05 2.9611201838484201e-05 -3.0598010430951114e-05 -2.4331734749294399e-06
leaf_weight=73 61 14.999999999999998 17 20 19 137 31 20 614 93 17 42 15.999999999999998 20
leaf_count=73 61 15 17 20 19 137 31 20 614 93 17 42 16 20
internal_value=-0.000877926 9.12779e-05 -0.00540284 0.00210526 -0.00375 0.000370752 0.00124847 0.00197581 0.00143058 -0.00812903 -0.00425806 0.00103896 0.000380349 0.00761905
internal_weight=1195 985 210 56 39 970 816 743 712 154 154 692 630 62
internal_count=1195 985 210 56 39 970 816 743 712 154 154 692 630 62
is_linear=0
shrinkage=0.03


Tree=557
num_leaves=15
num_cat=0
split_feature=10 13 10 24 42 9 41 41 10 9 42 13 23 13
split_gain=4.41503 2.90452 4.40986 4.06737 4.725 4.40988 6.76455 5.91836 3.81327 3.88436 4.32505 3.45557 6.74497 6.15738
threshold=0.0099082296714692857 0.58117857712393362 0.037876879397253115 0.86767444852857223 10.07218036330573 1.5107578708023099 8.2993294544433525 8.6776178370319261 0.028246002775682021 0.48915630151840417 7.7923235103270914 0.12257261312590607 1.6986222905051933 0.23982979347786218
decision_type=2 2 2 2 2 2 2 2 2 2 2 2 2 2
left_child=-1 2 -2 4 -4 6 11 -8 -3 10 -10 12 -5 -13
right_child=1 8 3 5 -6 -7 7 -9 9 -11 -12 13 -14 -15
leaf_value=-0.005732722050671323 -8.6149440600221663e-05 0.00038783910251774967 9.475513527429369e-07 -1.9485332518132113e-05 -2.5122104816301947e-05 8.3995124858163018e-05 -0.0004716051635781604 1.5391435177036783e-06 -0.00010481833321885347 -3.4518671324637596e-06 -0.0016751514530555156 -0.00071146641923269804 0.0011570677651994625 5.7149408656134158e-05
leaf_weight=14.999999999999998 69 28 224 22 14.999999999999998 64 17 23 35 564 18 19 37 55
leaf_count=15 69 28 224 22 15 64 17 23 35 564 18 19 37 55
internal_value=-0.00121891 -0.00100756 0.000604396 0.00163522 -0.001125 0.00441176 0.00189655 -0.00878049 -0.00236842 -0.00286408 -0.0105556 0.00514925 0.0105 0.0008
internal_weight=1205 1190 545 476 239 237 173 40 645 617 53 133 59 74
internal_count=1205 1190 545 476 239 237 173 40 645 617 53 133 59 74
is_linear=0
shrinkage=0.03


Tree=558
num_leaves=15
num_cat=0
split_feature=13 13 51 23 23 19 12 4 4 36 11 14 23 21
split_gain=4.726 5.48748 3.87644 4.71581 6.34134 6.53472 6.12494 3.76654 3.51565 3.70939 3.39117 3.35721 2.99332 4.56429
threshold=0.58505550307038268 0.5825373039959536 6.2014002617700674 6.5067536557574774 5.5792316181851573 0.10990338164251208 0.60079133079398839 4.6847915197772698 2.7398883960964699 3.6345667940657873 0.1476292386062813 0.3844043231439222 9.4124221342698302 4.9471765727175088
decision_type=2 2 2 2 2 2 2 2 2 2 2 2 2 2
left_child=1 12 3 4 8 -6 -5 -4 9 10 -2 -3 -1 -14
right_child=2 11 7 6 5 -7 -8 -9 -10 -11 -12 -13 13 -15
leaf_value=2.340984673555868e-07 0.00058483368012265664 3.7482422745649249e-05 0.0011312697729630038 -0.0025751076013613055 -2.3122810119424739e-05 0.00062873102137064093 -4.5230468503429098e-05 -9.5718305940254434e-05 -0.00066582429978177034 -0.00053247633789391016 -1.9381963831776594e-05 1.9792651965988559e-06 6.7702794962805067e-05 -0.00012316091351342705
leaf_weight=808 24 29 15.000000000000002 36 14.999999999999998 20 24 15.999999999999998 22 33 76 31 34 17
leaf_count=808 24 29 15 36 15 20 24 16 22 33 76 31 34 17
internal_value=9.99167e-05 0.0011413 -0.00329787 -0.00454183 -0.00219895 0.00916667 -0.0118033 0.0065625 -0.00480769 -0.00291045 0 0.00983607 0.000523256 0.0075
internal_weight=1200 919 281 250 190 35 60 31 155 133 100 60 859 51
internal_count=1200 919 281 250 190 35 60 31 155 133 100 60 859 51
is_linear=0
shrinkage=0.03


Tree=559
num_leaves=15
num_cat=0
split_feature=1 43 38 0 10 11 24 14 24 1 43 35 0 41
split_gain=5.32826 3.73036 3.81334 4.75712 5.96463 5.07978 4.17992 3.96651 4.65689 7.0777 3.52131 3.42552 3.39115 4.38083
threshold=1.7159230228493627 1.2428607132407901 0.069584328413672139 5.0000000000000009 0.13224116079340101 0.1028647391766193 0.91029893843789844 0.38338485926276772 0.9532325991024333 1.1901056208558034 0.65051499783199074 0.87527745417967806 7.5000000000000009 4.2531849241858932
decision_type=2 2 2 2 2 2 2 2 2 2 2 2 2 2
left_child=1 2 6 7 -5 -6 -1 11 9 10 -9 -4 13 -7
right_child=-2 -3 3 4 5 12 -8 8 -10 -11 -12 -13 -14 -15
leaf_value=1.3266160023656103e-05 -1.5862767557148772e-05 3.6241164272491356e-05 5.2201829763432284e-05 -0.00056398102731051005 0.00011423533044260692 -0.0003419913924385254 -1.7339637989594035e-06 0.00039313225644956371 1.5868470957973725e-05 -0.00017672478081420001 -9.3738439469948079e-06 2.7745657177971614e-05 1.8924385676688525e-06 -1.3342199789156961e-06
leaf_weight=56 475 105 56 36 15.999999999999998 42 37 14.999999999999998 19 26 22 47 139 112
leaf_count=56 475 105 56 36 16 42 37 15 19 26 22 47 139 112
internal_value=-0.000872093 0.000740741 -0.000144231 -0.00112994 -0.00320809 -0.00183871 0.00542553 0.00274194 -0.00216867 -0.00609375 0.00236842 0.00663462 -0.0027551 -0.00580645
internal_weight=1203 728 623 530 345 309 93 185 82 63 37 103 293 154
internal_count=1203 728 623 530 345 309 93 185 82 63 37 103 293 154
is_linear=0
shrinkage=0.03


Tree=560
num_leaves=15
num_cat=0
split_feature=18 13 20 26 8 9 51 5 9 30 31 14 35 35
split_gain=3.33984 5.5345 5.72108 4.90777 4.67864 3.99753 3.69958 3.99738 3.23468 4.45451 4.25601 5.56566 5.38322 7.43194
threshold=1.5312909921140818 0.29426843316339357 1.4842414742769676 3.848901098901099 0.87409401350310023 0.53901148269510124 6.1135751562034857 4.6532291574466962 0.48915630151840417 0.94044811320754729 16.500000000000004 0.4006401790031196 0.81294777582649924 0.87532709348845583
decision_type=2 2 2 2 2 2 2 2 2 2 2 2 2 2
left_child=1 2 3 5 -3 -1 -2 -8 -6 -10 12 -12 -11 -14
right_child=6 4 -4 -5 8 -7 7 -9 9 10 11 -13 13 -15
leaf_value=3.4958166971055246e-06 -0.00017554436746661966 -0.00011586174594915621 4.6464851102827051e-05 -0.00016517768463038761 -0.00018905570274490414 0.00081192559890515216 0.0010978075628008232 -2.3230050570477443e-06 9.9659368888171951e-06 -5.2886865231027699e-07 1.2158781147475483e-05 -3.5619565386957317e-05 -3.0934371382518169e-05 1.3552149573476807e-05
leaf_weight=80 176 14.999999999999998 104 52 76 19 19 76 258 106 116 23 53 26
leaf_count=80 176 15 104 52 76 19 19 76 258 106 116 23 53 26
internal_value=-0.000275 0.00058127 0.00433594 0.000592105 -0.000845697 0.0045 -0.00319853 0.0015625 -0.000455235 0.000308748 -0.00203077 0.00192857 -0.005 -0.010875
internal_weight=1199 928 255 151 673 99 271 95 658 582 324 139 185 79
internal_count=1199 928 255 151 673 99 271 95 658 582 324 139 185 79
is_linear=0
shrinkage=0.03


Tree=561
num_leaves=15
num_cat=0
split_feature=36 42 43 5 22 8 11 24 42 22 34 36 13 42
split_gain=3.59905 3.3574 5.05333 4.82459 4.68448 5.64837 4.29132 4.46348 6.88403 4.16534 3.99372 7.12459 4.6104 5.5353
threshold=12.240486493242107 8.7315597453869476 2.1088998399735588 1.9637621704375146 9.4857735215633276 2.6683699167459221 0.13847178924309458 0.82949502552669785 10.393549341466228 8.4866833676390669 0.78237729154346558 7.0438221371444127 0.58093411828737762 8.2993294544433525
decision_type=2 2 2 2 2 2 2 2 2 2 2 2 2 2
left_child=1 2 4 -3 5 -1 7 -5 -9 -7 -6 -12 13 -13
right_child=-2 3 -4 6 10 9 -8 8 -10 -11 11 12 -14 -15
leaf_value=-7.0036616870494665e-07 -4.550139430458344e-05 1.6087483467155799e-05 -0.00056377683928317875 -2.034623038889016e-06 2.7293877749259287e-05 0.00033379161077139006 -3.1021206798387266e-05 0.00041298021480148158 -0.0003070931413054878 1.2653179604719122e-05 -0.0020360813761512095 4.5457746922474841e-05 2.1838082487181663e-05 -0.00021416354630249046
leaf_weight=632 44 19 77 70 42 26 96 53 15.999999999999998 27 23 22 21 18
leaf_count=632 44 19 77 70 42 26 96 53 16 27 23 22 21 18
internal_value=-0.00101095 -0.000682415 -0.00155231 0.00235294 -0.000849754 0.000131195 0.00114407 0.0045 0.00985714 0.00944444 -0.00614173 -0.00988235 -0.00435484 -0.0102439
internal_weight=1186 1142 888 254 811 685 235 139 69 53 126 84 61 40
internal_count=1186 1142 888 254 811 685 235 139 69 53 126 84 61 40
is_linear=0
shrinkage=0.03


Tree=562
num_leaves=15
num_cat=0
split_feature=24 5 20 20 37 5 42 39 34 21 14 3 4 42
split_gain=4.20033 3.25442 3.22065 7.35558 2.97239 4.33184 3.21218 3.73208 8.1114 5.05952 4.12895 3.1002 2.86739 3.95384
threshold=0.99984746627541898 4.7815294091008909 1.5377734806962657 1.4697596263093093 1.4064566783214281 2.0897758955825942 7.1131229976060686 3.1815803244374679 11.098837926051877 2.5013801715586879 0.38162727054954176 2.5792114032924416 2.126995931406086 8.0117355340274514
decision_type=2 2 2 2 2 2 2 2 2 2 2 2 2 2
left_child=2 -2 3 12 -4 -6 7 8 10 -9 -7 -8 13 -1
right_child=1 -3 4 -5 5 6 11 9 -10 -11 -12 -13 -14 -15
leaf_value=-2.4436628206510323e-06 -0.00049205947236830245 -0.00021408350724192449 -7.097479027083048e-05 -0.00016759929034471766 5.5885100834801579e-05 -3.8592411446200128e-05 -0.00069512687269105084 2.6635320341029665e-05 -0.00011476256624204095 8.6151650678045751e-06 9.8957580324916114e-05 2.1677337472547629e-07 -0.0001855234311991838 3.8385150809047419e-05
leaf_weight=170 14.999999999999998 17 70 20 41 18 20 49 19 34 19 610 56 15.999999999999998
leaf_count=170 15 17 70 20 41 18 20 49 19 34 19 610 56 16
internal_value=-0.000357447 -0.0109091 -5.24934e-05 -0.00296578 0.000817253 0.00133169 0.000818182 0.00492857 -0.00105263 0.00892857 0.00710526 -9.50872e-05 -0.00148148 0.000320856
internal_weight=1174 32 1142 262 880 810 769 139 56 83 37 630 242 186
internal_count=1174 32 1142 262 880 810 769 139 56 83 37 630 242 186
is_linear=0
shrinkage=0.03


Tree=563
num_leaves=15
num_cat=0
split_feature=39 40 34 13 13 1 42 41 23 0 0 41 23 43
split_gain=3.42619 3.56177 3.24595 2.86733 5.56109 4.72026 4.59715 4.45031 8.35094 5.31664 6.77132 5.00388 4.38039 3.97117
threshold=51.875000000000007 1.7030997118316566 0.99999064534637172 0.58131474192134258 0.58071022460470123 1.6283588729887437 10.157174693333596 8.6776178370319261 5.2979624000158223 7.5000000000000009 5.0000000000000009 7.5007907163319478 6.5526667654064159 1.2428607132407901
decision_type=2 2 2 2 2 2 2 2 2 2 2 2 2 2
left_child=1 3 -2 4 5 13 -5 8 9 10 -7 -10 -6 -1
right_child=2 -3 -4 6 12 7 -8 -9 11 -11 -12 -13 -14 -15
leaf_value=-1.6160656167274468e-06 -0.0005060546483320838 2.117643681132375e-05 1.1786185003970217e-07 -4.3513764269942356e-06 -2.1256081608387878e-05 -5.0398938853946864e-05 0.010707694940387156 4.8738708452429337e-05 -0.00025640056208039996 -0.00056827032718461952 0.0047005906891961526 -0.00096712330567997164 2.5736460037660834e-05 0.00013308990192331614
leaf_weight=189 51 49 35 539 35 34 18 22 31 22 28 18 62 74
leaf_count=189 51 49 35 539 35 34 18 22 31 22 28 18 62 74
internal_value=-0.000471854 -2.6738e-05 -0.0062069 -0.000391426 0.00122093 -0.000286396 -0.00188172 -0.00442308 -0.00649254 -0.000705882 0.00380952 -0.0162 0.00765306 0.00215909
internal_weight=1207 1121 86 1072 515 418 557 155 133 84 62 49 97 263
internal_count=1207 1121 86 1072 515 418 557 155 133 84 62 49 97 263
is_linear=0
shrinkage=0.03


Tree=564
num_leaves=15
num_cat=0
split_feature=1 31 34 33 22 6 44 12 12 22 29 34 11 31
split_gain=5.96032 4.88588 6.00978 6.75311 6.26398 4.68108 3.79024 3.37775 3.28125 3.10588 6.125 3.61026 2.91997 2.85556
threshold=1.7520314413393463 19.500000000000004 16.163633974352219 11.524506689449421 12.044376294546206 2.1105375083058608 1.0602869656029252 0.28428057791265343 0.16359130957148579 7.6052603798408658 13.41346153846154 16.194864034614536 0.083042387888356092 59.000000000000007
decision_type=2 2 2 2 2 2 2 2 2 2 2 2 2 2
left_child=1 2 4 -4 5 6 8 -2 -1 10 -3 -11 -6 -9
right_child=7 9 3 -5 12 -7 -8 13 -10 11 -12 -13 -14 -15
leaf_value=1.9166040336247301e-05 -0.00029800109121611793 5.7545253265376958e-05 -5.4815223283246618e-05 1.9927237974126654e-06 5.0805234323334498e-05 0.00015010681042587902 -0.00020583358575375409 -0.00011212896514575687 -4.0650062370861662e-07 1.8518579973397786e-07 -0.00016065196416144926 9.4362925732296432e-05 0.00011949359938526526 9.2181572118770196e-05
leaf_weight=42 27 15.000000000000002 29 31 19 20 26 249 652 15.999999999999998 14.999999999999998 38 17 14.999999999999998
leaf_count=42 27 15 29 31 19 20 26 249 652 16 15 38 17 15
internal_value=-0.000272277 0.000912052 0.000215054 -0.00885246 0.000926641 0.000323887 -8.32178e-05 -0.00400685 0.000345324 0.00776471 0 0.012 0.012973 -0.0029434
internal_weight=1211 920 836 60 776 740 720 291 694 84 30 54 36 264
internal_count=1211 920 836 60 776 740 720 291 694 84 30 54 36 264
is_linear=0
shrinkage=0.03


Tree=565
num_leaves=15
num_cat=0
split_feature=13 10 41 36 20 38 6 13 34 22 14 42 33 42
split_gain=5.17327 4.77025 5.42471 8.06097 4.47249 3.88929 3.87202 4.20323 4.20138 5.78934 3.83089 3.06048 2.72421 2.34173
threshold=0.58668142992723837 0.029060350337545299 7.443148948966253 3.119423463171155 5.2919624428315943 0.99998468137254914 2.4115903438861186 0.5825373039959536 14.695637441959631 8.3679430951756366 0.572867536275247 8.3934495283363635 1.9661353879497454 10.483797810117629
decision_type=2 2 2 2 2 2 2 2 2 2 2 2 2 2
left_child=4 11 3 5 6 12 7 10 9 -9 13 -2 -3 -1
right_child=1 2 -4 -5 -6 -7 -8 8 -10 -11 -12 -13 -14 -15
leaf_value=2.930381390642278e-06 0.00041742974515615149 -4.3175453634156646e-05 9.4024366043735653e-05 -0.00048072324751306626 -0.0007095434852847632 -0.00025540892316912311 0.00018559136792791308 2.3864893535621155e-05 -2.2392176130081598e-06 5.84951182962623e-05 -0.0012331376193190479 -3.6325926770378602e-05 0.00035315465444750948 3.032534735110004e-05
leaf_weight=754 15.000000000000002 20 21 142 28 34 28 19 18 23 18 14.999999999999998 35 22
leaf_count=754 15 20 21 142 28 34 28 19 18 23 18 15 35 22
internal_value=0.00015088 -0.00339223 -0.00474308 -0.00607759 0.00125137 0.001 0.0016308 0.00126316 0.00885246 0.0139535 0.000679245 0.00774194 0.00589286 0.00100386
internal_weight=1192 282 252 231 910 89 882 854 60 42 794 30 55 776
internal_count=1192 282 252 231 910 89 882 854 60 42 794 30 55 776
is_linear=0
shrinkage=0.03


Tree=566
num_leaves=15
num_cat=0
split_feature=10 10 42 24 34 50 0 20 8 7 23 10 0 20
split_gain=5.57631 5.94664 5.51139 5.63607 4.32464 4.23932 3.90111 12.5972 7.27755 6.6035 5.98452 5.71563 12.2712 10.6053
threshold=0.50936843487394967 0.43913184994510662 10.157174693333596 0.91932952438093174 14.256357415339748 3.83697218166215 7.5000000000000009 1.1300356939925376 1.4982558360770895 3.496015318017013 6.792616846095977 0.31463883068941439 5.0000000000000009 0.97712125471966249
decision_type=2 2 2 2 2 2 2 2 2 2 2 2 2 2
left_child=1 5 3 4 -2 6 10 -8 -9 -10 11 12 -1 -14
right_child=2 -3 -4 -5 -6 -7 7 8 9 -11 -12 -13 13 -15
leaf_value=-4.2758699888060247e-05 7.9666191585614496e-07 -0.00043292994738083511 0.0043712415882044865 2.0337703122415561e-05 -5.5486344830502074e-06 0.001149732622673707 -0.0019344827933791585 0.00029729608138531646 -0.00017126631057986952 7.7661809302198567e-05 -9.5321822968550408e-05 -9.7744783312412321e-05 0.0073842239993776324 2.2145134128521982e-05
leaf_weight=99 292 44 22 215 101 29 31 14.999999999999998 50 28 105 70 36 57
leaf_count=99 292 44 22 215 101 29 31 15 50 28 105 70 36 57
internal_value=-0.000702929 -0.00286726 0.00123613 0.000689655 -0.0014467 -0.00195777 -0.00262195 -0.0072 -0.00159574 -0.00531646 -0.00105978 0.00136882 0.00404145 0.0118085
internal_weight=1194 564 630 608 393 520 491 124 93 78 367 262 192 93
internal_count=1194 564 630 608 393 520 491 124 93 78 367 262 192 93
is_linear=0
shrinkage=0.03


Tree=567
num_leaves=15
num_cat=0
split_feature=1 6 4 3 0 39 6 22 0 29 51 14 10 16
split_gain=3.51273 9.20244 3.99756 4.48666 4.45206 8.61644 3.68332 6.30546 9.71634 7.5921 3.53521 4.39259 3.25184 2.83383
threshold=1.7283348147118789 2.1105375083058608 3.0417459349169049 4.3950277462276448 5.0000000000000009 4.8220588235294128 1.7596514246177146 11.54912393278568 7.5000000000000009 0.51274509803921575 4.0276517351467147 0.28482455050594752 0.45183946488294324 0.32873988439306362
decision_type=2 2 2 2 2 2 2 2 2 2 2 2 2 2
left_child=1 13 3 4 10 6 7 8 9 -6 -2 -12 -7 -1
right_child=2 -3 -4 -5 5 12 -8 -9 -10 -11 11 -13 -14 -15
leaf_value=-7.2353347178255586e-07 4.950474705298524e-05 0.00018033283037646619 -0.00020896827389259241 0.011447626209780855 2.1480780104666531e-05 -0.00011563875545970603 -8.2187900839813529e-05 0.0092458940041016627 -0.0010743521745893657 0.0074098155611954306 1.7918522233615896e-05 -0.0017000003952513606 -0.00041994204895940909 7.6692776668280108e-05
leaf_weight=816 25 20 130 15.999999999999998 27 15.000000000000002 18 15.999999999999998 19 19 15.999999999999998 30 15.999999999999998 17
leaf_count=816 25 20 130 16 27 15 18 16 19 19 16 30 16 17
internal_value=-0.000649459 0.000386417 -0.00318966 -0.000688073 -0.00193069 0.00137405 0.0057 0.00841463 0.00409091 0.0114894 -0.00791667 -0.012766 -0.0121875 -0.000107914
internal_weight=1200 853 347 217 201 130 99 81 65 46 71 46 31 833
internal_count=1200 853 347 217 201 130 99 81 65 46 71 46 31 833
is_linear=0
shrinkage=0.03


Tree=568
num_leaves=15
num_cat=0
split_feature=41 25 35 51 35 6 35 41 21 14 14 31 14 34
split_gain=5.23515 2.71891 4.97234 7.79214 7.44812 5.11542 3.73274 3.31161 3.13097 6.34276 5.01391 3.31676 3.39929 2.66652
threshold=10.157174693333596 21.500000000000004 0.81321741511500567 5.0581070093835905 0.81294777582649924 2.1105375083058608 0.75067558111232824 7.0365565354368034 1.616396116057135 0.029043196225858766 0.38547099947355551 20.500000000000004 0.3852993820370984 12.063836837294334
decision_type=2 2 2 2 2 2 2 2 2 2 2 2 2 2
left_child=1 2 4 -4 5 6 -1 13 -3 -10 11 12 -11 -5
right_child=-2 8 3 7 -6 -7 -8 -9 9 10 -12 -13 -14 -15
leaf_value=-5.8266667750195291e-06 -0.00023653896444877142 -0.00016430603528365672 0.0002011178138581833 1.0062040865995158e-05 -2.2422089506022866e-05 0.0001131403145896015 9.8431145530986086e-06 2.6707293304565338e-05 0.0023980315689620234 -2.3882729605388119e-05 2.5344332427601476e-06 0.00013609562621471171 -2.3034197420599423e-05 -0.00011185328947449696
leaf_weight=459 24 22 20 39 18 14.999999999999998 55 43 14.999999999999998 174 237 15.999999999999998 18 17
leaf_count=459 24 22 20 39 18 15 55 43 15 174 237 16 18 17
internal_value=-0.000818414 -0.000522193 0.00071964 0.00625 -0.000492701 0.000169811 -0.000349515 0.0027 -0.00223602 -0.00169197 -0.00235426 -0.00574163 -0.00683938 -0.00210526
internal_weight=1172 1148 666 119 547 529 514 99 482 460 445 208 192 56
internal_count=1172 1148 666 119 547 529 514 99 482 460 445 208 192 56
is_linear=0
shrinkage=0.03


Tree=569
num_leaves=15
num_cat=0
split_feature=41 13 13 51 14 42 13 42 6 22 33 42 42 14
split_gain=6.91951 3.21638 5.53828 5.86599 4.52773 5.55939 5.46891 9.0529 4.35059 4.18155 3.81057 7.4001 3.74107 3.42015
threshold=10.157174693333596 0.58668142992723837 0.58293775017067895 5.6046228921225305 0.59111063767459837 10.157174693333596 0.6140061986586961 8.0537255981043341 4.3565567618028735 13.675376409990834 3.2105953285132043 7.2943334466545817 7.559964235332135 0.49272477177835972
decision_type=2 2 2 2 2 2 2 2 2 2 2 2 2 2
left_child=1 2 3 13 6 10 12 -8 9 -5 -6 -12 -3 -1
right_child=-2 4 -4 8 5 -7 7 -9 -10 -11 11 -13 -14 -15
leaf_value=-2.7768553812534957e-06 -0.00022257038931326354 -0.00037086363578539723 7.732281760414128e-05 2.2204427232635215e-05 3.6000064326359439e-05 0.013236844978669829 0.00031994777600078295 -0.00078924006365683303 -0.00044934026414625625 0.0014297527075439697 -0.001775657193395378 4.5833237911110381e-05 -0.00030262201778066263 7.5795355746521856e-05
leaf_weight=677 21 20 21 106 85 14.999999999999998 56 45 14.999999999999998 15.999999999999998 19 22 14.999999999999998 57
leaf_count=677 21 20 21 106 85 15 56 45 15 16 19 22 15 57
internal_value=-0.00105793 -0.00074359 0.000134378 -0.000240826 -0.00356115 0.000211268 -0.00744526 -0.00382353 0.00543478 0.00731707 -0.00188976 -0.00928571 -0.0175 -0.00130612
internal_weight=1190 1169 892 871 277 141 136 101 137 122 126 41 35 734
internal_count=1190 1169 892 871 277 141 136 101 137 122 126 41 35 734
is_linear=0
shrinkage=0.03


Tree=570
num_leaves=15
num_cat=0
split_feature=14 14 6 13 23 36 23 24 24 33 23 35 23 23
split_gain=6.6325 4.8284 4.2132 4.27683 5.82748 3.6742 5.59998 5.52426 5.5873 4.65093 4.94334 8.17448 7.20484 4.29945
threshold=0.38087778102705205 0.38180051687855782 2.1105375083058608 0.58176562597333847 5.9730425674085694 3.0455181666975997 6.2308483596656616 0.93994777019457698 0.80025252525252533 8.7776127829206025 7.7468370982595651 0.87524647022504942 8.1709688440659622 4.9133713831169876
decision_type=2 2 2 2 2 2 2 2 2 2 2 2 2 2
left_child=2 -2 3 -1 -5 13 7 8 -7 -8 11 -11 -12 -3
right_child=1 5 -4 4 -6 6 9 -9 -10 10 12 -13 -14 -15
leaf_value=-1.2601394824205414e-05 2.8487129482407876e-05 1.101324812184501e-05 0.003357462334738397 4.3604510938737985e-05 -8.3252995890538135e-05 -0.00023767330804600804 1.6654392174628994e-05 -0.0010878969717959919 0.00067848188373656774 -7.6503313327673793e-05 2.8007470297890524e-05 -1.2637587554231722e-06 -1.9372329658295937e-06 0.0001074722444795162
leaf_weight=283 27 126 19 24 98 62 244 60 24 21 14.999999999999998 43 135 21
leaf_count=283 27 126 19 24 98 62 244 60 24 21 15 43 135 21
internal_value=4.98753e-05 0.00169448 -0.00296471 -0.00362069 -0.00829268 0.0012367 0.000198347 -0.00489796 0 0.00183007 -0.00139535 -0.00830769 0.0015894 0.00547297
internal_weight=1202 778 424 405 122 751 604 146 86 458 214 64 150 147
internal_count=1202 778 424 405 122 751 604 146 86 458 214 64 150 147
is_linear=0
shrinkage=0.03


Tree=571
num_leaves=15
num_cat=0
split_feature=41 19 43 0 41 0 9 38 10 3 41 10 24 12
split_gain=5.58805 3.58347 3.18763 5.76796 5.68007 5.35256 12.9975 3.6914 5.35941 7.21349 6.79499 4.41417 9.025 4.10822
threshold=10.144762901471962 0.49924012158054715 2.1088998399735588 5.0000000000000009 6.0197504358280804 7.5000000000000009 1.3320372076510503 0.043259099616858247 0.20612922705314013 1.9262399968184283 4.4495762816055846 0.32426470588235301 0.76354622714396092 0.28044121781966763
decision_type=2 2 2 2 2 2 2 2 2 2 2 2 2 2
left_child=2 -2 7 4 -4 6 -5 -1 9 -9 -11 12 -10 -12
right_child=1 -3 3 5 -6 -7 -8 8 11 10 13 -13 -14 -15
leaf_value=0.00012003555089276807 -0.00010429226278418913 1.3683668054653708e-07 -0.00081926761053544787 0.0057481866517085697 -2.6843313198723348e-05 -0.00011336981711912219 -0.00076306527187041111 -0.00013257393107849458 2.4605166670332855e-05 4.4382721371679645e-05 6.3439458261527187e-06 1.6131942188996052e-06 0.0039002420969531148 -4.9036720797377415e-05
leaf_weight=58 39 19 25 24 18 33 14.999999999999998 35 36 23 29 660 23 157
leaf_count=58 39 19 25 24 18 33 15 35 36 23 29 660 23 157
internal_value=-0.000150628 -0.00915254 0.000316623 -0.00439655 -0.0129545 0.000821918 0.00825 0.000851272 0.000404564 -0.00342857 -0.00128571 0.00170833 0.0095 -0.00320856
internal_weight=1194 58 1136 115 43 72 39 1021 963 244 209 719 59 186
internal_count=1194 58 1136 115 43 72 39 1021 963 244 209 719 59 186
is_linear=0
shrinkage=0.03


Tree=572
num_leaves=15
num_cat=0
split_feature=10 12 14 41 14 22 9 17 31 23 33 13 12 8
split_gain=4.57577 3.39502 3.91083 3.06338 2.93824 5.65227 6.63932 5.82655 4.05884 5.81336 4.32614 3.96329 3.13916 3.08781
threshold=0.015624998107906374 0.16390473405384012 0.3835061965819207 10.157174693333596 0.4919115748690483 9.6995044364127363 1.1006624243358576 7.1003649635036501 19.500000000000004 7.7727986767714565 7.1178056211599401 0.5808260125908995 0.16473530746219153 2.2564755399862455
decision_type=2 2 2 2 2 2 2 2 2 2 2 2 2 2
left_child=-1 2 -2 4 8 6 13 -7 -3 10 12 -12 -10 -6
right_child=1 3 -4 -5 5 7 -8 -9 9 -11 11 -13 -14 -15
leaf_value=-0.00029795734538236085 4.5160877441913216e-05 -2.5918079757214494e-06 -1.8060791599671388e-05 -0.00017576908249754107 2.3970997595867404e-05 0.012975775427345206 -0.0010044082113228802 0.00010304390702079655 -2.3572285173923955e-05 0.00013140264316004234 -0.00013265419968031488 1.6313408176161224e-05 5.0483922268708958e-05 0.00022648165725512535
leaf_weight=44 47 732 52 20 112 18 28 30 14.999999999999998 15.999999999999998 20 14.999999999999998 22 17
leaf_count=44 47 732 52 20 112 18 28 30 15 16 20 15 22 17
internal_value=5.04626e-05 0.000419214 0.0057 -8.60421e-05 0.000146199 0.00334951 0.00056962 0.0122449 -0.000657734 0.00539326 0.00164384 -0.00583333 0.00868421 0.00346154
internal_weight=1188 1144 99 1045 1025 205 157 48 820 88 72 35 37 129
internal_count=1188 1144 99 1045 1025 205 157 48 820 88 72 35 37 129
is_linear=0
shrinkage=0.03


Tree=573
num_leaves=15
num_cat=0
split_feature=3 35 51 20 51 51 12 39 51 0 0 36 17 22
split_gain=2.8377 6.16136 5.46957 4.6888 4.17634 4.90287 3.85783 3.86301 3.64991 5.65976 7.36501 5.76494 3.8814 3.41874
threshold=3.5084090924834279 0.43032178217821787 4.8328472727925886 1.8095466653133714 3.582049969738287 3.6422657054059164 0.58669312355131009 5.5494505494505502 3.2773761005013529 7.5000000000000009 5.0000000000000009 1.748118772583368 1.0714285714285716 6.9126929697943771
decision_type=2 2 2 2 2 2 2 2 2 2 2 2 2 2
left_child=1 4 -2 -3 8 -6 7 -7 9 10 11 -1 -12 -4
right_child=2 3 13 -5 5 6 -8 -9 -10 -11 12 -13 -14 -15
leaf_value=5.110665142659454e-05 0.00051332824148563885 -0.00077573367159747394 -0.00049042006348600788 -4.2607021481876893e-05 -0.00027211020001376097 -4.523447556326554e-05 8.87298606143419e-05 -0.001875258234974222 0.00012164345342771665 6.3186844944546067e-05 5.9052570363911374e-06 -5.2634012469259245e-05 -0.00040369921668922227 2.007757730401183e-06
leaf_weight=27 19 20 14.999999999999998 25 23 106 106 26 57 27 18 27 34 658
leaf_count=27 19 20 15 25 23 106 106 26 57 27 18 27 34 658
internal_value=-0.00020185 -0.00193159 0.00103896 -0.0123913 -0.000862832 -0.00332061 -0.00200837 -0.00541353 0.00251309 -0.000223881 -0.00336449 0.00436364 -0.0113208 0.000578635
internal_weight=1188 496 692 45 451 261 238 132 190 133 106 54 52 673
internal_count=1188 496 692 45 451 261 238 132 190 133 106 54 52 673
is_linear=0
shrinkage=0.03


Tree=574
num_leaves=15
num_cat=0
split_feature=7 35 0 10 17 42 40 22 14 30 11 19 14 14
split_gain=4.82052 6.6345 5.80306 8.84631 6.51973 5.06978 4.94847 5.10107 4.52137 3.9366 3.92727 3.73323 3.71478 4.17427
threshold=1.6811469689821157 0.38070580529969306 5.0000000000000009 0.22610294117647062 9.3532863849765278 7.1042586148161453 0.92866624821563437 4.1853368170764549 0.50930185715166798 0.97825059101654854 0.21038391172082355 0.24867405978784959 0.5147186147186148 0.093817106413438392
decision_type=2 2 2 2 2 2 2 2 2 2 2 2 2 2
left_child=1 2 3 -1 6 9 7 8 -4 12 -5 -9 13 -2
right_child=5 -3 4 10 -6 -7 -8 11 -10 -11 -12 -13 -14 -15
leaf_value=-0.00028973931268685857 -0.00019040214393448496 -0.00034280165465969679 -0.00032231401310728103 0.00026119696545793826 0.00067046969153235041 -2.4439456408187344e-06 -0.00035438289026096969 9.7353529540281648e-05 7.3233880479095512e-06 -4.930177646331739e-05 6.2281664875762918e-07 -0.00031076560805044616 -0.00020914134985401678 6.3438430197655248e-05
leaf_weight=19 29 31 35 32 20 712 15.999999999999998 23 15.999999999999998 47 22 20 40 132
leaf_count=19 29 31 35 32 20 712 16 23 16 47 22 20 40 132
internal_value=-0.00125523 -0.00510638 -0.00308824 0.00364865 -0.00687023 -0.000312175 -0.00972973 -0.00694737 -0.0132692 0.00337349 0.00981818 0.000681818 0.00519802 0.00722222
internal_weight=1194 234 203 73 130 960 110 94 51 248 54 43 201 161
internal_count=1194 234 203 73 130 960 110 94 51 248 54 43 201 161
is_linear=0
shrinkage=0.03


Tree=575
num_leaves=15
num_cat=0
split_feature=41 33 42 7 23 35 3 21 24 6 7 30 22 14
split_gain=3.62953 3.20334 5.41144 5.56631 5.14301 4.40193 8.3106 3.9089 4.54111 5.30241 3.8341 6.23457 4.30144 3.51717
threshold=10.157174693333596 8.258943287146705 6.9167958106357164 3.3919815024890334 7.0232420838627183 0.81321741511500567 3.0079584690239636 1.577808171859582 0.40068697729988056 0.81162464519895028 3.0574755408658776 0.12183055040197899 7.2740361619583309 0.38363905269938153
decision_type=2 2 2 2 2 2 2 2 2 2 2 2 2 2
left_child=1 2 3 5 -3 6 -1 8 -4 -10 12 -12 -9 -14
right_child=-2 4 7 -5 -6 -7 -8 10 9 -11 11 -13 13 -15
leaf_value=3.776779962905152e-06 -0.00020710030979337546 0.0001160703190531559 -1.6490573294685172e-05 0.00030321388654164282 3.781708019584551e-07 8.638347381684473e-05 -0.00044394412936118479 -9.042018123810336e-05 -0.00027384242355326548 -6.2490511842483443e-07 -3.7374399797307502e-05 -0.0024760675444060651 2.1203038766351295e-05 -7.9219261516977332e-06
leaf_weight=231 19 19 30 22 350 34 22 17 36 19 80 19 108 191
leaf_count=231 19 19 30 22 350 34 22 17 36 19 80 19 108 191
internal_value=-0.000826377 -0.000610687 -0.00166667 0.00145161 0.0017027 0.0003125 -0.00106299 -0.00359281 -0.0094186 -0.0144643 -0.00237981 -0.0075 -0.000757098 0.0001
internal_weight=1197 1178 809 309 369 287 253 500 85 55 415 99 316 299
internal_count=1197 1178 809 309 369 287 253 500 85 55 415 99 316 299
is_linear=0
shrinkage=0.03


Tree=576
num_leaves=15
num_cat=0
split_feature=27 38 37 22 35 24 24 17 41 36 38 21 30 22
split_gain=4.97104 4.07584 3.99187 3.47933 3.18613 2.97905 2.80845 2.71477 4.82583 5.34442 5.50655 4.68273 5.51317 4.00894
threshold=26.500000000000004 0.0075460510712309281 0.53959062302381255 2.6154606394950002 0.94170137878691285 0.99994901132937497 0.99978927444947541 12.895675149742663 8.2993294544433525 6.362127480360777 0.043259099616858247 2.6499450490353786 0.12183055040197899 10.066548071303346
decision_type=2 2 2 2 2 2 2 2 2 2 2 2 2 2
left_child=1 -1 -3 -4 -2 6 7 11 9 10 13 -5 -13 -9
right_child=4 2 3 5 -6 -7 -8 8 -10 -11 -12 12 -14 -15
leaf_value=-0.00013463906447268352 -0.00061327211782475906 4.1360201714120413e-05 -4.6443827866660122e-05 -4.3718880615717381e-07 -0.00010004414105352798 -0.0010523283931847627 0.0003899834846577066 -3.824640211409491e-05 -0.00027897585357643858 0.00021474339872180391 -0.00030547680695248649 0.0040231343724485974 3.2811608857663542e-06 0.00064014436112135975
leaf_weight=22 19 26 31 815 30 14.999999999999998 17 25 20 34 86 21 38 17
leaf_count=22 19 26 31 815 30 15 17 25 20 34 86 21 38 17
internal_value=-0.00093673 -0.000539384 -0.000287958 -0.0005625 -0.0102 -0.000275482 -8.37989e-05 -0.000283822 -0.00360656 -0.00184049 -0.00465116 0.000411429 0.0085 0.00418605
internal_weight=1216 1167 1145 1119 49 1088 1073 1056 182 162 128 874 59 42
internal_count=1216 1167 1145 1119 49 1088 1073 1056 182 162 128 874 59 42
is_linear=0
shrinkage=0.03


Tree=577
num_leaves=15
num_cat=0
split_feature=41 33 23 37 35 23 33 14 23 10 35 19 28 14
split_gain=6.72883 3.83142 6.79657 4.60876 4.07934 6.02734 7.42421 4.93625 3.82256 3.72024 3.57036 3.71606 3.39943 2.87361
threshold=10.114558537326888 8.258943287146705 7.0232420838627183 3.9596802584670328 0.56301667475902761 7.7468370982595651 8.8321723017754259 0.38338485926276772 8.7153954372895139 0.71896864817276096 0.81299751833586253 0.56891303510191504 27.500000000000004 0.38330199339278792
decision_type=2 2 2 2 2 2 2 2 2 2 2 2 2 2
left_child=1 3 -3 12 13 6 7 10 -7 -2 -6 -12 -1 -4
right_child=9 2 4 -5 5 8 -8 -9 -10 -11 11 -13 -14 -15
leaf_value=-2.5304851868779285e-06 -5.071143593216032e-05 0.00049366205574286406 -3.5454736906359586e-07 -0.0031230902355066574 2.9593649079051596e-06 5.3994814854041452e-05 -7.7893740695995635e-05 1.8233775126513251e-05 4.7932758551771922e-06 -7.6151775326271929e-07 -6.6935905306706454e-05 -2.078894319483826e-06 -0.00027617536015628216 -0.00016342132462089542
leaf_weight=803 55 15.999999999999998 29 18 18 36 23 58 75 28 14.999999999999998 21 15.999999999999998 14.999999999999998
leaf_count=803 55 16 29 18 18 36 23 58 75 28 15 21 16 15
internal_value=-0.000733496 -0.000131119 0.00273616 -0.00118138 0.00164948 0.00315789 -0.00110294 0.00212389 0.00830357 -0.00892857 -0.00436364 -0.00972973 -0.000841463 -0.00666667
internal_weight=1226 1143 306 837 290 246 135 112 111 83 54 36 819 44
internal_count=1226 1143 306 837 290 246 135 112 111 83 54 36 819 44
is_linear=0
shrinkage=0.03


Tree=578
num_leaves=15
num_cat=0
split_feature=17 22 24 23 41 6 40 43 33 7 14 0 9 42
split_gain=9.69573 4.71367 5.91623 4.53477 5.59674 3.65011 3.43438 3.32706 4.55942 4.52335 4.37937 4.24619 4.05897 4.5375
threshold=12.895675149742663 7.8106413483209574 0.99184138269104272 5.5792316181851573 5.3840853316988442 2.1105375083058608 1.8027602617187346 1.16110964736696 1.5312909921140818 2.1413790105127988 0.48733974358974363 5.0000000000000009 0.47627012506443828 8.0537255981043341
decision_type=2 2 2 2 2 2 2 2 2 2 2 2 2 2
left_child=5 -2 6 -4 -5 7 -3 8 11 -10 12 -1 13 -11
right_child=1 2 3 4 -6 -7 -8 -9 9 10 -12 -13 -14 -15
leaf_value=9.2395892552450391e-05 4.3672759755040142e-05 -0.00029437552228023245 0.0032985240710959604 -0.0012561575067115416 -3.3925510496630724e-05 9.6312380360046853e-05 -0.00013238024821327811 -4.7036397954278717e-05 -5.7051908531626782e-05 3.5837990630729339e-05 0.005447553035979864 2.5974415475181754e-05 1.8629000614978075e-06 -0.0021496332130714036
leaf_weight=20 27 44 26 37 93 15.999999999999998 19 217 126 24 26 33 498 14.999999999999998
leaf_count=20 27 44 26 37 93 16 19 217 126 24 26 33 498 15
internal_value=-0.00100655 -0.00631579 -0.00777273 -0.00458599 -0.00687023 0.000338115 -0.0154687 9.375e-05 0.0010498 0.000391304 0.00154255 0.00944444 0.000947955 -0.00825
internal_weight=1221 246 219 156 130 975 63 959 742 689 563 53 537 39
internal_count=1221 246 219 156 130 975 63 959 742 689 563 53 537 39
is_linear=0
shrinkage=0.03


Tree=579
num_leaves=15
num_cat=0
split_feature=39 42 51 13 39 17 49 11 1 14 12 42 51 24
split_gain=4.77605 4.98975 5.79626 6.94533 5.58353 7.7 5.1552 5.82195 5.04385 4.70334 4.58554 4.0977 7.15065 3.94113
threshold=0.98046875000000011 7.6445865563176705 5.655589788563101 0.24672504286206981 4.8220588235294128 4.8610578543317198 1.5998775886267376 0.11467724777756601 1.8027602617187346 0.73732974342730451 0.74166666666666681 7.9342845548604641 3.4161726594661235 0.39393939393939398
decision_type=2 2 2 2 2 2 2 2 2 2 2 2 2 2
left_child=-1 2 6 -4 11 -6 7 -2 9 10 -9 13 -13 -3
right_child=1 4 3 -5 5 -7 -8 8 -10 -11 -12 12 -14 -15
leaf_value=-0.00018589966320445406 -3.1038791642802875e-05 2.7847293299370633e-05 -5.238811516894426e-05 0.00030658581828917118 -0.0026845736048638144 -6.2634271637858064e-05 0.00088855005591090123 4.653444403894258e-06 0.00027363949918227879 -0.00065771472287123932 0.0001302367630697454 0.00012398648406156788 1.291327811081544e-07 -2.8015985905662785e-05
leaf_weight=23 135 20 17 40 24 193 21 256 25 15.999999999999998 24 21 345 34
leaf_count=23 135 20 17 40 24 193 21 256 25 16 24 21 345 34
internal_value=-0.000502092 -0.000230375 0.00190654 0.0108621 -0.00202194 -0.00591743 0.0008159 0.000131291 0.00232919 0.00121212 0.00213523 0 0.00114441 -0.00763636
internal_weight=1194 1171 534 57 637 217 477 456 321 296 280 420 366 54
internal_count=1194 1171 534 57 637 217 477 456 321 296 280 420 366 54
is_linear=0
shrinkage=0.03


Tree=580
num_leaves=15
num_cat=0
split_feature=43 22 22 17 23 9 3 13 13 14 24 22 23 51
split_gain=4.54714 5.29177 10.017 5.37704 4.82549 5.91351 4.79029 4.49614 7.85314 4.53662 4.56909 4.44171 6.01416 4.54188
threshold=1.5957255072324481 10.066548071303346 11.410898431481844 33.584239605505893 6.3984482120891846 0.40688035372218728 4.0841636516942073 0.58117857712393362 0.5814944955291016 0.065779624596228492 0.77146995691157383 9.8833703505378878 7.8029438073570878 5.4383492858219409
decision_type=2 2 2 2 2 2 2 2 2 2 2 2 2 2
left_child=4 3 -3 -2 6 -6 -1 9 -9 -7 -11 -10 -13 -14
right_child=1 2 -4 -5 5 7 -8 8 11 10 -12 12 13 -15
leaf_value=1.433991682045027e-05 -2.7832009888845155e-05 0.00097175865658182209 -0.00014016103285389352 -0.00031233652194499289 -0.00042783914290163481 -0.00026673755757036229 0.00015174579977950936 -3.1788678850159233e-05 6.7685443225917738e-06 -2.8786439648933458e-05 3.6319533960177393e-05 -0.00032554573172186181 1.6151284921022134e-05 -8.4671793976465171e-06
leaf_weight=428 99 20 54 35 38 15.999999999999998 17 50 167 17 120 22 41 68
leaf_count=428 99 20 54 35 38 16 17 50 167 17 120 22 41 68
internal_value=0 -0.00401914 0.0024 -0.00755556 0.000852792 -0.00105556 0.00316143 -0.000179283 -0.00206304 0.00409091 0.00586957 -0.000200669 -0.00431818 -0.00136364
internal_weight=1192 208 74 134 984 539 445 501 348 153 137 298 131 109
internal_count=1192 208 74 134 984 539 445 501 348 153 137 298 131 109
is_linear=0
shrinkage=0.03


Tree=581
num_leaves=15
num_cat=0
split_feature=1 8 29 17 17 41 42 17 23 3 36 17 51 1
split_gain=4.70285 4.56864 3.94462 3.85032 6.27756 2.94265 4.16442 5.547 3.81317 3.64755 7.432 5.7142 4.42396 5.41722
threshold=2.1283588729887439 2.8041388971847883 0.51274509803921575 48.702884218469954 43.16279062004029 10.114558537326888 10.105509426281191 19.074167858925431 9.3331840468616232 3.4959547314566923 5.1493703486700237 11.158268540669857 4.9616060795555414 1.3520752584198996
decision_type=2 2 2 2 2 2 2 2 2 2 2 2 2 2
left_child=3 2 -2 4 5 6 9 -8 -7 11 -11 -1 -12 -14
right_child=1 -3 -4 -5 -6 8 7 -9 -10 10 12 -13 13 -15
leaf_value=-1.0489622558086386e-05 -0.00072515977555412056 -2.5813337198160034e-05 -3.841217468555813e-05 6.3744156726659447e-05 -0.00038821383050668344 -8.2205520235061332e-05 0.010114729911203237 -5.8806197782346193e-06 -2.4539611967133721e-07 0.00059836541359733488 0.00033670297737002972 -0.00011793418472095529 -1.817858253106097e-05 2.5598385277825206e-07
leaf_weight=377 25 38 24 23 20 20 17 19 56 48 34 48 44 420
leaf_count=377 25 38 24 23 20 20 17 19 56 48 34 48 44 420
internal_value=-0.00116145 -0.00784091 -0.0138 -0.000638864 -0.000896739 -0.000581181 -0.00014881 0.00972973 -0.00623377 -0.000524691 0.00109689 -0.00260563 0 -0.000774194
internal_weight=1213 87 49 1126 1103 1083 1007 36 76 971 546 425 498 464
internal_count=1213 87 49 1126 1103 1083 1007 36 76 971 546 425 498 464
is_linear=0
shrinkage=0.03


Tree=582
num_leaves=15
num_cat=0
split_feature=22 39 9 9 11 33 9 9 42 39 30 9 34 33
split_gain=6.69251 3.70581 2.70775 2.87709 3.49353 2.86579 2.57323 2.18565 4.82998 2.17222 2.45588 3.53168 4.47201 8.81667
threshold=12.325878917778089 24.964843750000004 1.5729062485572913 0.38674600348412408 0.012987991822596067 6.3060301558611362 0.35031858185174097 0.32642423661803971 7.5240467802475157 0.99609375000000011 0.97999199679871951 1.5260179253300257 11.098837926051877 8.8374050186068729
decision_type=2 2 2 2 2 2 2 2 2 2 2 2 2 2
left_child=2 -2 3 6 -5 -4 7 -1 -9 -6 -11 12 -12 -14
right_child=1 -3 5 4 9 -7 -8 8 -10 10 11 -13 13 -15
leaf_value=-0.00015498227156295785 -4.2814792958545397e-06 -0.00038235188887973947 -0.00069553790992384014 0.0012612586587107744 -0.0001478776103628554 -4.0619586878531951e-06 -9.234679413501701e-05 9.6442929552613128e-05 -5.014289434843666e-05 1.5773986979639165e-06 -5.4753277576327636e-07 6.927597980150579e-06 3.5028544654852612e-06 -7.5827425305656772e-05
leaf_weight=72 30 43 19 28 21 18 28 26 24 652 102 55 30 29
leaf_count=72 30 43 19 28 21 18 28 26 24 652 102 55 30 29
internal_value=-0.00140068 -0.0101351 -0.00081448 -0.000533708 9.80392e-05 -0.00868421 -0.00437086 -0.00243902 0.00235294 -0.000235955 0 -0.00276498 -0.005 -0.0115
internal_weight=1177 73 1104 1067 917 37 150 122 50 889 868 216 161 59
internal_count=1177 73 1104 1067 917 37 150 122 50 889 868 216 161 59
is_linear=0
shrinkage=0.03


Tree=583
num_leaves=15
num_cat=0
split_feature=17 6 41 28 22 17 17 35 5 41 29 13 11 23
split_gain=7.89138 8.83736 5.94636 4.76548 4.68457 4.52464 5.85816 8.98691 4.18478 4.12557 3.7943 3.27687 3.76064 2.85032
threshold=12.721792793387047 2.1105375083058608 8.2993294544433525 1.0000000180025095e-35 12.078340970095345 49.333410514221136 19.236979205787893 1.0000000180025095e-35 1.8603276782758624 9.9322867326161823 13.481612685560055 0.58204667546159639 0.11984256033915182 7.5696881880266238
decision_type=2 2 2 2 2 2 2 2 2 2 2 2 2 2
left_child=1 4 3 8 9 6 -5 -8 -2 13 -4 -11 -13 -1
right_child=2 -3 10 5 -6 -7 7 -9 -10 11 -12 12 -14 -15
leaf_value=-6.757866336193352e-08 0.00012881396571071067 0.00010228596894192531 -0.0004332862644077939 9.703807045930102e-05 0.00011856152567505162 0.0012868423212347001 0.00060295405944753636 -0.0016454805497931834 -0.00028046682348899064 -1.4248883206136043e-06 -0.00012517601432481484 -7.3346891793502067e-06 -5.4039287633826922e-05 1.0903595865716652e-05
leaf_weight=669 15.999999999999998 17 26 27 45 14.999999999999998 20 19 101 75 15.999999999999998 14.999999999999998 18 120
leaf_count=669 16 17 26 27 45 15 20 19 101 75 16 15 18 120
internal_value=-0.000375 0.00084375 -0.00522822 -0.00301508 0.000445387 0.00256098 -0.000895522 -0.00825 -0.00686441 -3.34076e-05 -0.0153488 -0.00550459 -0.0132353 0.000721519
internal_weight=1199 959 240 198 942 81 66 39 117 897 42 108 33 789
internal_count=1199 959 240 198 942 81 66 39 117 897 42 108 33 789
is_linear=0
shrinkage=0.03


Tree=584
num_leaves=15
num_cat=0
split_feature=7 22 13 24 24 23 33 13 14 5 51 51 14 51
split_gain=4.15793 3.31468 7.88169 3.39238 6.47908 4.604 6.42436 4.68295 6.45439 4.9571 4.19921 4.19332 6.12343 5.30234
threshold=1.1901056208558034 12.33850656524446 0.14687222616184184 0.93915710727029189 0.9437333686325623 7.27746017212678 7.5792241202967334 0.98082814576050248 0.22122142627912439 3.211561963296504 3.5983523647340885 3.582049969738287 0.59753265602322214 4.6281211975894552
decision_type=2 2 2 2 2 2 2 2 2 2 2 2 2 2
left_child=-1 3 -3 11 -5 6 7 8 -6 -9 -10 12 -2 -13
right_child=1 2 -4 4 5 -7 -8 9 10 -11 -12 13 -14 -15
leaf_value=-6.3454500478337666e-05 2.9512798577058242e-06 0.00051237371513686346 -0.00037079699905136156 0.00023979952775421309 0.00079741544422613276 -1.1513374059068936e-05 0.0015665544276182762 0.00068587071087959075 -6.4365618345027523e-05 -0.0014952526349202037 1.0819389224736991e-05 -8.9647505187596119e-05 0.0004071348830682564 -3.7627553831409696e-07
leaf_weight=76 103 20 48 14.999999999999998 19 107 25 15.999999999999998 14.999999999999998 18 212 138 21 369
leaf_count=76 103 20 48 15 19 107 25 16 15 18 212 138 21 369
internal_value=-0.00104738 -0.000585626 -0.00695652 -0.000169972 0.00189252 0.00116223 0.00303922 0.00170819 0.00315789 -0.00857143 0.00171053 -0.00156646 0.00336 -0.00277559
internal_weight=1202 1126 68 1058 427 412 305 280 246 34 227 631 124 507
internal_count=1202 1126 68 1058 427 412 305 280 246 34 227 631 124 507
is_linear=0
shrinkage=0.03


Tree=585
num_leaves=15
num_cat=0
split_feature=17 17 42 42 43 11 9 42 14 43 9 0 0 12
split_gain=3.77119 7.74431 6.72135 10.0109 9.14154 5.22478 5.07161 6.32533 5.50864 4.95942 4.79198 3.93651 3.99141 3.64412
threshold=11.151510518591 6.9910714285714297 8.2993294544433525 7.0151022630774351 2.1122665313030433 0.015395992019544823 0.57195328784214017 7.3775551085518165 0.363347917850318 1.7481880270062005 0.53412620665607635 7.5000000000000009 5.0000000000000009 0.36585963911072111
decision_type=2 2 2 2 2 2 2 2 2 2 2 2 2 2
left_child=1 -1 3 -2 6 -4 8 -8 -5 13 -3 12 -12 -7
right_child=2 10 5 4 -6 9 7 -9 -10 -11 11 -13 -14 -15
leaf_value=-1.0405545756025925e-06 -0.00039681889129281999 0.00022658766107946037 0.00039963114528846904 6.5910767821146803e-05 -0.00062926726123750491 -0.00018272478181172058 2.0656952180694853e-06 0.00085782726574374398 -0.00047778934691791616 -0.00011017218111717181 0.0016382345707698508 0.0019720779339723782 -0.0003458360969943941 -0.0010981731084309754
leaf_weight=833 18 18 22 31 17 36 15.999999999999998 30 14.999999999999998 69 22 21 19 27
leaf_count=833 18 18 22 31 17 36 16 30 15 69 22 21 19 27
internal_value=-0.000903766 3.28228e-05 -0.00393617 0.00117187 0.00463636 -0.00812903 0.0083871 0.0153191 0.0012766 -0.0103759 0.00888889 0.0047619 -0.000714286 -0.0164063
internal_weight=1194 913 281 127 109 154 92 46 46 132 80 62 41 63
internal_count=1194 913 281 127 109 154 92 46 46 132 80 62 41 63
is_linear=0
shrinkage=0.03


Tree=586
num_leaves=15
num_cat=0
split_feature=10 41 18 14 14 14 23 0 24 36 51 0 27 51
split_gain=4.78868 6.96612 4.53948 4.28824 4.42514 3.36692 5.13149 8.86408 3.9378 3.47416 5.13122 5.31566 8.61832 3.88218
threshold=0.56146978021978033 8.2993294544433525 1.7596514246177146 0.96259437199725484 0.76393801191362642 0.38180051687855782 7.2546840084071453 5.0000000000000009 0.91932952438093174 3.119423463171155 5.3545348372660913 7.5000000000000009 6.5000000000000009 5.1777759435336064
decision_type=2 2 2 2 2 2 2 2 2 2 2 2 2 2
left_child=1 3 -3 4 -1 6 7 8 -2 -7 11 13 -13 -11
right_child=5 2 -4 -5 -6 9 -8 -9 -10 10 -12 12 -14 -15
leaf_value=-1.3394261030668097e-05 4.6472483881067337e-06 -0.0008421861447277223 -0.00014836185830606808 0.0016301926579049292 -0.00010079032261246623 0.00022255518551031882 1.9895849525672914e-05 -1.7572266808535406e-05 0.00023207669272499174 -0.00053662454035562155 1.2454737644718161e-06 0.00044434911359425452 -6.1377174220129675e-05 -3.1327033500483378e-06
leaf_weight=525 22 26 26 14.999999999999998 19 34 33 42 17 46 310 19 22 31
leaf_count=525 22 26 26 15 19 34 33 42 17 46 310 19 22 31
internal_value=-0.00133838 -0.00318627 -0.0135849 -0.00219643 -0.0026422 0.000623917 0.00521739 0.00109756 0.01125 -0.000518359 -0.00125874 -0.00655462 0.00214286 -0.0111538
internal_weight=1187 611 52 559 544 576 114 81 39 462 428 118 41 77
internal_count=1187 611 52 559 544 576 114 81 39 462 428 118 41 77
is_linear=0
shrinkage=0.03


Tree=587
num_leaves=15
num_cat=0
split_feature=33 51 7 16 8 38 18 27 42 13 7 7 17 24
split_gain=4.84912 4.12215 4.97372 4.53889 6.06681 5.63041 3.42746 4.55893 3.29203 2.68133 2.73679 1.98693 1.88981 2.21594
threshold=11.633255522990355 7.1657995913366443 5.6449163749976989 0.046010867462676075 0.87409401350310023 0.11967608414976837 2.1283588729887439 26.500000000000004 7.2943334466545817 0.12257261312590607 1.5622521124171413 2.9835867114777703 3.2511624997393502 0.68402619778236717
decision_type=2 2 2 2 2 2 2 2 2 2 2 2 2 2
left_child=1 2 3 4 -1 8 7 12 -5 10 -7 -2 13 -6
right_child=11 -3 -4 5 6 9 -8 -9 -10 -11 -12 -13 -14 -15
leaf_value=-7.5982504093264898e-05 -7.2845347777183989e-06 0.0012470069576156994 -6.5655886233031426e-05 -0.00015384499304361586 3.9196583215761474e-06 4.3850557421832856e-05 -0.0003289619176350489 -0.00054893130081155482 1.9233142636849164e-05 6.6908735918490552e-05 0.0019651590484389093 -0.00023022263604284275 3.9042123890364874e-06 -1.0424354094236143e-05
leaf_weight=43 15.999999999999998 29 14.999999999999998 14.999999999999998 219 23 28 27 40 25 17 17 527 135
leaf_count=43 16 29 15 15 219 23 28 27 40 25 17 17 527 135
internal_value=-0.000305862 2.62238e-05 -0.000269058 -2.72727e-05 -0.000704082 0.00545455 -0.000192102 0.000132013 -0.00160714 0.0113636 0.0160976 -0.0114706 0.000510204 -0.0011831
internal_weight=1176 1143 1114 1099 979 120 936 908 55 65 40 33 881 354
internal_count=1176 1143 1114 1099 979 120 936 908 55 65 40 33 881 354
is_linear=0
shrinkage=0.03


Tree=588
num_leaves=15
num_cat=0
split_feature=37 24 4 17 14 42 42 17 27 35 17 16 12 39
split_gain=5.66091 3.86272 3.10969 2.69648 3.80364 4.05892 2.67211 4.99546 3.75323 5.63361 5.15536 2.6406 4.14815 3.78947
threshold=3.7796837271327286 0.99978927444947541 4.5522678360377702 17.805382080699683 0.76393801191362642 10.157174693333596 8.4254201679570357 21.730808688136488 12.500000000000002 1.0000000180025095e-35 32.617239605505894 0.058428030303030308 0.58966948273306674 2.7083333333333335
decision_type=2 2 2 2 2 2 2 2 2 2 2 2 2 2
left_child=1 3 -2 4 11 -6 8 -8 9 10 -5 -1 -13 -14
right_child=2 -3 -4 6 5 -7 7 -9 -10 -11 -12 12 13 -15
leaf_value=8.1685222703908876e-07 -0.00030750824798786046 0.00023661962340514124 -0.0018985122826761902 0.00086236005528664392 -0.0005249453275862026 0.0050442040459580673 -0.00067489646612356848 -5.4071776393384978e-05 0.00015632270517208473 -0.00042306698896019568 -0.00020837698636481548 0.00010357736244213933 6.9675642148134823e-05 -5.0989398635907788e-05
leaf_weight=877 26 15.999999999999998 15.999999999999998 19 41 17 17 64 14.999999999999998 15.999999999999998 14.999999999999998 26 18 18
leaf_count=877 26 16 16 19 41 17 17 64 15 16 15 26 18 18
internal_value=-0.00047421 -7.75862e-05 -0.0111628 -0.000288462 0.000270541 -0.00711864 -0.00408163 -0.00768293 0.000454545 -0.00352941 0.00342857 0.000734043 0.00666667 0
internal_weight=1201 1159 42 1143 997 58 146 81 65 50 34 939 62 36
internal_count=1201 1159 42 1143 997 58 146 81 65 50 34 939 62 36
is_linear=0
shrinkage=0.03


Tree=589
num_leaves=15
num_cat=0
split_feature=39 41 39 42 42 26 14 51 36 19 14 13 24 18
split_gain=3.64981 3.84805 3.58303 3.19889 6.77836 11.0701 5.46962 5.16719 7.25884 4.75946 5.66553 4.13561 3.671 4.06249
threshold=1.1142857142857145 10.105509426281191 3.2870588235294123 9.6585361225665896 8.4254201679570357 32.280660510961319 0.093817106413438392 5.1579491030343263 2.9466544639883301 0.11204643328717245 0.38429679263969369 0.15047169811320757 0.99978927444947541 1.9516535399820871
decision_type=2 2 2 2 2 2 2 2 2 2 2 2 2 2
left_child=-1 3 -3 4 12 11 -5 8 -8 -9 -11 -6 13 -2
right_child=1 2 -4 6 5 -7 7 9 -10 10 -12 -13 -14 -15
leaf_value=-7.248643805266685e-05 7.9234666022665043e-07 -1.4052568842437551e-06 -9.3579285463700753e-05 0.00075851079302635574 -0.00033992589810421966 0.00069022289723720987 -0.00015638340120598948 -0.0026290362921893838 0.0005047640393692598 -2.9573524876314037e-06 7.4982147224580408e-05 -0.00023899615021502285 4.1955673202975774e-05 -0.00080488761806390746
leaf_weight=51 751 56 29 18 27 20 19 23 29 58 18 52 21 19
leaf_count=51 751 56 29 18 27 20 19 23 29 58 18 52 21 19
internal_value=-0.000880872 -0.000525855 -0.00662791 -2.84091e-05 -0.000740741 -0.0081 0.00379518 0.00182432 0.00979592 -0.0021 0.00155844 -0.013125 0.000189394 -0.000155642
internal_weight=1191 1140 85 1055 890 99 165 147 48 99 76 79 791 770
internal_count=1191 1140 85 1055 890 99 165 147 48 99 76 79 791 770
is_linear=0
shrinkage=0.03


Tree=590
num_leaves=15
num_cat=0
split_feature=22 33 36 19 22 24 12 0 38 14 9 11 8 24
split_gain=3.40891 3.42993 6.69425 4.36526 4.66981 5.18568 5.48148 4.8381 7.35409 4.00916 5.93539 3.95576 3.90866 4.74764
threshold=14.730072198304621 4.44132951928023 4.2970564602977497 0.0070962381633178475 10.838798414006982 0.99282379595478254 0.30952390960923426 7.5000000000000009 0.62738074811256017 0.40015855847121357 1.5107578708023099 0.059768554623780647 2.6683699167459221 0.9874351261296902
decision_type=2 2 2 2 2 2 2 2 2 2 2 2 2 2
left_child=1 2 12 -3 5 -5 -7 11 9 10 -9 -6 13 -1
right_child=-2 3 -4 4 7 6 -8 8 -10 -11 -12 -13 -14 -15
leaf_value=-5.1087239153269068e-06 -0.00026297366910157602 6.4729587618522766e-05 -0.0037568903851073615 1.1247628305099954e-06 -2.669564785602485e-05 -2.3732535442722023e-06 0.00031904032486154975 -1.0841081250925199e-05 0.0034251228540903649 -7.7263420956645839e-05 3.6300690885899822e-05 -0.0027007372449304235 8.8208515381524858e-05 -0.00091555440590192368
leaf_weight=334 15.999999999999998 35 15.999999999999998 432 25 21 32 114 15.999999999999998 29 22 22 35 44
leaf_count=334 16 35 16 432 25 21 32 114 16 29 22 22 35 44
internal_value=-0.000778894 -0.000585739 -0.00272093 0.000640854 0.00012605 0.00179012 0.0105556 -0.00340611 -0.00115385 -0.00307229 -0.000875912 -0.011875 -0.00195652 -0.0028496
internal_weight=1193 1177 429 748 713 485 53 228 181 165 136 47 413 378
internal_count=1193 1177 429 748 713 485 53 228 181 165 136 47 413 378
is_linear=0
shrinkage=0.03


Tree=591
num_leaves=15
num_cat=0
split_feature=39 9 41 12 6 36 34 1 37 9 31 18 9 23
split_gain=6.01392 4.30177 4.24555 4.33579 5.31911 5.19978 6.13968 5.17687 5.95503 3.57491 3.34261 3.28173 2.76094 3.35417
threshold=1.5500000000000003 0.44647840997189281 3.9390162711746499 0.16481206328747097 1.511420305438264 7.9385118439677944 0.90279336070960847 2.105506845301913 2.0663219254865406 1.8170588903678522 15.500000000000002 2.175124009167082 1.5163035870772088 7.7727986767714565
decision_type=2 2 2 2 2 2 2 2 2 2 2 2 2 2
left_child=1 -1 -2 -4 9 6 7 8 -6 10 11 -5 -12 -14
right_child=2 -3 3 4 5 -7 -8 -9 -10 -11 12 -13 13 -15
leaf_value=-5.0020802721872921e-07 5.3279532258216352e-05 -0.00025113605270717597 3.7297744529807273e-06 -1.3457399781932055e-05 7.9243895666566698e-05 -0.00016992165262595199 0.00088445901835777232 0.00071759098676306475 -0.0003383578501579665 0.00077619253156842262 -0.00091594642003687274 -0.0015155064000416329 -7.4228137846938936e-05 1.9057194486284957e-05
leaf_weight=29 34 33 437 451 22 15.999999999999998 14.999999999999998 24 20 15.999999999999998 31 17 24 23
leaf_count=29 34 33 437 451 22 16 15 24 20 16 31 17 24 23
internal_value=-0.000502934 -0.00952381 0 -0.000328168 -0.00186364 0.00459184 0.00768293 0.00358209 -0.0027907 -0.00298401 -0.00340037 -0.0024307 -0.00911392 -0.004375
internal_weight=1192 62 1130 1096 659 97 81 66 42 562 546 468 78 47
internal_count=1192 62 1130 1096 659 97 81 66 42 562 546 468 78 47
is_linear=0
shrinkage=0.03


Tree=592
num_leaves=15
num_cat=0
split_feature=10 16 0 29 30 13 19 34 13 0 14 24 43 19
split_gain=5.9736 6.79566 5.40139 7.61664 8.22623 7.69821 5.44129 4.96272 5.16387 4.36083 3.9443 7.79342 3.63606 3.61614
threshold=0.20612922705314013 0.046010867462676075 7.5000000000000009 6.7241379310344831 0.051215277777777783 0.23824856493112348 0.36421247259562056 0.99999064534637172 0.29426843316339357 5.0000000000000009 0.25111130582084762 0.9874351261296902 1.9421994127783433 0.015656722960502033
decision_type=2 2 2 2 2 2 2 2 2 2 2 2 2 2
left_child=2 13 3 4 6 -5 -1 8 12 -8 -6 -12 -4 -2
right_child=1 -3 7 5 10 -7 9 -9 -10 -11 11 -13 -14 -15
leaf_value=-2.0694132298804123e-05 -0.00017426292359027705 0.00010013226060129998 -0.00015113491545889145 -0.00064999838479034894 -0.00031943607238121949 0.00026631429164871708 -2.2682418534105686e-05 -0.00058471594388405986 6.8232484616712055e-05 0.0081268602708826024 -0.00097842640706901339 0.00086550325389594561 -9.4171473502047135e-06 -1.8268897976236875e-07
leaf_weight=87 85 40 25 14.999999999999998 32 19 23 22 18 24 44 15.999999999999998 17 729
leaf_count=87 85 40 25 15 32 19 23 22 18 24 44 16 17 729
internal_value=-0.00155388 -0.000210526 -0.00489796 -0.00275862 -0.00475771 0.0102857 0 -0.0115663 -0.00688525 0.008125 -0.0116129 -0.00688525 -0.0125581 -0.000809816
internal_weight=1196 854 342 260 226 34 134 82 60 47 92 60 42 814
internal_count=1196 854 342 260 226 34 134 82 60 47 92 60 42 814
is_linear=0
shrinkage=0.03


Tree=593
num_leaves=15
num_cat=0
split_feature=43 22 24 5 7 22 24 22 27 0 11 0 38 29
split_gain=6.49767 5.27026 4.33551 3.93176 4.00781 4.44565 5.04596 3.75866 4.18121 3.69082 8.89991 6.41066 7.47471 7.42685
threshold=1.5249964284600714 14.11633009876271 0.99977917164851671 5.2283204541428008 4.1724627468430748 9.9857692787570862 0.99488691326139012 12.154804347481129 27.500000000000004 5.0000000000000009 0.11587891804955679 7.5000000000000009 0.022083002520994651 0.024065540194572455
decision_type=2 2 2 2 2 2 2 2 2 2 2 2 2 2
left_child=1 2 3 4 7 -6 -7 8 -1 -2 11 12 -11 -13
right_child=9 -3 -4 -5 5 6 -8 -9 -10 10 -12 13 -14 -15
leaf_value=2.9272290801396483e-06 -0.00025691945577243247 -8.4930712916406751e-05 0.0013483460259945223 -8.7797830469233949e-05 0.00025425955424792642 0.0019493095795399551 -0.00048748786306667454 0.00012817059616251569 -0.0011160727279390364 0.00651165135515837 -0.00024994401418051412 6.9236441426270278e-05 3.0595144738124537e-06 -0.0031010703025247015
leaf_weight=819 68 17 14.999999999999998 25 17 16.000000000000004 14.999999999999998 27 15.999999999999998 22 48 25 26 18
leaf_count=819 68 17 15 25 17 16 15 27 16 22 48 25 26 18
internal_value=5.10638e-05 0.00108471 0.00138801 0.00112179 0.00144896 0.00979592 0.0028125 0.000973349 0.000610048 -0.00475962 -0.00192857 0.00358696 0.0110204 -0.00477273
internal_weight=1174 967 950 935 910 48 31 862 835 207 139 91 48 43
internal_count=1174 967 950 935 910 48 31 862 835 207 139 91 48 43
is_linear=0
shrinkage=0.03


Tree=594
num_leaves=15
num_cat=0
split_feature=51 34 9 5 21 37 0 23 34 22 14 30 0 14
split_gain=4.85566 5.01417 5.37848 4.12067 5.76714 3.97073 4.54194 3.95499 5.89193 3.52049 6.01805 3.57138 3.39423 13.7079
threshold=5.5067849938763205 16.23686889147719 1.5128467566594119 3.6643931825860183 2.6499450490353786 2.105506845301913 7.5000000000000009 10.484869973107777 20.565415583862315 9.3368269297085167 0.12954830614805524 0.89417693169092949 5.0000000000000009 0.33267514359717415
decision_type=2 2 2 2 2 2 2 2 2 2 2 2 2 2
left_child=1 2 3 4 5 -1 12 8 9 11 -11 -2 -7 -14
right_child=7 -3 -4 -5 -6 6 -8 -9 -10 10 -12 -13 13 -15
leaf_value=-3.764682271323316e-07 0.00018843555142071587 -0.00030908305685862668 2.8882852704206207e-05 -0.00033954331183125075 0.0013006817360377465 -0.00037504029832215126 -0.00080086555694588058 -4.4272163028682418e-05 0.00012353020928293073 0.00085553213467765455 -1.0360303775838741e-06 4.0371443733866474e-06 -0.00066970075112276486 0.0039050584170403505
leaf_weight=658 29 26 52 17 38 42 28 18 20 22 166 43 19 18
leaf_count=658 29 26 52 17 38 42 28 18 20 22 166 43 19 18
internal_value=0.000501253 -0.000600667 -0.000206186 -0.000803898 -0.000485075 -0.00105744 -0.00638889 0.00381271 0.00469751 0.00344828 0.00126984 0.0090411 -0.002625 0.00394737
internal_weight=1196 898 872 820 803 765 107 298 280 260 188 72 79 37
internal_count=1196 898 872 820 803 765 107 298 280 260 188 72 79 37
is_linear=0
shrinkage=0.03


Tree=595
num_leaves=15
num_cat=0
split_feature=22 13 35 40 34 40 19 22 18 19 34 5 11 18
split_gain=4.92374 7.55924 7.59958 6.54106 5.54784 6.63079 5.20488 4.42072 3.74971 4.68809 3.6991 3.76279 3.25177 3.62975
threshold=8.0842717184540458 0.99734229953454145 0.56301667475902761 1.4911356165197844 6.6436648569727685 0.97712125471966249 0.1177405641196259 9.8233240646918443 1.3709695388645995 0.032002048131080395 18.723094327027123 3.4450469585889079 0.069879488819310928 1.5118319590988969
decision_type=2 2 2 2 2 2 2 2 2 2 2 2 2 2
left_child=3 2 4 10 5 7 8 -2 -7 -10 11 -1 -4 -14
right_child=1 -3 12 -5 -6 6 -8 -9 9 -11 -12 -13 13 -15
leaf_value=4.6854710336703687e-06 -2.3455464913438861e-05 0.0097961814757246881 0.00022348897239891306 0.00039857840886175442 -0.00022129544773450305 -6.8975717704682492e-05 -0.0006007296935077311 0.00040542384006809763 -0.00014606129540399137 6.3553914759539865e-05 -0.00015854513332726471 0.00015486987383542595 6.2656947625638892e-07 -4.8482300602463719e-05
leaf_weight=470 21 31 25 24 18 15.999999999999998 66 21 97 46 14.999999999999998 17 293 38
leaf_count=470 21 31 25 24 18 16 66 21 97 46 15 17 293 38
internal_value=-0.000350292 -0.00205052 -0.00275701 0.00182163 -0.0063986 -0.00526119 -0.00730088 0.0055814 -0.0043125 -0.00270833 0.00107356 0.00153689 0.000168067 -0.00063253
internal_weight=1198 672 641 526 285 267 225 42 159 143 502 487 356 331
internal_count=1198 672 641 526 285 267 225 42 159 143 502 487 356 331
is_linear=0
shrinkage=0.03


Tree=596
num_leaves=15
num_cat=0
split_feature=33 13 35 31 12 22 9 17 22 49 0 19 23 14
split_gain=5.00926 3.17282 6.11148 7.29305 6.31795 7.7625 3.21628 3.66462 3.51969 3.29794 4.06867 3.22483 3.17235 3.03358
threshold=12.340199598688812 0.58203239204367863 0.87523571315396642 3.5000000000000004 0.16440070242957763 9.3368269297085167 1.6108994963826728 21.444741532976831 9.5650242220153512 0.38907562519182187 5.0000000000000009 0.0034625005608650786 1.6074219240238492 0.47590970350404316
decision_type=2 2 2 2 2 2 2 2 2 2 2 2 2 2
left_child=1 6 3 12 -4 -6 7 9 -9 13 -11 -10 -3 -1
right_child=-2 2 4 -5 5 -7 -8 8 11 10 -12 -13 -14 -15
leaf_value=8.7428293851887765e-07 -8.7759295809997087e-05 0.00020569360499878548 3.1821987492080537e-05 -1.7420987115419616e-05 -2.6490084044545336e-05 9.2423839257234068e-05 0.0003382748351934661 -0.0002583312646270027 -0.00021698874437774517 0.0040459312347896001 2.4955804812957225e-05 1.7170807293140909e-05 -1.8495981339712584e-05 7.9390351204826069e-05
leaf_weight=535 14.999999999999998 21 20 71 29 14.999999999999998 15.999999999999998 24 17 15.999999999999998 21 43 273 66
leaf_count=535 15 21 20 71 29 15 16 24 17 16 21 43 273 66
internal_value=-0.000202874 2.56849e-05 -0.00202326 -0.00352459 0.00646154 0 0.00121786 0.000912863 -0.00494118 0.00169014 0.0102632 -0.000983607 -0.00142373 0.00114618
internal_weight=1182 1167 429 365 64 44 738 722 84 638 37 60 294 601
internal_count=1182 1167 429 365 64 44 738 722 84 638 37 60 294 601
is_linear=0
shrinkage=0.03


Tree=597
num_leaves=15
num_cat=0
split_feature=35 20 29 11 31 0 39 33 42 29 36 24 10 0
split_gain=5.70975 9.0262 6.03141 4.03883 3.50498 3.47225 4.53156 3.36784 4.13878 4.12152 3.27878 3.98493 3.81658 4.89071
threshold=0.75039454540416684 1.8721464915613384 3.0217391304347831 0.1375664941288843 8.5000000000000018 7.5000000000000009 3.1041666666666674 6.4527634640010278 7.0468988339270231 13.451923076923078 7.0438221371444127 0.99990284599377344 0.031454223513453353 5.0000000000000009
decision_type=2 2 2 2 2 2 2 2 2 2 2 2 2 2
left_child=2 -2 10 4 -4 -5 -7 -3 -9 -10 11 12 13 -1
right_child=1 7 3 5 -6 6 -8 8 9 -11 -12 -13 -14 -15
leaf_value=-6.1475223242207777e-05 -0.00071862512406960124 0.00012814799863101049 -0.00016831746010770413 -0.0002054773361672176 -0.00012219179130518399 1.4763577989396203e-05 -0.00013394907768274233 -2.7845861108192481e-05 7.1531327011249697e-06 -2.8600263061565047e-06 0.00022763657975902738 -0.00067779596754582669 -9.4494109879628146e-06 0.00077807301940130131
leaf_weight=29 17 14.999999999999998 18 28 18 34 17 71 268 94 36 17 461 60
leaf_count=29 17 15 18 28 18 34 17 71 268 94 36 17 461 60
internal_value=-7.60135e-05 0.00251073 -0.00175243 -0.00801724 -0.0162162 -0.004125 0.000576923 0.00334076 0.0028341 0.00413223 -0.000546358 -0.00110915 -0.000653358 0.005
internal_weight=1183 465 718 115 36 79 51 448 433 362 603 567 550 89
internal_count=1183 465 718 115 36 79 51 448 433 362 603 567 550 89
is_linear=0
shrinkage=0.03


Tree=598
num_leaves=15
num_cat=0
split_feature=42 3 39 51 13 11 12 39 13 13 35 35 43 37
split_gain=3.74683 4.42898 6.62773 6.23881 3.81985 4.95402 5.4387 3.41381 7.49007 7.52177 5.76223 4.74169 4.36499 5.17684
threshold=8.3509947212550362 2.6030579291913845 2.9921875000000004 3.582049969738287 0.58186439054618644 0.16446670756761328 0.50602722630390184 3.077380952380953 0.20911818098258195 0.24672504286206981 0.81321741511500567 0.18240392578894685 1.4911356165197844 2.5981654832181569
decision_type=2 2 2 2 2 2 2 2 2 2 2 2 2 2
left_child=7 3 -3 -2 5 6 -4 10 -9 -10 11 -1 13 -11
right_child=1 2 4 -5 -6 -7 -8 8 9 12 -12 -13 -14 -15
leaf_value=-4.3722336698737148e-06 6.8631414174308291e-06 0.00090998682524703607 3.1121746970441677e-06 -0.00023382127262845163 -3.7881603458398417e-05 0.00053071083947473061 -0.00042630648822432782 0.00024513108262883443 -0.00082159641600373034 3.7273263098333562e-06 9.9381679885586214e-05 -4.0131824269388075e-05 -0.0022241240657476236 0.0016275943247338409
leaf_weight=259 18 37 114 33 139 17 24 56 22 333 29 41 29 26
leaf_count=259 18 37 114 33 139 17 24 56 22 333 29 41 29 26
internal_value=-0.000382003 -0.00281984 -0.00153614 -0.0109615 -0.00305085 0.000192308 -0.00172662 0.000791457 0.00244111 0.0010219 -0.00154545 -0.0027907 0.00200514 0.00291667
internal_weight=1177 382 331 51 294 155 138 795 466 410 329 300 388 359
internal_count=1177 382 331 51 294 155 138 795 466 410 329 300 388 359
is_linear=0
shrinkage=0.03


Tree=599
num_leaves=15
num_cat=0
split_feature=5 3 14 13 18 24 23 22 13 13 22 8 23 23
split_gain=6.47416 7.68521 3.83867 3.18235 4.56217 4.5308 3.87799 5.19527 3.45184 3.02736 2.8472 3.26591 3.15078 4.45326
threshold=4.3882596125730311 4.4272752950313086 0.076158126949913391 0.58272068130988852 1.5312909921140818 0.97837014646153497 6.2308483596656616 8.4011899779120007 0.58215697554829926 0.58204794002709181 11.804033877806704 2.2000271056374374 7.6377213911564281 7.577085577741606
decision_type=2 2 2 2 2 2 2 2 2 2 2 2 2 2
left_child=1 3 -2 4 5 8 7 -6 9 10 12 -12 13 -1
right_child=2 -3 -4 -5 6 -7 -8 -9 -10 -11 11 -13 -14 -15
leaf_value=8.4828351674504088e-07 0.00011161601557515776 0.00013611030603601025 -0.00011060187102908348 -1.2510091365897994e-05 1.1891370887640028e-06 0.0014042339873371105 1.6242347030478442e-05 -0.00061960809615821952 6.4047242965492576e-06 -2.7890164682693174e-05 1.4242278993166213e-05 -1.4762541416195595e-05 -1.0154400817057317e-05 2.0695678542407281e-05
leaf_weight=432 21 29 96 296 17 18 17 29 62 22 54 17 68 20
leaf_count=432 21 29 96 296 17 18 17 29 62 22 54 17 68 20
internal_value=-0.000700584 2.77264e-05 -0.00737288 -0.00039886 0.000634082 0.00134006 -0.00703125 -0.0114894 0.000931953 0.0002443 0.000658784 0.00625 -0.000115163 0.000794702
internal_weight=1198 1081 117 1052 756 693 63 46 675 613 591 71 520 452
internal_count=1198 1081 117 1052 756 693 63 46 675 613 591 71 520 452
is_linear=0
shrinkage=0.03


end of trees

feature_importances:
Column_42=458
Column_22=455
Column_23=435
Column_36=425
Column_33=370
Column_24=359
Column_0=355
Column_13=348
Column_11=336
Column_14=299
Column_10=297
Column_51=270
Column_41=258
Column_9=251
Column_12=243
Column_34=220
Column_35=202
Column_19=191
Column_38=165
Column_3=152
Column_49=149
Column_39=145
Column_43=140
Column_17=139
Column_7=136
Column_30=132
Column_4=129
Column_5=127
Column_37=126
Column_8=116
Column_29=116
Column_21=113
Column_1=111
Column_20=96
Column_6=64
Column_18=64
Column_31=60
Column_28=53
Column_16=48
Column_44=45
Column_27=43
Column_40=42
Column_45=31
Column_50=21
Column_25=19
Column_26=19
Column_15=9
Column_46=8
Column_2=4
Column_32=4
Column_53=2

parameters:
[boosting: gbdt]
[objective: regression_l1]
[metric: l1]
[tree_learner: serial]
[device_type: cpu]
[data_sample_strategy: bagging]
[data: ]
[valid: ]
[num_iterations: 600]
[learning_rate: 0.03]
[num_leaves: 15]
[num_threads: 0]
[seed: 0]
[deterministic: 0]
[force_col_wise: 0]
[force_row_wise: 0]
[histogram_pool_size: -1]
[max_depth: -1]
[min_data_in_leaf: 15]
[min_sum_hessian_in_leaf: 0.001]
[bagging_fraction: 0.8]
[pos_bagging_fraction: 1]
[neg_bagging_fraction: 1]
[bagging_freq: 1]
[bagging_seed: 7719]
[bagging_by_query: 0]
[feature_fraction: 0.8]
[feature_fraction_bynode: 1]
[feature_fraction_seed: 2437]
[extra_trees: 0]
[extra_seed: 11797]
[early_stopping_round: 0]
[early_stopping_min_delta: 0]
[first_metric_only: 0]
[max_delta_step: 0]
[lambda_l1: 0]
[lambda_l2: 1]
[linear_lambda: 0]
[min_gain_to_split: 0]
[drop_rate: 0.1]
[max_drop: 50]
[skip_drop: 0.5]
[xgboost_dart_mode: 0]
[uniform_drop: 0]
[drop_seed: 21238]
[top_rate: 0.2]
[other_rate: 0.1]
[min_data_per_group: 100]
[max_cat_threshold: 32]
[cat_l2: 10]
[cat_smooth: 10]
[max_cat_to_onehot: 4]
[top_k: 20]
[monotone_constraints: ]
[monotone_constraints_method: basic]
[monotone_penalty: 0]
[feature_contri: ]
[forcedsplits_filename: ]
[refit_decay_rate: 0.9]
[cegb_tradeoff: 1]
[cegb_penalty_split: 0]
[cegb_penalty_feature_lazy: ]
[cegb_penalty_feature_coupled: ]
[path_smooth: 0]
[interaction_constraints: ]
[verbosity: -1]
[saved_feature_importance_type: 0]
[use_quantized_grad: 0]
[num_grad_quant_bins: 4]
[quant_train_renew_leaf: 0]
[stochastic_rounding: 1]
[linear_tree: 0]
[max_bin: 255]
[max_bin_by_feature: ]
[min_data_in_bin: 3]
[bin_construct_sample_cnt: 200000]
[data_random_seed: 38]
[is_enable_sparse: 1]
[enable_bundle: 1]
[use_missing: 1]
[zero_as_missing: 0]
[feature_pre_filter: 1]
[pre_partition: 0]
[two_round: 0]
[header: 0]
[label_column: ]
[weight_column: ]
[group_column: ]
[ignore_column: ]
[categorical_feature: ]
[forcedbins_filename: ]
[precise_float_parser: 0]
[parser_config_file: ]
[objective_seed: 8855]
[num_class: 1]
[is_unbalance: 0]
[scale_pos_weight: 1]
[sigmoid: 1]
[boost_from_average: 1]
[reg_sqrt: 0]
[alpha: 0.9]
[fair_c: 1]
[poisson_max_delta_step: 0.7]
[tweedie_variance_power: 1.5]
[lambdarank_truncation_level: 30]
[lambdarank_norm: 1]
[label_gain: ]
[lambdarank_position_bias_regularization: 0]
[eval_at: ]
[multi_error_top_k: 1]
[auc_mu_weights: ]
[num_machines: 1]
[local_listen_port: 12400]
[time_out: 120]
[machine_list_filename: ]
[machines: ]
[gpu_platform_id: -1]
[gpu_device_id: -1]
[gpu_use_dp: 0]
[num_gpu: 1]

end of parameters

pandas_categorical:null
